cnpj;data_coleta;bandeira;semana_ref;observacoes
00345721000133;2026-01-02;IPIRANGA;2026-S01;
05349237000104;2026-01-02;VIBRA;2026-S01;
05609081000145;2026-01-02;VIBRA;2026-S01;
09369995000137;2026-01-02;BRANCA;2026-S01;
10223356000148;2026-01-02;IPIRANGA;2026-S01;ver com gerente
10331576000195;2026-01-02;IPIRANGA;2026-S01;
13602147000101;2026-01-02;IPIRANGA;2026-S01;
14509900000173;2026-01-02;BRANCA;2026-S01;
27303411000102;2026-01-02;IPIRANGA;2026-S01;
27303411000374;2026-01-02;ALE;2026-S01;
27664597000710;2026-01-02;IPIRANGA;2026-S01;
29937036000188;2026-01-02;BRANCA;2026-S01;
30578975000162;2026-01-02;IPIRANGA;2026-S01;
30690682000172;2026-01-02;IPIRANGA;2026-S01;
37361618000197;2026-01-02;BRANCA;2026-S01;
47674687000104;2026-01-02;ATLÂNTICA;2026-S01;
07470392000100;2026-01-05;RAIZEN;2026-S02;
10197775000152;2026-01-05;ATLÂNTICA;2026-S02;
17375525000104;2026-01-05;ALE;2026-S02;
00762780000298;2026-01-06;VIBRA;2026-S02;
01514752000133;2026-01-06;VIBRA;2026-S02;
01823633000162;2026-01-06;IPIRANGA;2026-S02;
04228463000166;2026-01-06;ATLÂNTICA;2026-S02;
04361389000151;2026-01-06;ALE;2026-S02;
04361389000232;2026-01-06;ALE;2026-S02;
04960337000100;2026-01-06;BRANCA;2026-S02;
04994796000104;2026-01-06;VIBRA;2026-S02;
05393247000139;2026-01-06;ALE;2026-S02;
05738923000169;2026-01-06;RAIZEN;2026-S02;
07571908000102;2026-01-06;VIBRA;2026-S02;
07830414000197;2026-01-06;RAIZEN;2026-S02;
08788618000170;2026-01-06;RAIZEN;2026-S02;
11222333000343;2026-01-06;BRANCA;2026-S02;
11222333000424;2026-01-06;BRANCA;2026-S02;
11942147000117;2026-01-06;ALE;2026-S02;
12535572000154;2026-01-06;IPIRANGA;2026-S02;
14806977000105;2026-01-06;IPIRANGA;2026-S02;
16577742000114;2026-01-06;VIBRA;2026-S02;
22356015000120;2026-01-06;IPIRANGA;2026-S02;
26980450000181;2026-01-06;VIBRA;2026-S02;
27066273000276;2026-01-06;BRANCA;2026-S02;
27493675000176;2026-01-06;BRANCA;2026-S02;
27664597000630;2026-01-06;ALE;2026-S02;ATUALIZAR!!
27664597000982;2026-01-06;IPIRANGA;2026-S02;
27734094000189;2026-01-06;RAIZEN;2026-S02;
28059632000140;2026-01-06;RAIZEN;2026-S02;
28413219000131;2026-01-06;VIBRA;2026-S02;
31465040000132;2026-01-06;IPIRANGA;2026-S02;
47674687000104;2026-01-06;ATLÂNTICA;2026-S02;
00580488000173;2026-01-07;IPIRANGA;2026-S02;preco conferido por telefone
01496517000186;2026-01-07;VIBRA;2026-S02;
01557127000179;2026-01-07;VIBRA;2026-S02;
02582857000192;2026-01-07;ATLÂNTICA;2026-S02;
04145589001149;2026-01-07;BRANCA;2026-S02;
04850382000101;2026-01-07;VIBRA;2026-S02;
05609081000145;2026-01-07;VIBRA;2026-S02;
05892261000187;2026-01-07;VIBRA;2026-S02;
06073382000160;2026-01-07;BRANCA;2026-S02;
09167931000153;2026-01-07;IPIRANGA;2026-S02;
09369995000137;2026-01-07;BRANCA;2026-S02;promo fim de semana?
10223356000148;2026-01-07;IPIRANGA;2026-S02;
10331576000195;2026-01-07;IPIRANGA;2026-S02;
10569345000114;2026-01-07;VIBRA;2026-S02;
11222333000181;2026-01-07;BRANCA;2026-S02;
11222333000505;2026-01-07;BRANCA;2026-S02;
13602147000101;2026-01-07;IPIRANGA;2026-S02;
13814642000176;2026-01-07;RAIZEN;2026-S02;
14509900000173;2026-01-07;BRANCA;2026-S02;
15010530000198;2026-01-07;RAIZEN;2026-S02;
15226314000184;2026-01-07;BRANCA;2026-S02;
23314250000100;2026-01-07;BRANCA;2026-S02;
24145665000151;2026-01-07;ATLÂNTICA;2026-S02;
27016518000170;2026-01-07;ALE;2026-S02;
27303411000374;2026-01-07;ALE;2026-S02;
27394378000173;2026-01-07;IPIRANGA;2026-S02;
27396415000182;2026-01-07;VIBRA;2026-S02;
27664597000710;2026-01-07;IPIRANGA;2026-S02;
27926384000124;2026-01-07;IPIRANGA;2026-S02;
28344206000158;2026-01-07;BRANCA;2026-S02;
29937036000188;2026-01-07;BRANCA;2026-S02;
30578975000162;2026-01-07;IPIRANGA;2026-S02;promo fim de semana?
36004950000131;2026-01-07;IPIRANGA;2026-S02;
36751443000161;2026-01-07;ALE;2026-S02;
37361618000197;2026-01-07;BRANCA;2026-S02;
42176421000118;2026-01-07;IPIRANGA;2026-S02;
45543915004683;2026-01-07;BRANCA;2026-S02;
01283262000173;2026-01-08;BRANCA;2026-S02;
01503536000192;2026-01-08;VIBRA;2026-S02;preco conferido por telefone
02583872000155;2026-01-08;VIBRA;2026-S02;
02665124000111;2026-01-08;RAIZEN;2026-S02;
02802986000149;2026-01-08;ATLÂNTICA;2026-S02;
03408609000192;2026-01-08;IPIRANGA;2026-S02;
03948877000369;2026-01-08;ALE;2026-S02;
04411606000170;2026-01-08;BRANCA;2026-S02;
04814652000110;2026-01-08;VIBRA;2026-S02;
05349237000104;2026-01-08;VIBRA;2026-S02;
05791319000104;2026-01-08;VIBRA;2026-S02;
07381843000124;2026-01-08;BRANCA;2026-S02;
08519545000110;2026-01-08;VIBRA;2026-S02;
08971375000100;2026-01-08;IPIRANGA;2026-S02;
09076862000172;2026-01-08;VIBRA;2026-S02;
10813831000136;2026-01-08;RAIZEN;2026-S02;
14096313000108;2026-01-08;RAIZEN;2026-S02;
20246670000108;2026-01-08;BRANCA;2026-S02;
20863591000138;2026-01-08;VIBRA;2026-S02;
21931941000119;2026-01-08;IPIRANGA;2026-S02;preco conferido por telefone
23238396000105;2026-01-08;ATLÂNTICA;2026-S02;
27020445000190;2026-01-08;VIBRA;2026-S02;
27020445000513;2026-01-08;VIBRA;2026-S02;preco conferido por telefone
27124023000164;2026-01-08;BRANCA;2026-S02;
27179654000342;2026-01-08;ATLÂNTICA;2026-S02;
27303411000102;2026-01-08;IPIRANGA;2026-S02;
27316819000119;2026-01-08;RAIZEN;2026-S02;
28505616000133;2026-01-08;VIBRA;2026-S02;
31284466000190;2026-01-08;RAIZEN;2026-S02;
32248017000159;2026-01-08;IPIRANGA;2026-S02;
36411940000200;2026-01-08;VIBRA;2026-S02;
39281274000131;2026-01-08;VIBRA;2026-S02;
01514752000133;2026-01-12;VIBRA;2026-S03;
01557127000179;2026-01-12;VIBRA;2026-S03;conferir bandeira
02567214000170;2026-01-12;IPIRANGA;2026-S03;
02802986000149;2026-01-12;ATLÂNTICA;2026-S03;ver com gerente
04228463000166;2026-01-12;ATLÂNTICA;2026-S03;
04960337000100;2026-01-12;BRANCA;2026-S03;
08788618000170;2026-01-12;RAIZEN;2026-S03;
09076862000172;2026-01-12;VIBRA;2026-S03;
09167931000153;2026-01-12;IPIRANGA;2026-S03;
11222333000262;2026-01-12;BRANCA;2026-S03;
11222333000343;2026-01-12;BRANCA;2026-S03;
11942147000117;2026-01-12;ALE;2026-S03;
14096313000108;2026-01-12;RAIZEN;2026-S03;
14806977000105;2026-01-12;IPIRANGA;2026-S03;preco conferido por telefone
15010530000198;2026-01-12;RAIZEN;2026-S03;
16577742000114;2026-01-12;VIBRA;2026-S03;
17753176000117;2026-01-12;ALE;2026-S03;
21246940000135;2026-01-12;VIBRA;2026-S03;
23238396000105;2026-01-12;ATLÂNTICA;2026-S03;
27020445000190;2026-01-12;VIBRA;2026-S03;
27020445000513;2026-01-12;VIBRA;2026-S03;
27066273000276;2026-01-12;BRANCA;2026-S03;
27316819000119;2026-01-12;RAIZEN;2026-S03;
28059632000140;2026-01-12;RAIZEN;2026-S03;
32248017000159;2026-01-12;IPIRANGA;2026-S03;
32467417000155;2026-01-12;VIBRA;2026-S03;
36336386000154;2026-01-12;IPIRANGA;2026-S03;
01823633000162;2026-01-13;IPIRANGA;2026-S03;
04361389000151;2026-01-13;ALE;2026-S03;
05738923000169;2026-01-13;RAIZEN;2026-S03;
12535572000154;2026-01-13;IPIRANGA;2026-S03;
22356015000120;2026-01-13;IPIRANGA;2026-S03;
00762780000298;2026-01-14;VIBRA;2026-S03;
01496517000186;2026-01-14;VIBRA;2026-S03;
01503536000192;2026-01-14;VIBRA;2026-S03;
04145589001149;2026-01-14;BRANCA;2026-S03;
04361389000232;2026-01-14;ALE;2026-S03;
04994796000104;2026-01-14;VIBRA;2026-S03;
05393247000139;2026-01-14;ALE;2026-S03;
07571908000102;2026-01-14;VIBRA;2026-S03;
08022304000161;2026-01-14;BRANCA;2026-S03;
10569345000114;2026-01-14;VIBRA;2026-S03;
11222333000424;2026-01-14;BRANCA;2026-S03;
26058218000190;2026-01-14;IPIRANGA;2026-S03;
26980450000181;2026-01-14;VIBRA;2026-S03;
27025907000161;2026-01-14;ALE;2026-S03;
27664597000630;2026-01-14;ALE;2026-S03;
27664597000982;2026-01-14;IPIRANGA;2026-S03;
27664597001288;2026-01-14;IPIRANGA;2026-S03;
27734094000189;2026-01-14;RAIZEN;2026-S03;
28037679000102;2026-01-14;RAIZEN;2026-S03;
31465040000132;2026-01-14;IPIRANGA;2026-S03;
34387806000104;2026-01-14;ALE;2026-S03;
00345721000133;2026-01-15;IPIRANGA;2026-S03;
00580488000173;2026-01-15;IPIRANGA;2026-S03;
02582857000192;2026-01-15;ATLÂNTICA;2026-S03;
03948877000369;2026-01-15;ALE;2026-S03;
04814652000110;2026-01-15;VIBRA;2026-S03;
05349237000104;2026-01-15;VIBRA;2026-S03;
05609081000145;2026-01-15;VIBRA;2026-S03;
05791319000104;2026-01-15;VIBRA;2026-S03;
07381843000124;2026-01-15;BRANCA;2026-S03;
08519545000110;2026-01-15;VIBRA;2026-S03;
08971375000100;2026-01-15;IPIRANGA;2026-S03;
09369995000137;2026-01-15;BRANCA;2026-S03;
10223356000148;2026-01-15;IPIRANGA;2026-S03;
10331576000195;2026-01-15;IPIRANGA;2026-S03;
10813831000136;2026-01-15;RAIZEN;2026-S03;
11222333000181;2026-01-15;BRANCA;2026-S03;
11222333000505;2026-01-15;BRANCA;2026-S03;
13602147000101;2026-01-15;IPIRANGA;2026-S03;
13814642000176;2026-01-15;RAIZEN;2026-S03;
14509900000173;2026-01-15;BRANCA;2026-S03;
15226314000184;2026-01-15;BRANCA;2026-S03;
20246670000108;2026-01-15;BRANCA;2026-S03;
24145665000151;2026-01-15;ATLÂNTICA;2026-S03;
27016518000170;2026-01-15;ALE;2026-S03;
27085240000192;2026-01-15;ALE;2026-S03;
27303411000102;2026-01-15;IPIRANGA;2026-S03;
27303411000374;2026-01-15;ALE;2026-S03;
27394378000173;2026-01-15;IPIRANGA;2026-S03;ATUALIZAR!!
27396415000182;2026-01-15;VIBRA;2026-S03;
27664597000710;2026-01-15;IPIRANGA;2026-S03;promo fim de semana?
27926384000124;2026-01-15;IPIRANGA;2026-S03;
28344206000158;2026-01-15;BRANCA;2026-S03;
29937036000188;2026-01-15;BRANCA;2026-S03;
30578975000162;2026-01-15;IPIRANGA;2026-S03;
30869047000157;2026-01-15;BRANCA;2026-S03;
36751443000161;2026-01-15;ALE;2026-S03;
37361618000197;2026-01-15;BRANCA;2026-S03;
00580488000173;2026-01-19;IPIRANGA;2026-S04;
02582857000192;2026-01-19;ATLÂNTICA;2026-S04;
04850382000101;2026-01-19;VIBRA;2026-S04;
05892261000187;2026-01-19;VIBRA;2026-S04;
06073382000160;2026-01-19;BRANCA;2026-S04;
11222333000181;2026-01-19;BRANCA;2026-S04;
11222333000505;2026-01-19;BRANCA;2026-S04;
13814642000176;2026-01-19;RAIZEN;2026-S04;
15010530000198;2026-01-19;RAIZEN;2026-S04;
15226314000184;2026-01-19;BRANCA;2026-S04;
17753176000117;2026-01-19;ALE;2026-S04;
18366697000184;2026-01-19;VIBRA;2026-S04;
23314250000100;2026-01-19;BRANCA;2026-S04;
24145665000151;2026-01-19;ATLÂNTICA;2026-S04;
27016518000170;2026-01-19;ALE;2026-S04;
27394378000173;2026-01-19;IPIRANGA;2026-S04;
27396415000182;2026-01-19;VIBRA;2026-S04;
27926384000124;2026-01-19;IPIRANGA;2026-S04;
28344206000158;2026-01-19;BRANCA;2026-S04;
34765133000170;2026-01-19;IPIRANGA;2026-S04;preco conferido por telefone
36004950000131;2026-01-19;IPIRANGA;2026-S04;
36336386000154;2026-01-19;IPIRANGA;2026-S04;
38530950000109;2026-01-19;BRANCA;2026-S04;
42176421000118;2026-01-19;IPIRANGA;2026-S04;
45543915004683;2026-01-19;BRANCA;2026-S04;
01514752000133;2026-01-20;VIBRA;2026-S04;
01823633000162;2026-01-20;IPIRANGA;2026-S04;
02567214000170;2026-01-20;IPIRANGA;2026-S04;
04228463000166;2026-01-20;ATLÂNTICA;2026-S04;
04361389000232;2026-01-20;ALE;2026-S04;
04960337000100;2026-01-20;BRANCA;2026-S04;
04994796000104;2026-01-20;VIBRA;2026-S04;
05393247000139;2026-01-20;ALE;2026-S04;
07470392000100;2026-01-20;RAIZEN;2026-S04;
07571908000102;2026-01-20;VIBRA;2026-S04;
08788618000170;2026-01-20;RAIZEN;2026-S04;
10197775000152;2026-01-20;ATLÂNTICA;2026-S04;
11222333000343;2026-01-20;BRANCA;2026-S04;
11222333000424;2026-01-20;BRANCA;2026-S04;
11942147000117;2026-01-20;ALE;2026-S04;
14806977000105;2026-01-20;IPIRANGA;2026-S04;
16577742000114;2026-01-20;VIBRA;2026-S04;
17375525000104;2026-01-20;ALE;2026-S04;
23305603000105;2026-01-20;VIBRA;2026-S04;
26058218000190;2026-01-20;IPIRANGA;2026-S04;
26980450000181;2026-01-20;VIBRA;2026-S04;
27025907000161;2026-01-20;ALE;2026-S04;
27066273000276;2026-01-20;BRANCA;2026-S04;
27664597001288;2026-01-20;IPIRANGA;2026-S04;
27734094000189;2026-01-20;RAIZEN;2026-S04;
28037679000102;2026-01-20;RAIZEN;2026-S04;
28059632000140;2026-01-20;RAIZEN;2026-S04;
00345721000133;2026-01-21;IPIRANGA;2026-S04;
09369995000137;2026-01-21;BRANCA;2026-S04;
29937036000188;2026-01-21;BRANCA;2026-S04;
30869047000157;2026-01-21;BRANCA;2026-S04;
01496517000186;2026-01-22;VIBRA;2026-S04;preco conferido por telefone
02468894000174;2026-01-22;VIBRA;2026-S04;
02802986000149;2026-01-22;ATLÂNTICA;2026-S04;
05609081000145;2026-01-22;VIBRA;2026-S04;
09076862000172;2026-01-22;VIBRA;2026-S04;
10223356000148;2026-01-22;IPIRANGA;2026-S04;
10331576000195;2026-01-22;IPIRANGA;2026-S04;
10813831000136;2026-01-22;RAIZEN;2026-S04;
14096313000108;2026-01-22;RAIZEN;2026-S04;
14509900000173;2026-01-22;BRANCA;2026-S04;
20246670000108;2026-01-22;BRANCA;2026-S04;
23238396000105;2026-01-22;ATLÂNTICA;2026-S04;
27020445000190;2026-01-22;VIBRA;2026-S04;
27020445000513;2026-01-22;VIBRA;2026-S04;
27085240000192;2026-01-22;ALE;2026-S04;
27316819000119;2026-01-22;RAIZEN;2026-S04;
27495696000120;2026-01-22;IPIRANGA;2026-S04;
27664597000710;2026-01-22;IPIRANGA;2026-S04;
30578975000162;2026-01-22;IPIRANGA;2026-S04;
32248017000159;2026-01-22;IPIRANGA;2026-S04;
00762780000298;2026-01-23;VIBRA;2026-S04;
01503536000192;2026-01-23;VIBRA;2026-S04;
03948877000369;2026-01-23;ALE;2026-S04;
08971375000100;2026-01-23;IPIRANGA;2026-S04;
27352004000195;2026-01-23;VIBRA;2026-S04;
27493675000176;2026-01-23;BRANCA;2026-S04;
27664597000630;2026-01-23;ALE;2026-S04;preco conferido por telefone
27664597000982;2026-01-23;IPIRANGA;2026-S04;
30538318000191;2026-01-23;RAIZEN;2026-S04;
36411940000200;2026-01-23;VIBRA;2026-S04;
47674687000104;2026-01-23;ATLÂNTICA;2026-S04;
01496517000186;2026-01-26;VIBRA;2026-S05;
01557127000179;2026-01-26;VIBRA;2026-S05;
02802986000149;2026-01-26;ATLÂNTICA;2026-S05;
07470392000100;2026-01-26;RAIZEN;2026-S05;
09076862000172;2026-01-26;VIBRA;2026-S05;
10197775000152;2026-01-26;ATLÂNTICA;2026-S05;
11222333000262;2026-01-26;BRANCA;2026-S05;
14096313000108;2026-01-26;RAIZEN;2026-S05;
15010530000198;2026-01-26;RAIZEN;2026-S05;
17375525000104;2026-01-26;ALE;2026-S05;
17753176000117;2026-01-26;ALE;2026-S05;
23238396000105;2026-01-26;ATLÂNTICA;2026-S05;
27020445000190;2026-01-26;VIBRA;2026-S05;
27020445000513;2026-01-26;VIBRA;2026-S05;
27316819000119;2026-01-26;RAIZEN;2026-S05;
32248017000159;2026-01-26;IPIRANGA;2026-S05;
00580488000173;2026-01-27;IPIRANGA;2026-S05;
01823633000162;2026-01-27;IPIRANGA;2026-S05;
02567214000170;2026-01-27;IPIRANGA;2026-S05;
02582857000192;2026-01-27;ATLÂNTICA;2026-S05;
04228463000166;2026-01-27;ATLÂNTICA;2026-S05;
04361389000151;2026-01-27;ALE;2026-S05;
04361389000232;2026-01-27;ALE;2026-S05;
04960337000100;2026-01-27;BRANCA;2026-S05;
04994796000104;2026-01-27;VIBRA;2026-S05;
05393247000139;2026-01-27;ALE;2026-S05;
05738923000169;2026-01-27;RAIZEN;2026-S05;
05892261000187;2026-01-27;VIBRA;2026-S05;
06073382000160;2026-01-27;BRANCA;2026-S05;conferir bandeira
07571908000102;2026-01-27;VIBRA;2026-S05;
07830414000197;2026-01-27;RAIZEN;2026-S05;
08022304000161;2026-01-27;IPIRANGA;2026-S05;
08788618000170;2026-01-27;RAIZEN;2026-S05;
09167931000153;2026-01-27;IPIRANGA;2026-S05;
10569345000114;2026-01-27;VIBRA;2026-S05;
10813831000136;2026-01-27;RAIZEN;2026-S05;
11222333000181;2026-01-27;BRANCA;2026-S05;
11222333000343;2026-01-27;BRANCA;2026-S05;
11222333000424;2026-01-27;BRANCA;2026-S05;
11222333000505;2026-01-27;BRANCA;2026-S05;
11942147000117;2026-01-27;ALE;2026-S05;
12535572000154;2026-01-27;IPIRANGA;2026-S05;
13814642000176;2026-01-27;RAIZEN;2026-S05;
15226314000184;2026-01-27;BRANCA;2026-S05;
18366697000184;2026-01-27;VIBRA;2026-S05;
21246940000135;2026-01-27;VIBRA;2026-S05;
22356015000120;2026-01-27;IPIRANGA;2026-S05;
24145665000151;2026-01-27;ATLÂNTICA;2026-S05;
26980450000181;2026-01-27;VIBRA;2026-S05;
27016518000170;2026-01-27;ALE;2026-S05;
27394378000173;2026-01-27;IPIRANGA;2026-S05;
27396415000182;2026-01-27;VIBRA;2026-S05;
27664597000710;2026-01-27;IPIRANGA;2026-S05;
27734094000189;2026-01-27;RAIZEN;2026-S05;
27926384000124;2026-01-27;IPIRANGA;2026-S05;
28344206000158;2026-01-27;BRANCA;2026-S05;
28413219000131;2026-01-27;VIBRA;2026-S05;
30869047000157;2026-01-27;BRANCA;2026-S05;ver com gerente
36751443000161;2026-01-27;ALE;2026-S05;
01503536000192;2026-01-28;VIBRA;2026-S05;
04145589001149;2026-01-28;BRANCA;2026-S05;
09369995000137;2026-01-28;BRANCA;2026-S05;
14806977000105;2026-01-28;IPIRANGA;2026-S05;
27066273000276;2026-01-28;BRANCA;2026-S05;
28059632000140;2026-01-28;RAIZEN;2026-S05;
28761038000104;2026-01-28;VIBRA;2026-S05;
29937036000188;2026-01-28;BRANCA;2026-S05;
31465040000132;2026-01-28;IPIRANGA;2026-S05;promo fim de semana?
03948877000369;2026-01-29;ALE;2026-S05;
04814652000110;2026-01-29;VIBRA;2026-S05;
05349237000104;2026-01-29;VIBRA;2026-S05;
05609081000145;2026-01-29;VIBRA;2026-S05;
07381843000124;2026-01-29;BRANCA;2026-S05;
08519545000110;2026-01-29;VIBRA;2026-S05;
08971375000100;2026-01-29;IPIRANGA;2026-S05;
10223356000148;2026-01-29;IPIRANGA;2026-S05;
10331576000195;2026-01-29;IPIRANGA;2026-S05;conferir bandeira
13602147000101;2026-01-29;IPIRANGA;2026-S05;
14509900000173;2026-01-29;BRANCA;2026-S05;
20246670000108;2026-01-29;BRANCA;2026-S05;
27085240000192;2026-01-29;ALE;2026-S05;
27303411000374;2026-01-29;ALE;2026-S05;
30578975000162;2026-01-29;IPIRANGA;2026-S05;
37361618000197;2026-01-29;BRANCA;2026-S05;
39814835000110;2026-01-29;VIBRA;2026-S05;
01514752000133;2026-02-02;VIBRA;2026-S06;
01823633000162;2026-02-02;IPIRANGA;2026-S06;
02567214000170;2026-02-02;IPIRANGA;2026-S06;
04145589001149;2026-02-02;BRANCA;2026-S06;
04228463000166;2026-02-02;ATLÂNTICA;2026-S06;
04361389000151;2026-02-02;ALE;2026-S06;
04960337000100;2026-02-02;BRANCA;2026-S06;
05738923000169;2026-02-02;RAIZEN;2026-S06;
09167931000153;2026-02-02;IPIRANGA;2026-S06;
11942147000117;2026-02-02;ALE;2026-S06;
12535572000154;2026-02-02;IPIRANGA;2026-S06;
22356015000120;2026-02-02;IPIRANGA;2026-S06;
28059632000140;2026-02-02;RAIZEN;2026-S06;
28413219000131;2026-02-02;VIBRA;2026-S06;
36309276000101;2026-02-02;VIBRA;2026-S06;
01496517000186;2026-02-03;VIBRA;2026-S06;
01557127000179;2026-02-03;VIBRA;2026-S06;
04361389000232;2026-02-03;ALE;2026-S06;
04994796000104;2026-02-03;VIBRA;2026-S06;
05393247000139;2026-02-03;ALE;2026-S06;
07470392000100;2026-02-03;RAIZEN;2026-S06;
07571908000102;2026-02-03;VIBRA;2026-S06;
10197775000152;2026-02-03;ATLÂNTICA;2026-S06;
14509900000173;2026-02-03;BRANCA;2026-S06;
15010530000198;2026-02-03;RAIZEN;2026-S06;
16577742000114;2026-02-03;VIBRA;2026-S06;
17375525000104;2026-02-03;ALE;2026-S06;
17753176000117;2026-02-03;ALE;2026-S06;
21246940000135;2026-02-03;VIBRA;2026-S06;
23305603000105;2026-02-03;VIBRA;2026-S06;
29326587000105;2026-02-03;VIBRA;2026-S06;
32311728000120;2026-02-03;ATLÂNTICA;2026-S06;
33869754000131;2026-02-03;RAIZEN;2026-S06;
35798964000101;2026-02-03;BRANCA;2026-S06;
39383880000168;2026-02-03;VIBRA;2026-S06;
01503536000192;2026-02-04;VIBRA;2026-S06;
04850382000101;2026-02-04;VIBRA;2026-S06;
05609081000145;2026-02-04;VIBRA;2026-S06;
08022304000161;2026-02-04;IPIRANGA;2026-S06;
10331576000195;2026-02-04;IPIRANGA;2026-S06;
10569345000114;2026-02-04;VIBRA;2026-S06;
13602147000101;2026-02-04;IPIRANGA;2026-S06;
23314250000100;2026-02-04;BRANCA;2026-S06;ver com gerente
00580488000173;2026-02-05;IPIRANGA;2026-S06;
02582857000192;2026-02-05;ATLÂNTICA;2026-S06;
02802986000149;2026-02-05;ATLÂNTICA;2026-S06;
05349237000104;2026-02-05;VIBRA;2026-S06;ATUALIZAR!!
05892261000187;2026-02-05;VIBRA;2026-S06;
06073382000160;2026-02-05;BRANCA;2026-S06;
09076862000172;2026-02-05;VIBRA;2026-S06;
10223356000148;2026-02-05;IPIRANGA;2026-S06;
10813831000136;2026-02-05;RAIZEN;2026-S06;
11222333000181;2026-02-05;BRANCA;2026-S06;
11222333000505;2026-02-05;BRANCA;2026-S06;
13814642000176;2026-02-05;RAIZEN;2026-S06;
14096313000108;2026-02-05;RAIZEN;2026-S06;
15226314000184;2026-02-05;BRANCA;2026-S06;
18366697000184;2026-02-05;VIBRA;2026-S06;
23238396000105;2026-02-05;ATLÂNTICA;2026-S06;
24145665000151;2026-02-05;ATLÂNTICA;2026-S06;
27016518000170;2026-02-05;ALE;2026-S06;
27020445000190;2026-02-05;VIBRA;2026-S06;
27020445000513;2026-02-05;VIBRA;2026-S06;
27303411000102;2026-02-05;IPIRANGA;2026-S06;
27303411000374;2026-02-05;ALE;2026-S06;
27316819000119;2026-02-05;RAIZEN;2026-S06;
27394378000173;2026-02-05;IPIRANGA;2026-S06;
27396415000182;2026-02-05;VIBRA;2026-S06;
27664597000710;2026-02-05;IPIRANGA;2026-S06;
27926384000124;2026-02-05;IPIRANGA;2026-S06;
28344206000158;2026-02-05;BRANCA;2026-S06;conferir bandeira
30578975000162;2026-02-05;IPIRANGA;2026-S06;
30869047000157;2026-02-05;BRANCA;2026-S06;
32248017000159;2026-02-05;IPIRANGA;2026-S06;conferir bandeira
36751443000161;2026-02-05;ALE;2026-S06;
37361618000197;2026-02-05;BRANCA;2026-S06;
01503536000192;2026-02-09;VIBRA;2026-S07;
01557127000179;2026-02-09;VIBRA;2026-S07;
02802986000149;2026-02-09;ATLÂNTICA;2026-S07;
04960337000100;2026-02-09;BRANCA;2026-S07;
08022304000161;2026-02-09;IPIRANGA;2026-S07;
09076862000172;2026-02-09;VIBRA;2026-S07;ATUALIZAR!!
10569345000114;2026-02-09;VIBRA;2026-S07;
11222333000262;2026-02-09;BRANCA;2026-S07;
14096313000108;2026-02-09;RAIZEN;2026-S07;
15010530000198;2026-02-09;RAIZEN;2026-S07;
17753176000117;2026-02-09;ALE;2026-S07;
23238396000105;2026-02-09;ATLÂNTICA;2026-S07;
27020445000190;2026-02-09;VIBRA;2026-S07;
27020445000513;2026-02-09;VIBRA;2026-S07;
27316819000119;2026-02-09;RAIZEN;2026-S07;
32248017000159;2026-02-09;IPIRANGA;2026-S07;
36336386000154;2026-02-09;IPIRANGA;2026-S07;
39343553000182;2026-02-09;ATLÂNTICA;2026-S07;
45543915004683;2026-02-09;BRANCA;2026-S07;
00345721000133;2026-02-10;IPIRANGA;2026-S07;
01496517000186;2026-02-10;VIBRA;2026-S07;
01823633000162;2026-02-10;IPIRANGA;2026-S07;
02567214000170;2026-02-10;IPIRANGA;2026-S07;
04228463000166;2026-02-10;ATLÂNTICA;2026-S07;
04361389000151;2026-02-10;ALE;2026-S07;
05349237000104;2026-02-10;VIBRA;2026-S07;
05738923000169;2026-02-10;RAIZEN;2026-S07;
08788618000170;2026-02-10;RAIZEN;2026-S07;
09167931000153;2026-02-10;IPIRANGA;2026-S07;
11222333000343;2026-02-10;BRANCA;2026-S07;
11942147000117;2026-02-10;ALE;2026-S07;
12535572000154;2026-02-10;IPIRANGA;2026-S07;
13602147000101;2026-02-10;IPIRANGA;2026-S07;
14509900000173;2026-02-10;BRANCA;2026-S07;
14806977000105;2026-02-10;IPIRANGA;2026-S07;
16577742000114;2026-02-10;VIBRA;2026-S07;
21246940000135;2026-02-10;VIBRA;2026-S07;
22356015000120;2026-02-10;IPIRANGA;2026-S07;
27066273000276;2026-02-10;BRANCA;2026-S07;
27303411000102;2026-02-10;IPIRANGA;2026-S07;
28059632000140;2026-02-10;RAIZEN;2026-S07;
28413219000131;2026-02-10;VIBRA;2026-S07;
32467417000155;2026-02-10;VIBRA;2026-S07;
39383377000102;2026-02-10;BRANCA;2026-S07;
04361389000232;2026-02-11;ALE;2026-S07;
04994796000104;2026-02-11;VIBRA;2026-S07;
05393247000139;2026-02-11;ALE;2026-S07;
07470392000100;2026-02-11;RAIZEN;2026-S07;
07571908000102;2026-02-11;VIBRA;2026-S07;
07830414000197;2026-02-11;RAIZEN;2026-S07;
10197775000152;2026-02-11;ATLÂNTICA;2026-S07;
10813831000136;2026-02-11;RAIZEN;2026-S07;
11222333000424;2026-02-11;BRANCA;2026-S07;
17375525000104;2026-02-11;ALE;2026-S07;
26980450000181;2026-02-11;VIBRA;2026-S07;
27734094000189;2026-02-11;RAIZEN;2026-S07;
00580488000173;2026-02-12;IPIRANGA;2026-S07;
02582857000192;2026-02-12;ATLÂNTICA;2026-S07;
02583872000155;2026-02-12;VIBRA;2026-S07;
04411606000170;2026-02-12;BRANCA;2026-S07;
05791319000104;2026-02-12;VIBRA;2026-S07;
08519545000110;2026-02-12;VIBRA;2026-S07;
08971375000100;2026-02-12;IPIRANGA;2026-S07;
11222333000181;2026-02-12;BRANCA;2026-S07;
11222333000505;2026-02-12;BRANCA;2026-S07;
13814642000176;2026-02-12;RAIZEN;2026-S07;
15226314000184;2026-02-12;BRANCA;2026-S07;
20246670000108;2026-02-12;BRANCA;2026-S07;
21931941000119;2026-02-12;IPIRANGA;2026-S07;
27085240000192;2026-02-12;ALE;2026-S07;
27124023000164;2026-02-12;BRANCA;2026-S07;conferir bandeira
27352004000195;2026-02-12;VIBRA;2026-S07;
27926384000124;2026-02-12;IPIRANGA;2026-S07;
29986296000143;2026-02-12;RAIZEN;2026-S07;
31815194000107;2026-02-12;BRANCA;2026-S07;
38023401000130;2026-02-12;ALE;2026-S07;
39275615000166;2026-02-12;BRANCA;2026-S07;
39277771000166;2026-02-12;RAIZEN;2026-S07;
02806627000160;2026-02-13;RAIZEN;2026-S07;
05609081000145;2026-02-13;VIBRA;2026-S07;
10223356000148;2026-02-13;IPIRANGA;2026-S07;
10331576000195;2026-02-13;IPIRANGA;2026-S07;
18526631000104;2026-02-13;RAIZEN;2026-S07;
00345721000133;2026-02-16;IPIRANGA;2026-S08;
01557127000179;2026-02-16;VIBRA;2026-S08;
01823633000162;2026-02-16;IPIRANGA;2026-S08;
03348196000106;2026-02-16;VIBRA;2026-S08;
04361389000151;2026-02-16;ALE;2026-S08;
05738923000169;2026-02-16;RAIZEN;2026-S08;
08022304000161;2026-02-16;IPIRANGA;2026-S08;
09167931000153;2026-02-16;IPIRANGA;2026-S08;
10569345000114;2026-02-16;VIBRA;2026-S08;
12535572000154;2026-02-16;IPIRANGA;2026-S08;
17753176000117;2026-02-16;ALE;2026-S08;
22356015000120;2026-02-16;IPIRANGA;2026-S08;
27664597000710;2026-02-16;IPIRANGA;2026-S08;
30690682000172;2026-02-16;IPIRANGA;2026-S08;
30869047000157;2026-02-16;BRANCA;2026-S08;
31727338000173;2026-02-16;RAIZEN;2026-S08;
36751443000161;2026-02-16;ALE;2026-S08;
39343553000182;2026-02-16;ATLÂNTICA;2026-S08;
47674687000104;2026-02-16;ATLÂNTICA;2026-S08;
01496517000186;2026-02-17;VIBRA;2026-S08;
01514752000133;2026-02-17;VIBRA;2026-S08;
02567214000170;2026-02-17;IPIRANGA;2026-S08;
04228463000166;2026-02-17;ATLÂNTICA;2026-S08;conferir bandeira
04361389000232;2026-02-17;ALE;2026-S08;
04960337000100;2026-02-17;BRANCA;2026-S08;
04994796000104;2026-02-17;VIBRA;2026-S08;
05393247000139;2026-02-17;ALE;2026-S08;
07830414000197;2026-02-17;RAIZEN;2026-S08;
08788618000170;2026-02-17;RAIZEN;2026-S08;
11222333000343;2026-02-17;BRANCA;2026-S08;
11222333000424;2026-02-17;BRANCA;2026-S08;
11942147000117;2026-02-17;ALE;2026-S08;
14806977000105;2026-02-17;IPIRANGA;2026-S08;
26058218000190;2026-02-17;IPIRANGA;2026-S08;
26980450000181;2026-02-17;VIBRA;2026-S08;
27664597001288;2026-02-17;IPIRANGA;2026-S08;
29937036000188;2026-02-17;BRANCA;2026-S08;
33869754000131;2026-02-17;RAIZEN;2026-S08;
38530950000109;2026-02-17;BRANCA;2026-S08;
39383880000168;2026-02-17;VIBRA;2026-S08;
39400494000137;2026-02-17;VIBRA;2026-S08;
02802986000149;2026-02-18;ATLÂNTICA;2026-S08;
02806627000160;2026-02-18;RAIZEN;2026-S08;
04145589001149;2026-02-18;BRANCA;2026-S08;
05609081000145;2026-02-18;VIBRA;2026-S08;conferir bandeira
09076862000172;2026-02-18;VIBRA;2026-S08;
10223356000148;2026-02-18;IPIRANGA;2026-S08;
10331576000195;2026-02-18;IPIRANGA;2026-S08;
13602147000101;2026-02-18;IPIRANGA;2026-S08;
14096313000108;2026-02-18;RAIZEN;2026-S08;
14509900000173;2026-02-18;BRANCA;2026-S08;ver com gerente
15010530000198;2026-02-18;RAIZEN;2026-S08;
18526631000104;2026-02-18;RAIZEN;2026-S08;
27020445000190;2026-02-18;VIBRA;2026-S08;
27020445000513;2026-02-18;VIBRA;2026-S08;
27316819000119;2026-02-18;RAIZEN;2026-S08;
30578975000162;2026-02-18;IPIRANGA;2026-S08;
32248017000159;2026-02-18;IPIRANGA;2026-S08;
34034823000150;2026-02-18;IPIRANGA;2026-S08;
36675989000180;2026-02-18;BRANCA;2026-S08;
01503536000192;2026-02-19;VIBRA;2026-S08;
03948877000369;2026-02-19;ALE;2026-S08;
04814652000110;2026-02-19;VIBRA;2026-S08;
04850382000101;2026-02-19;VIBRA;2026-S08;
05349237000104;2026-02-19;VIBRA;2026-S08;
07381843000124;2026-02-19;BRANCA;2026-S08;
07470392000100;2026-02-19;RAIZEN;2026-S08;
08519545000110;2026-02-19;VIBRA;2026-S08;
08971375000100;2026-02-19;IPIRANGA;2026-S08;
10813831000136;2026-02-19;RAIZEN;2026-S08;
27303411000102;2026-02-19;IPIRANGA;2026-S08;
37361618000197;2026-02-19;BRANCA;2026-S08;
39814835000110;2026-02-19;VIBRA;2026-S08;
00580488000173;2026-02-20;IPIRANGA;2026-S08;
02582857000192;2026-02-20;ATLÂNTICA;2026-S08;
05892261000187;2026-02-20;VIBRA;2026-S08;
06073382000160;2026-02-20;BRANCA;2026-S08;
11222333000181;2026-02-20;BRANCA;2026-S08;
11222333000505;2026-02-20;BRANCA;2026-S08;
15226314000184;2026-02-20;BRANCA;2026-S08;
18366697000184;2026-02-20;VIBRA;2026-S08;
24145665000151;2026-02-20;ATLÂNTICA;2026-S08;
27016518000170;2026-02-20;ALE;2026-S08;
27394378000173;2026-02-20;IPIRANGA;2026-S08;
27396415000182;2026-02-20;VIBRA;2026-S08;
27926384000124;2026-02-20;IPIRANGA;2026-S08;
28344206000158;2026-02-20;BRANCA;2026-S08;
29986296000143;2026-02-20;RAIZEN;2026-S08;
01823633000162;2026-02-23;IPIRANGA;2026-S09;
02567214000170;2026-02-23;IPIRANGA;2026-S09;
02802986000149;2026-02-23;ATLÂNTICA;2026-S09;
04228463000166;2026-02-23;ATLÂNTICA;2026-S09;
07470392000100;2026-02-23;RAIZEN;2026-S09;
07571908000102;2026-02-23;VIBRA;2026-S09;
08788618000170;2026-02-23;RAIZEN;2026-S09;
09076862000172;2026-02-23;VIBRA;2026-S09;
10197775000152;2026-02-23;ATLÂNTICA;2026-S09;
11222333000262;2026-02-23;BRANCA;2026-S09;
11222333000343;2026-02-23;BRANCA;2026-S09;
11942147000117;2026-02-23;ALE;2026-S09;
14096313000108;2026-02-23;RAIZEN;2026-S09;
14806977000105;2026-02-23;IPIRANGA;2026-S09;
15010530000198;2026-02-23;RAIZEN;2026-S09;
17375525000104;2026-02-23;ALE;2026-S09;
17753176000117;2026-02-23;ALE;2026-S09;preco conferido por telefone
23238396000105;2026-02-23;ATLÂNTICA;2026-S09;
23305603000105;2026-02-23;VIBRA;2026-S09;
26980450000181;2026-02-23;VIBRA;2026-S09;
27020445000190;2026-02-23;VIBRA;2026-S09;
27020445000513;2026-02-23;VIBRA;2026-S09;
27066273000276;2026-02-23;BRANCA;2026-S09;
27316819000119;2026-02-23;RAIZEN;2026-S09;
27734094000189;2026-02-23;RAIZEN;2026-S09;
28059632000140;2026-02-23;RAIZEN;2026-S09;
28413219000131;2026-02-23;VIBRA;2026-S09;
28761038000104;2026-02-23;VIBRA;2026-S09;
29326587000105;2026-02-23;VIBRA;2026-S09;
32248017000159;2026-02-23;IPIRANGA;2026-S09;
01503536000192;2026-02-24;VIBRA;2026-S09;
04145589001149;2026-02-24;BRANCA;2026-S09;
04361389000151;2026-02-24;ALE;2026-S09;
04361389000232;2026-02-24;ALE;2026-S09;
04994796000104;2026-02-24;VIBRA;2026-S09;
05393247000139;2026-02-24;ALE;2026-S09;
05738923000169;2026-02-24;RAIZEN;2026-S09;
07830414000197;2026-02-24;RAIZEN;2026-S09;
08022304000161;2026-02-24;IPIRANGA;2026-S09;
10569345000114;2026-02-24;VIBRA;2026-S09;
12535572000154;2026-02-24;IPIRANGA;2026-S09;ATUALIZAR!!
13602147000101;2026-02-24;IPIRANGA;2026-S09;
22356015000120;2026-02-24;IPIRANGA;2026-S09;
31465040000132;2026-02-24;IPIRANGA;2026-S09;
32467417000155;2026-02-24;VIBRA;2026-S09;
00580488000173;2026-02-25;IPIRANGA;2026-S09;
05892261000187;2026-02-25;VIBRA;2026-S09;
06073382000160;2026-02-25;BRANCA;2026-S09;
10813831000136;2026-02-25;RAIZEN;2026-S09;ver com gerente
11222333000181;2026-02-25;BRANCA;2026-S09;
11222333000505;2026-02-25;BRANCA;2026-S09;
13814642000176;2026-02-25;RAIZEN;2026-S09;conferir bandeira
15226314000184;2026-02-25;BRANCA;2026-S09;
18366697000184;2026-02-25;VIBRA;2026-S09;
24145665000151;2026-02-25;ATLÂNTICA;2026-S09;
27016518000170;2026-02-25;ALE;2026-S09;
27303411000374;2026-02-25;ALE;2026-S09;
27394378000173;2026-02-25;IPIRANGA;2026-S09;
27396415000182;2026-02-25;VIBRA;2026-S09;
27926384000124;2026-02-25;IPIRANGA;2026-S09;
28344206000158;2026-02-25;BRANCA;2026-S09;
29986296000143;2026-02-25;RAIZEN;2026-S09;
37361618000197;2026-02-25;BRANCA;2026-S09;
03948877000369;2026-02-26;ALE;2026-S09;
04814652000110;2026-02-26;VIBRA;2026-S09;
04850382000101;2026-02-26;VIBRA;2026-S09;
05791319000104;2026-02-26;VIBRA;2026-S09;
07381843000124;2026-02-26;BRANCA;2026-S09;
08519545000110;2026-02-26;VIBRA;2026-S09;
08971375000100;2026-02-26;IPIRANGA;2026-S09;
14509900000173;2026-02-26;BRANCA;2026-S09;
20246670000108;2026-02-26;BRANCA;2026-S09;
21246940000135;2026-02-26;VIBRA;2026-S09;
23314250000100;2026-02-26;BRANCA;2026-S09;
27085240000192;2026-02-26;ALE;2026-S09;
09369995000137;2026-02-27;BRANCA;2026-S09;
30869047000157;2026-02-27;BRANCA;2026-S09;
00580488000173;2026-03-02;IPIRANGA;2026-S10;
01514752000133;2026-03-02;VIBRA;2026-S10;
01823633000162;2026-03-02;IPIRANGA;2026-S10;
02567214000170;2026-03-02;IPIRANGA;2026-S10;
02582857000192;2026-03-02;ATLÂNTICA;2026-S10;
04228463000166;2026-03-02;ATLÂNTICA;2026-S10;
04361389000151;2026-03-02;ALE;2026-S10;
04960337000100;2026-03-02;BRANCA;2026-S10;
05738923000169;2026-03-02;RAIZEN;2026-S10;
05892261000187;2026-03-02;VIBRA;2026-S10;
06073382000160;2026-03-02;BRANCA;2026-S10;
07571908000102;2026-03-02;VIBRA;2026-S10;
08788618000170;2026-03-02;RAIZEN;2026-S10;
10813831000136;2026-03-02;RAIZEN;2026-S10;
11222333000181;2026-03-02;BRANCA;2026-S10;
11222333000343;2026-03-02;BRANCA;2026-S10;
11222333000505;2026-03-02;BRANCA;2026-S10;
12535572000154;2026-03-02;IPIRANGA;2026-S10;
13814642000176;2026-03-02;RAIZEN;2026-S10;
14806977000105;2026-03-02;IPIRANGA;2026-S10;
15226314000184;2026-03-02;BRANCA;2026-S10;
16577742000114;2026-03-02;VIBRA;2026-S10;
18366697000184;2026-03-02;VIBRA;2026-S10;
22356015000120;2026-03-02;IPIRANGA;2026-S10;
24145665000151;2026-03-02;ATLÂNTICA;2026-S10;
26980450000181;2026-03-02;VIBRA;2026-S10;
27016518000170;2026-03-02;ALE;2026-S10;
27025907000161;2026-03-02;ALE;2026-S10;
27394378000173;2026-03-02;IPIRANGA;2026-S10;
27396415000182;2026-03-02;VIBRA;2026-S10;
27664597001288;2026-03-02;IPIRANGA;2026-S10;
27734094000189;2026-03-02;RAIZEN;2026-S10;
27926384000124;2026-03-02;IPIRANGA;2026-S10;
28037679000102;2026-03-02;RAIZEN;2026-S10;
28344206000158;2026-03-02;BRANCA;2026-S10;
28413219000131;2026-03-02;VIBRA;2026-S10;
28761038000104;2026-03-02;VIBRA;2026-S10;
31727338000173;2026-03-02;RAIZEN;2026-S10;
36336386000154;2026-03-02;IPIRANGA;2026-S10;
38530950000109;2026-03-02;BRANCA;2026-S10;
45543915004683;2026-03-02;BRANCA;2026-S10;
03948877000369;2026-03-03;ALE;2026-S10;
04145589001149;2026-03-03;BRANCA;2026-S10;
04361389000232;2026-03-03;ALE;2026-S10;
04814652000110;2026-03-03;VIBRA;2026-S10;
04994796000104;2026-03-03;VIBRA;2026-S10;
05393247000139;2026-03-03;ALE;2026-S10;
05791319000104;2026-03-03;VIBRA;2026-S10;
07381843000124;2026-03-03;BRANCA;2026-S10;
08022304000161;2026-03-03;IPIRANGA;2026-S10;
08519545000110;2026-03-03;VIBRA;2026-S10;
08971375000100;2026-03-03;IPIRANGA;2026-S10;
10569345000114;2026-03-03;VIBRA;2026-S10;conferir bandeira
20246670000108;2026-03-03;BRANCA;2026-S10;
26058218000190;2026-03-03;IPIRANGA;2026-S10;
27085240000192;2026-03-03;ALE;2026-S10;
31465040000132;2026-03-03;IPIRANGA;2026-S10;
34387806000104;2026-03-03;ALE;2026-S10;
36675989000180;2026-03-03;BRANCA;2026-S10;
39383377000102;2026-03-03;BRANCA;2026-S10;
01283262000173;2026-03-04;BRANCA;2026-S10;
05609081000145;2026-03-04;VIBRA;2026-S10;
10223356000148;2026-03-04;IPIRANGA;2026-S10;
10331576000195;2026-03-04;IPIRANGA;2026-S10;
13602147000101;2026-03-04;IPIRANGA;2026-S10;
14509900000173;2026-03-04;BRANCA;2026-S10;
21931941000119;2026-03-04;IPIRANGA;2026-S10;
27179654000342;2026-03-04;ATLÂNTICA;2026-S10;
30578975000162;2026-03-04;IPIRANGA;2026-S10;
31284466000190;2026-03-04;RAIZEN;2026-S10;
01557127000179;2026-03-05;VIBRA;2026-S10;
05349237000104;2026-03-05;VIBRA;2026-S10;
09076862000172;2026-03-05;VIBRA;2026-S10;
11222333000262;2026-03-05;BRANCA;2026-S10;
14096313000108;2026-03-05;RAIZEN;2026-S10;
15010530000198;2026-03-05;RAIZEN;2026-S10;
23238396000105;2026-03-05;ATLÂNTICA;2026-S10;
27020445000190;2026-03-05;VIBRA;2026-S10;
27020445000513;2026-03-05;VIBRA;2026-S10;
27303411000102;2026-03-05;IPIRANGA;2026-S10;
27303411000374;2026-03-05;ALE;2026-S10;
27316819000119;2026-03-05;RAIZEN;2026-S10;
32248017000159;2026-03-05;IPIRANGA;2026-S10;
34034823000150;2026-03-05;IPIRANGA;2026-S10;
37361618000197;2026-03-05;BRANCA;2026-S10;
01496517000186;2026-03-09;VIBRA;2026-S11;
01514752000133;2026-03-09;VIBRA;2026-S11;promo fim de semana?
01557127000179;2026-03-09;VIBRA;2026-S11;promo fim de semana?
02567214000170;2026-03-09;IPIRANGA;2026-S11;
02802986000149;2026-03-09;ATLÂNTICA;2026-S11;
04228463000166;2026-03-09;ATLÂNTICA;2026-S11;
04960337000100;2026-03-09;BRANCA;2026-S11;
07470392000100;2026-03-09;RAIZEN;2026-S11;
07571908000102;2026-03-09;VIBRA;2026-S11;
08788618000170;2026-03-09;RAIZEN;2026-S11;
09076862000172;2026-03-09;VIBRA;2026-S11;
10197775000152;2026-03-09;ATLÂNTICA;2026-S11;
11222333000262;2026-03-09;BRANCA;2026-S11;
11942147000117;2026-03-09;ALE;2026-S11;
14096313000108;2026-03-09;RAIZEN;2026-S11;
14806977000105;2026-03-09;IPIRANGA;2026-S11;
16577742000114;2026-03-09;VIBRA;2026-S11;
17375525000104;2026-03-09;ALE;2026-S11;preco conferido por telefone
23238396000105;2026-03-09;ATLÂNTICA;2026-S11;
23305603000105;2026-03-09;VIBRA;2026-S11;
26980450000181;2026-03-09;VIBRA;2026-S11;
27020445000190;2026-03-09;VIBRA;2026-S11;
27020445000513;2026-03-09;VIBRA;2026-S11;
27066273000276;2026-03-09;BRANCA;2026-S11;
27316819000119;2026-03-09;RAIZEN;2026-S11;
27734094000189;2026-03-09;RAIZEN;2026-S11;
28059632000140;2026-03-09;RAIZEN;2026-S11;
28413219000131;2026-03-09;VIBRA;2026-S11;
32248017000159;2026-03-09;IPIRANGA;2026-S11;
36336386000154;2026-03-09;IPIRANGA;2026-S11;
38530950000109;2026-03-09;BRANCA;2026-S11;
45543915004683;2026-03-09;BRANCA;2026-S11;
01823633000162;2026-03-10;IPIRANGA;2026-S11;
04361389000151;2026-03-10;ALE;2026-S11;
04361389000232;2026-03-10;ALE;2026-S11;
04994796000104;2026-03-10;VIBRA;2026-S11;
05393247000139;2026-03-10;ALE;2026-S11;
05738923000169;2026-03-10;RAIZEN;2026-S11;
11222333000424;2026-03-10;BRANCA;2026-S11;
12535572000154;2026-03-10;IPIRANGA;2026-S11;
22356015000120;2026-03-10;IPIRANGA;2026-S11;
10813831000136;2026-03-11;RAIZEN;2026-S11;
15010530000198;2026-03-11;RAIZEN;2026-S11;
17753176000117;2026-03-11;ALE;2026-S11;
21246940000135;2026-03-11;VIBRA;2026-S11;
00580488000173;2026-03-12;IPIRANGA;2026-S11;
02582857000192;2026-03-12;ATLÂNTICA;2026-S11;
03948877000369;2026-03-12;ALE;2026-S11;
04814652000110;2026-03-12;VIBRA;2026-S11;
05791319000104;2026-03-12;VIBRA;2026-S11;
05892261000187;2026-03-12;VIBRA;2026-S11;
06073382000160;2026-03-12;BRANCA;2026-S11;
07381843000124;2026-03-12;BRANCA;2026-S11;
08022304000161;2026-03-12;IPIRANGA;2026-S11;
08519545000110;2026-03-12;VIBRA;2026-S11;
08971375000100;2026-03-12;IPIRANGA;2026-S11;
11222333000181;2026-03-12;BRANCA;2026-S11;
11222333000505;2026-03-12;BRANCA;2026-S11;
13814642000176;2026-03-12;RAIZEN;2026-S11;
15226314000184;2026-03-12;BRANCA;2026-S11;
20246670000108;2026-03-12;BRANCA;2026-S11;
24145665000151;2026-03-12;ATLÂNTICA;2026-S11;
27016518000170;2026-03-12;ALE;2026-S11;
27085240000192;2026-03-12;ALE;2026-S11;
27394378000173;2026-03-12;IPIRANGA;2026-S11;
27396415000182;2026-03-12;VIBRA;2026-S11;
27926384000124;2026-03-12;IPIRANGA;2026-S11;
28344206000158;2026-03-12;BRANCA;2026-S11;
01503536000192;2026-03-13;VIBRA;2026-S11;
04145589001149;2026-03-13;BRANCA;2026-S11;
04850382000101;2026-03-13;VIBRA;2026-S11;
01496517000186;2026-03-16;VIBRA;2026-S12;
01514752000133;2026-03-16;VIBRA;2026-S12;
01557127000179;2026-03-16;VIBRA;2026-S12;
01823633000162;2026-03-16;IPIRANGA;2026-S12;
02567214000170;2026-03-16;IPIRANGA;2026-S12;
03948877000369;2026-03-16;ALE;2026-S12;
04361389000151;2026-03-16;ALE;2026-S12;
04814652000110;2026-03-16;VIBRA;2026-S12;
04960337000100;2026-03-16;BRANCA;2026-S12;
05738923000169;2026-03-16;RAIZEN;2026-S12;
07381843000124;2026-03-16;BRANCA;2026-S12;
07571908000102;2026-03-16;VIBRA;2026-S12;ATUALIZAR!!
08519545000110;2026-03-16;VIBRA;2026-S12;
08788618000170;2026-03-16;RAIZEN;2026-S12;
08971375000100;2026-03-16;IPIRANGA;2026-S12;
11942147000117;2026-03-16;ALE;2026-S12;
12535572000154;2026-03-16;IPIRANGA;2026-S12;
14806977000105;2026-03-16;IPIRANGA;2026-S12;
15010530000198;2026-03-16;RAIZEN;2026-S12;
16577742000114;2026-03-16;VIBRA;2026-S12;
17753176000117;2026-03-16;ALE;2026-S12;
20246670000108;2026-03-16;BRANCA;2026-S12;
22356015000120;2026-03-16;IPIRANGA;2026-S12;
26980450000181;2026-03-16;VIBRA;2026-S12;
27066273000276;2026-03-16;BRANCA;2026-S12;
27085240000192;2026-03-16;ALE;2026-S12;
27352004000195;2026-03-16;VIBRA;2026-S12;
27734094000189;2026-03-16;RAIZEN;2026-S12;ATUALIZAR!!
28059632000140;2026-03-16;RAIZEN;2026-S12;
28413219000131;2026-03-16;VIBRA;2026-S12;
29326587000105;2026-03-16;VIBRA;2026-S12;
00580488000173;2026-03-17;IPIRANGA;2026-S12;
01503536000192;2026-03-17;VIBRA;2026-S12;
02582857000192;2026-03-17;ATLÂNTICA;2026-S12;
04361389000232;2026-03-17;ALE;2026-S12;
04994796000104;2026-03-17;VIBRA;2026-S12;
05393247000139;2026-03-17;ALE;2026-S12;
05892261000187;2026-03-17;VIBRA;2026-S12;
06073382000160;2026-03-17;BRANCA;2026-S12;
07470392000100;2026-03-17;RAIZEN;2026-S12;
08022304000161;2026-03-17;IPIRANGA;2026-S12;preco conferido por telefone
09167931000153;2026-03-17;IPIRANGA;2026-S12;
10197775000152;2026-03-17;ATLÂNTICA;2026-S12;
10569345000114;2026-03-17;VIBRA;2026-S12;
10813831000136;2026-03-17;RAIZEN;2026-S12;
11222333000181;2026-03-17;BRANCA;2026-S12;
11222333000424;2026-03-17;BRANCA;2026-S12;
11222333000505;2026-03-17;BRANCA;2026-S12;
13814642000176;2026-03-17;RAIZEN;2026-S12;
15226314000184;2026-03-17;BRANCA;2026-S12;
17375525000104;2026-03-17;ALE;2026-S12;
18366697000184;2026-03-17;VIBRA;2026-S12;
21246940000135;2026-03-17;VIBRA;2026-S12;
23305603000105;2026-03-17;VIBRA;2026-S12;
24145665000151;2026-03-17;ATLÂNTICA;2026-S12;
27016518000170;2026-03-17;BRANCA;2026-S12;
27394378000173;2026-03-17;IPIRANGA;2026-S12;
27396415000182;2026-03-17;VIBRA;2026-S12;
27926384000124;2026-03-17;IPIRANGA;2026-S12;
28344206000158;2026-03-17;BRANCA;2026-S12;
30869047000157;2026-03-17;BRANCA;2026-S12;
04145589001149;2026-03-18;BRANCA;2026-S12;
04850382000101;2026-03-18;VIBRA;2026-S12;
23314250000100;2026-03-18;BRANCA;2026-S12;
02802986000149;2026-03-19;ATLÂNTICA;2026-S12;
09076862000172;2026-03-19;VIBRA;2026-S12;
14096313000108;2026-03-19;RAIZEN;2026-S12;
23238396000105;2026-03-19;ATLÂNTICA;2026-S12;
27020445000190;2026-03-19;VIBRA;2026-S12;
27020445000513;2026-03-19;VIBRA;2026-S12;
32248017000159;2026-03-19;IPIRANGA;2026-S12;
34034823000150;2026-03-19;IPIRANGA;2026-S12;
00580488000173;2026-03-23;IPIRANGA;2026-S13;
01514752000133;2026-03-23;VIBRA;2026-S13;
01557127000179;2026-03-23;VIBRA;2026-S13;
01823633000162;2026-03-23;IPIRANGA;2026-S13;
02567214000170;2026-03-23;IPIRANGA;2026-S13;
02582857000192;2026-03-23;ATLÂNTICA;2026-S13;
02802986000149;2026-03-23;ATLÂNTICA;2026-S13;
04145589001149;2026-03-23;BRANCA;2026-S13;
04960337000100;2026-03-23;BRANCA;2026-S13;
07470392000100;2026-03-23;RAIZEN;2026-S13;
07571908000102;2026-03-23;VIBRA;2026-S13;
08788618000170;2026-03-23;RAIZEN;2026-S13;
09076862000172;2026-03-23;VIBRA;2026-S13;
10197775000152;2026-03-23;ATLÂNTICA;2026-S13;
11222333000181;2026-03-23;BRANCA;2026-S13;
11222333000262;2026-03-23;BRANCA;2026-S13;
11222333000505;2026-03-23;BRANCA;2026-S13;
11942147000117;2026-03-23;ALE;2026-S13;
13814642000176;2026-03-23;RAIZEN;2026-S13;
14096313000108;2026-03-23;RAIZEN;2026-S13;
14806977000105;2026-03-23;IPIRANGA;2026-S13;
15010530000198;2026-03-23;RAIZEN;2026-S13;
15226314000184;2026-03-23;BRANCA;2026-S13;
17375525000104;2026-03-23;ALE;2026-S13;
17753176000117;2026-03-23;ALE;2026-S13;
23238396000105;2026-03-23;ATLÂNTICA;2026-S13;
23305603000105;2026-03-23;VIBRA;2026-S13;
24145665000151;2026-03-23;ATLÂNTICA;2026-S13;ATUALIZAR!!
26980450000181;2026-03-23;VIBRA;2026-S13;
27016518000170;2026-03-23;BRANCA;2026-S13;
27020445000190;2026-03-23;VIBRA;2026-S13;
27020445000513;2026-03-23;VIBRA;2026-S13;
27066273000276;2026-03-23;BRANCA;2026-S13;
27316819000119;2026-03-23;RAIZEN;2026-S13;
27394378000173;2026-03-23;IPIRANGA;2026-S13;
27396415000182;2026-03-23;VIBRA;2026-S13;
27734094000189;2026-03-23;RAIZEN;2026-S13;
27926384000124;2026-03-23;IPIRANGA;2026-S13;
28059632000140;2026-03-23;RAIZEN;2026-S13;
28344206000158;2026-03-23;BRANCA;2026-S13;
28413219000131;2026-03-23;VIBRA;2026-S13;
29326587000105;2026-03-23;VIBRA;2026-S13;
30456018000163;2026-03-23;RAIZEN;2026-S13;
32248017000159;2026-03-23;IPIRANGA;2026-S13;
36336386000154;2026-03-23;IPIRANGA;2026-S13;
38530950000109;2026-03-23;BRANCA;2026-S13;
45543915004683;2026-03-23;BRANCA;2026-S13;
04361389000151;2026-03-24;ALE;2026-S13;
04361389000232;2026-03-24;ALE;2026-S13;
04994796000104;2026-03-24;VIBRA;2026-S13;
05393247000139;2026-03-24;ALE;2026-S13;
05738923000169;2026-03-24;RAIZEN;2026-S13;
11222333000424;2026-03-24;BRANCA;2026-S13;
12535572000154;2026-03-24;IPIRANGA;2026-S13;
22356015000120;2026-03-24;IPIRANGA;2026-S13;
31465040000132;2026-03-24;IPIRANGA;2026-S13;
00345721000133;2026-03-25;IPIRANGA;2026-S13;ver com gerente
01503536000192;2026-03-25;VIBRA;2026-S13;
05892261000187;2026-03-25;VIBRA;2026-S13;
06073382000160;2026-03-25;BRANCA;2026-S13;
09369995000137;2026-03-25;BRANCA;2026-S13;
18366697000184;2026-03-25;VIBRA;2026-S13;promo fim de semana?
29937036000188;2026-03-25;BRANCA;2026-S13;
30869047000157;2026-03-25;BRANCA;2026-S13;
03948877000369;2026-03-26;ALE;2026-S13;
04814652000110;2026-03-26;VIBRA;2026-S13;
04850382000101;2026-03-26;VIBRA;2026-S13;
07381843000124;2026-03-26;BRANCA;2026-S13;
08519545000110;2026-03-26;VIBRA;2026-S13;
08971375000100;2026-03-26;IPIRANGA;2026-S13;
20246670000108;2026-03-26;BRANCA;2026-S13;
27085240000192;2026-03-26;ALE;2026-S13;
39814835000110;2026-03-26;VIBRA;2026-S13;
42176421000118;2026-03-26;IPIRANGA;2026-S13;
01503536000192;2026-03-30;VIBRA;2026-S14;
01514752000133;2026-03-30;VIBRA;2026-S14;
01823633000162;2026-03-30;IPIRANGA;2026-S14;
02567214000170;2026-03-30;IPIRANGA;2026-S14;
04228463000166;2026-03-30;ATLÂNTICA;2026-S14;
04361389000151;2026-03-30;ALE;2026-S14;
04960337000100;2026-03-30;BRANCA;2026-S14;
05609081000145;2026-03-30;VIBRA;2026-S14;
05738923000169;2026-03-30;RAIZEN;2026-S14;
07571908000102;2026-03-30;VIBRA;2026-S14;
08788618000170;2026-03-30;RAIZEN;2026-S14;
10331576000195;2026-03-30;IPIRANGA;2026-S14;
10569345000114;2026-03-30;VIBRA;2026-S14;preco conferido por telefone
11222333000343;2026-03-30;BRANCA;2026-S14;
11942147000117;2026-03-30;ALE;2026-S14;
12535572000154;2026-03-30;IPIRANGA;2026-S14;
13602147000101;2026-03-30;IPIRANGA;2026-S14;
14806977000105;2026-03-30;IPIRANGA;2026-S14;
21246940000135;2026-03-30;VIBRA;2026-S14;
22356015000120;2026-03-30;IPIRANGA;2026-S14;
26980450000181;2026-03-30;VIBRA;2026-S14;
27066273000276;2026-03-30;BRANCA;2026-S14;
27664597000559;2026-03-30;ALE;2026-S14;
27734094000189;2026-03-30;RAIZEN;2026-S14;
28059632000140;2026-03-30;RAIZEN;2026-S14;
28413219000131;2026-03-30;VIBRA;2026-S14;
30869047000157;2026-03-30;BRANCA;2026-S14;
36336386000154;2026-03-30;IPIRANGA;2026-S14;
36675989000180;2026-03-30;BRANCA;2026-S14;
38530950000109;2026-03-30;BRANCA;2026-S14;
04361389000232;2026-03-31;ALE;2026-S14;
04850382000101;2026-03-31;VIBRA;2026-S14;
05393247000139;2026-03-31;ALE;2026-S14;
07470392000100;2026-03-31;RAIZEN;2026-S14;
07830414000197;2026-03-31;RAIZEN;2026-S14;
10197775000152;2026-03-31;ATLÂNTICA;2026-S14;
10813831000136;2026-03-31;RAIZEN;2026-S14;
11217185000107;2026-03-31;RAIZEN;2026-S14;
11222333000424;2026-03-31;BRANCA;2026-S14;
17375525000104;2026-03-31;ALE;2026-S14;
23305603000105;2026-03-31;VIBRA;2026-S14;
23314250000100;2026-03-31;BRANCA;2026-S14;
27303411000102;2026-03-31;IPIRANGA;2026-S14;
27303411000374;2026-03-31;ALE;2026-S14;
31465040000132;2026-03-31;IPIRANGA;2026-S14;
32467417000155;2026-03-31;VIBRA;2026-S14;
34765133000170;2026-03-31;IPIRANGA;2026-S14;
36004950000131;2026-03-31;IPIRANGA;2026-S14;
37361618000197;2026-03-31;BRANCA;2026-S14;
97538270000192;2026-03-31;RAIZEN;2026-S14;
00580488000173;2026-04-01;IPIRANGA;2026-S14;
02582857000192;2026-04-01;ATLÂNTICA;2026-S14;
04145589001149;2026-04-01;BRANCA;2026-S14;
06073382000160;2026-04-01;BRANCA;2026-S14;
11222333000181;2026-04-01;BRANCA;2026-S14;
11222333000505;2026-04-01;BRANCA;2026-S14;
13814642000176;2026-04-01;RAIZEN;2026-S14;
15226314000184;2026-04-01;BRANCA;2026-S14;
18366697000184;2026-04-01;VIBRA;2026-S14;
24145665000151;2026-04-01;ATLÂNTICA;2026-S14;
27394378000173;2026-04-01;IPIRANGA;2026-S14;
27396415000182;2026-04-01;VIBRA;2026-S14;
27664597000710;2026-04-01;IPIRANGA;2026-S14;
27926384000124;2026-04-01;IPIRANGA;2026-S14;
28344206000158;2026-04-01;BRANCA;2026-S14;
29986296000143;2026-04-01;RAIZEN;2026-S14;
02802986000149;2026-04-02;ATLÂNTICA;2026-S14;
03948877000369;2026-04-02;ALE;2026-S14;
05791319000104;2026-04-02;VIBRA;2026-S14;
07381843000124;2026-04-02;BRANCA;2026-S14;
08519545000110;2026-04-02;VIBRA;2026-S14;
08971375000100;2026-04-02;IPIRANGA;2026-S14;
09076862000172;2026-04-02;VIBRA;2026-S14;
14096313000108;2026-04-02;RAIZEN;2026-S14;
23238396000105;2026-04-02;ATLÂNTICA;2026-S14;
27020445000190;2026-04-02;VIBRA;2026-S14;
27020445000513;2026-04-02;VIBRA;2026-S14;
27085240000192;2026-04-02;ALE;2026-S14;
27316819000119;2026-04-02;RAIZEN;2026-S14;
27493675000176;2026-04-02;BRANCA;2026-S14;
32248017000159;2026-04-02;IPIRANGA;2026-S14;
39814835000110;2026-04-02;VIBRA;2026-S14;
01496517000186;2026-04-06;VIBRA;2026-S15;
01557127000179;2026-04-06;VIBRA;2026-S15;
02802986000149;2026-04-06;ATLÂNTICA;2026-S15;
03948877000369;2026-04-06;ALE;2026-S15;
04814652000110;2026-04-06;VIBRA;2026-S15;
07381843000124;2026-04-06;BRANCA;2026-S15;
07470392000100;2026-04-06;RAIZEN;2026-S15;
08519545000110;2026-04-06;VIBRA;2026-S15;
09076862000172;2026-04-06;VIBRA;2026-S15;
10197775000152;2026-04-06;ATLÂNTICA;2026-S15;
10331576000195;2026-04-06;IPIRANGA;2026-S15;
11222333000262;2026-04-06;BRANCA;2026-S15;
13602147000101;2026-04-06;IPIRANGA;2026-S15;
14096313000108;2026-04-06;RAIZEN;2026-S15;
15010530000198;2026-04-06;RAIZEN;2026-S15;
17375525000104;2026-04-06;ALE;2026-S15;
17753176000117;2026-04-06;ALE;2026-S15;
20246670000108;2026-04-06;BRANCA;2026-S15;
23238396000105;2026-04-06;ATLÂNTICA;2026-S15;
23305603000105;2026-04-06;VIBRA;2026-S15;
27020445000190;2026-04-06;VIBRA;2026-S15;
27020445000513;2026-04-06;VIBRA;2026-S15;
27085240000192;2026-04-06;ALE;2026-S15;
27316819000119;2026-04-06;RAIZEN;2026-S15;
27352004000195;2026-04-06;VIBRA;2026-S15;
27493675000176;2026-04-06;BRANCA;2026-S15;
31465040000132;2026-04-06;IPIRANGA;2026-S15;
32248017000159;2026-04-06;IPIRANGA;2026-S15;
01514752000133;2026-04-07;VIBRA;2026-S15;
01823633000162;2026-04-07;IPIRANGA;2026-S15;
02567214000170;2026-04-07;IPIRANGA;2026-S15;
04228463000166;2026-04-07;ATLÂNTICA;2026-S15;promo fim de semana?
04361389000151;2026-04-07;ALE;2026-S15;
04960337000100;2026-04-07;BRANCA;2026-S15;
05609081000145;2026-04-07;VIBRA;2026-S15;
05738923000169;2026-04-07;RAIZEN;2026-S15;
07571908000102;2026-04-07;VIBRA;2026-S15;conferir bandeira
08022304000161;2026-04-07;IPIRANGA;2026-S15;
08788618000170;2026-04-07;RAIZEN;2026-S15;
10223356000148;2026-04-07;IPIRANGA;2026-S15;
10569345000114;2026-04-07;VIBRA;2026-S15;
11222333000343;2026-04-07;BRANCA;2026-S15;
11942147000117;2026-04-07;ALE;2026-S15;
12535572000154;2026-04-07;IPIRANGA;2026-S15;
14806977000105;2026-04-07;IPIRANGA;2026-S15;
16577742000114;2026-04-07;VIBRA;2026-S15;
21246940000135;2026-04-07;VIBRA;2026-S15;
22356015000120;2026-04-07;IPIRANGA;2026-S15;
26980450000181;2026-04-07;VIBRA;2026-S15;
27066273000276;2026-04-07;BRANCA;2026-S15;
27734094000189;2026-04-07;RAIZEN;2026-S15;
28059632000140;2026-04-07;RAIZEN;2026-S15;
00580488000173;2026-04-08;IPIRANGA;2026-S15;
02582857000192;2026-04-08;ATLÂNTICA;2026-S15;
04145589001149;2026-04-08;BRANCA;2026-S15;
04361389000232;2026-04-08;ALE;2026-S15;
04994796000104;2026-04-08;VIBRA;2026-S15;
05393247000139;2026-04-08;ALE;2026-S15;
05892261000187;2026-04-08;VIBRA;2026-S15;
06073382000160;2026-04-08;BRANCA;2026-S15;
09167931000153;2026-04-08;IPIRANGA;2026-S15;
11217185000107;2026-04-08;RAIZEN;2026-S15;
11222333000181;2026-04-08;BRANCA;2026-S15;
11222333000424;2026-04-08;BRANCA;2026-S15;
11222333000505;2026-04-08;BRANCA;2026-S15;
13814642000176;2026-04-08;RAIZEN;2026-S15;
15226314000184;2026-04-08;BRANCA;2026-S15;
18366697000184;2026-04-08;VIBRA;2026-S15;
24145665000151;2026-04-08;ATLÂNTICA;2026-S15;
27016518000170;2026-04-08;BRANCA;2026-S15;
27303411000374;2026-04-08;ALE;2026-S15;
27394378000173;2026-04-08;IPIRANGA;2026-S15;
27396415000182;2026-04-08;VIBRA;2026-S15;
27664597000559;2026-04-08;ALE;2026-S15;
27664597000710;2026-04-08;IPIRANGA;2026-S15;
27926384000124;2026-04-08;IPIRANGA;2026-S15;
28344206000158;2026-04-08;BRANCA;2026-S15;
32467417000155;2026-04-08;VIBRA;2026-S15;
00762780000298;2026-04-09;VIBRA;2026-S15;
03348196000106;2026-04-09;VIBRA;2026-S15;
09369995000137;2026-04-09;BRANCA;2026-S15;
10813831000136;2026-04-09;RAIZEN;2026-S15;
27664597000630;2026-04-09;ALE;2026-S15;
27664597000982;2026-04-09;IPIRANGA;2026-S15;
01496517000186;2026-04-13;VIBRA;2026-S16;
01514752000133;2026-04-13;VIBRA;2026-S16;
01557127000179;2026-04-13;VIBRA;2026-S16;preco conferido por telefone
01823633000162;2026-04-13;IPIRANGA;2026-S16;
02567214000170;2026-04-13;IPIRANGA;2026-S16;
04228463000166;2026-04-13;ATLÂNTICA;2026-S16;
04361389000151;2026-04-13;ALE;2026-S16;
04361389000232;2026-04-13;ALE;2026-S16;
04960337000100;2026-04-13;BRANCA;2026-S16;
04994796000104;2026-04-13;VIBRA;2026-S16;
05393247000139;2026-04-13;ALE;2026-S16;
05738923000169;2026-04-13;RAIZEN;2026-S16;
07571908000102;2026-04-13;VIBRA;2026-S16;
07830414000197;2026-04-13;RAIZEN;2026-S16;
09167931000153;2026-04-13;IPIRANGA;2026-S16;
11222333000343;2026-04-13;BRANCA;2026-S16;
11222333000424;2026-04-13;BRANCA;2026-S16;
11942147000117;2026-04-13;ALE;2026-S16;
12535572000154;2026-04-13;IPIRANGA;2026-S16;
14806977000105;2026-04-13;IPIRANGA;2026-S16;
15010530000198;2026-04-13;RAIZEN;2026-S16;
16577742000114;2026-04-13;VIBRA;2026-S16;
17753176000117;2026-04-13;ALE;2026-S16;
21246940000135;2026-04-13;VIBRA;2026-S16;
22356015000120;2026-04-13;IPIRANGA;2026-S16;
26980450000181;2026-04-13;VIBRA;2026-S16;
27066273000276;2026-04-13;BRANCA;2026-S16;
27734094000189;2026-04-13;RAIZEN;2026-S16;
28413219000131;2026-04-13;VIBRA;2026-S16;
32467417000155;2026-04-13;VIBRA;2026-S16;
36336386000154;2026-04-13;IPIRANGA;2026-S16;
38530950000109;2026-04-13;BRANCA;2026-S16;
39343553000182;2026-04-13;ATLÂNTICA;2026-S16;
45543915004683;2026-04-13;BRANCA;2026-S16;
00580488000173;2026-04-14;IPIRANGA;2026-S16;
02468894000174;2026-04-14;VIBRA;2026-S16;
02582857000192;2026-04-14;ATLÂNTICA;2026-S16;
05609081000145;2026-04-14;VIBRA;2026-S16;
07470392000100;2026-04-14;RAIZEN;2026-S16;
10197775000152;2026-04-14;ATLÂNTICA;2026-S16;
10223356000148;2026-04-14;IPIRANGA;2026-S16;
10331576000195;2026-04-14;IPIRANGA;2026-S16;
10813831000136;2026-04-14;RAIZEN;2026-S16;
11222333000181;2026-04-14;BRANCA;2026-S16;
11222333000505;2026-04-14;BRANCA;2026-S16;
13814642000176;2026-04-14;RAIZEN;2026-S16;
15226314000184;2026-04-14;BRANCA;2026-S16;
17375525000104;2026-04-14;ALE;2026-S16;
24145665000151;2026-04-14;ATLÂNTICA;2026-S16;
27016518000170;2026-04-14;BRANCA;2026-S16;
27303411000374;2026-04-14;ALE;2026-S16;
27394378000173;2026-04-14;IPIRANGA;2026-S16;
27396415000182;2026-04-14;VIBRA;2026-S16;
27926384000124;2026-04-14;IPIRANGA;2026-S16;
28344206000158;2026-04-14;BRANCA;2026-S16;
30869047000157;2026-04-14;BRANCA;2026-S16;
37361618000197;2026-04-14;BRANCA;2026-S16;
04145589001149;2026-04-15;BRANCA;2026-S16;
05349237000104;2026-04-15;VIBRA;2026-S16;
27303411000102;2026-04-15;IPIRANGA;2026-S16;
31465040000132;2026-04-15;IPIRANGA;2026-S16;
36004950000131;2026-04-15;IPIRANGA;2026-S16;
36675989000180;2026-04-15;BRANCA;2026-S16;
42176421000118;2026-04-15;IPIRANGA;2026-S16;
00762780000298;2026-04-16;VIBRA;2026-S16;
02802986000149;2026-04-16;ATLÂNTICA;2026-S16;
04814652000110;2026-04-16;VIBRA;2026-S16;
05791319000104;2026-04-16;VIBRA;2026-S16;
07381843000124;2026-04-16;ALE;2026-S16;
08519545000110;2026-04-16;VIBRA;2026-S16;
08971375000100;2026-04-16;IPIRANGA;2026-S16;
09076862000172;2026-04-16;VIBRA;2026-S16;preco conferido por telefone
11217185000107;2026-04-16;RAIZEN;2026-S16;
14096313000108;2026-04-16;RAIZEN;2026-S16;ATUALIZAR!!
20246670000108;2026-04-16;BRANCA;2026-S16;
23238396000105;2026-04-16;ATLÂNTICA;2026-S16;
27020445000190;2026-04-16;VIBRA;2026-S16;
27020445000513;2026-04-16;VIBRA;2026-S16;
27085240000192;2026-04-16;ALE;2026-S16;
27316819000119;2026-04-16;RAIZEN;2026-S16;
27352004000195;2026-04-16;VIBRA;2026-S16;
27664597000559;2026-04-16;ALE;2026-S16;
27664597000630;2026-04-16;ALE;2026-S16;
27664597000982;2026-04-16;IPIRANGA;2026-S16;
32248017000159;2026-04-16;IPIRANGA;2026-S16;
00345721000133;2026-04-17;IPIRANGA;2026-S16;
01503536000192;2026-04-20;VIBRA;2026-S17;
01557127000179;2026-04-20;VIBRA;2026-S17;
01823633000162;2026-04-20;IPIRANGA;2026-S17;
02567214000170;2026-04-20;IPIRANGA;2026-S17;
02802986000149;2026-04-20;ATLÂNTICA;2026-S17;
04228463000166;2026-04-20;ATLÂNTICA;2026-S17;
04850382000101;2026-04-20;VIBRA;2026-S17;
05349237000104;2026-04-20;VIBRA;2026-S17;
07470392000100;2026-04-20;RAIZEN;2026-S17;
07571908000102;2026-04-20;VIBRA;2026-S17;
08022304000161;2026-04-20;IPIRANGA;2026-S17;
08788618000170;2026-04-20;RAIZEN;2026-S17;preco conferido por telefone
09076862000172;2026-04-20;VIBRA;2026-S17;
10197775000152;2026-04-20;ATLÂNTICA;2026-S17;
10569345000114;2026-04-20;VIBRA;2026-S17;
11222333000262;2026-04-20;BRANCA;2026-S17;
11222333000343;2026-04-20;BRANCA;2026-S17;
11942147000117;2026-04-20;ALE;2026-S17;
13602147000101;2026-04-20;IPIRANGA;2026-S17;
14096313000108;2026-04-20;RAIZEN;2026-S17;ver com gerente
14806977000105;2026-04-20;IPIRANGA;2026-S17;
15010530000198;2026-04-20;RAIZEN;2026-S17;
16577742000114;2026-04-20;VIBRA;2026-S17;
17375525000104;2026-04-20;ALE;2026-S17;
17753176000117;2026-04-20;ALE;2026-S17;
23238396000105;2026-04-20;ATLÂNTICA;2026-S17;
23314250000100;2026-04-20;BRANCA;2026-S17;
26980450000181;2026-04-20;VIBRA;2026-S17;
27020445000190;2026-04-20;VIBRA;2026-S17;
27020445000513;2026-04-20;VIBRA;2026-S17;
27066273000276;2026-04-20;BRANCA;2026-S17;
27303411000102;2026-04-20;IPIRANGA;2026-S17;
27316819000119;2026-04-20;RAIZEN;2026-S17;
27664597000710;2026-04-20;IPIRANGA;2026-S17;
27734094000189;2026-04-20;RAIZEN;2026-S17;
28059632000140;2026-04-20;RAIZEN;2026-S17;
28413219000131;2026-04-20;VIBRA;2026-S17;
28761038000104;2026-04-20;VIBRA;2026-S17;
32248017000159;2026-04-20;IPIRANGA;2026-S17;
34765133000170;2026-04-20;IPIRANGA;2026-S17;
36004950000131;2026-04-20;IPIRANGA;2026-S17;
36336386000154;2026-04-20;IPIRANGA;2026-S17;
36751443000161;2026-04-20;ALE;2026-S17;
37361618000197;2026-04-20;BRANCA;2026-S17;
38530950000109;2026-04-20;BRANCA;2026-S17;
97538270000192;2026-04-20;RAIZEN;2026-S17;
03948877000369;2026-04-21;ALE;2026-S17;
04361389000151;2026-04-21;ALE;2026-S17;
04361389000232;2026-04-21;ALE;2026-S17;
04814652000110;2026-04-21;VIBRA;2026-S17;
04994796000104;2026-04-21;VIBRA;2026-S17;
05393247000139;2026-04-21;ALE;2026-S17;
05609081000145;2026-04-21;VIBRA;2026-S17;
05738923000169;2026-04-21;RAIZEN;2026-S17;
07381843000124;2026-04-21;ALE;2026-S17;
07830414000197;2026-04-21;RAIZEN;2026-S17;
08519545000110;2026-04-21;VIBRA;2026-S17;
08971375000100;2026-04-21;IPIRANGA;2026-S17;
10223356000148;2026-04-21;IPIRANGA;2026-S17;
11217185000107;2026-04-21;RAIZEN;2026-S17;
11222333000424;2026-04-21;BRANCA;2026-S17;conferir bandeira
12535572000154;2026-04-21;IPIRANGA;2026-S17;
20246670000108;2026-04-21;BRANCA;2026-S17;
21246940000135;2026-04-21;VIBRA;2026-S17;
22356015000120;2026-04-21;IPIRANGA;2026-S17;
27085240000192;2026-04-21;ALE;2026-S17;
27352004000195;2026-04-21;VIBRA;2026-S17;
27664597000559;2026-04-21;ALE;2026-S17;
32467417000155;2026-04-21;VIBRA;2026-S17;
00580488000173;2026-04-22;IPIRANGA;2026-S17;
02582857000192;2026-04-22;ATLÂNTICA;2026-S17;
11222333000181;2026-04-22;BRANCA;2026-S17;
11222333000505;2026-04-22;BRANCA;2026-S17;
13814642000176;2026-04-22;RAIZEN;2026-S17;
15226314000184;2026-04-22;BRANCA;2026-S17;
24145665000151;2026-04-22;ATLÂNTICA;2026-S17;
27016518000170;2026-04-22;BRANCA;2026-S17;
27394378000173;2026-04-22;IPIRANGA;2026-S17;preco conferido por telefone
27396415000182;2026-04-22;VIBRA;2026-S17;
27926384000124;2026-04-22;IPIRANGA;2026-S17;
28344206000158;2026-04-22;BRANCA;2026-S17;
01496517000186;2026-04-27;VIBRA;2026-S18;
01823633000162;2026-04-27;IPIRANGA;2026-S18;
02567214000170;2026-04-27;IPIRANGA;2026-S18;
04228463000166;2026-04-27;ATLÂNTICA;2026-S18;
04361389000151;2026-04-27;ALE;2026-S18;preco conferido por telefone
04960337000100;2026-04-27;BRANCA;2026-S18;
05609081000145;2026-04-27;VIBRA;2026-S18;
05738923000169;2026-04-27;RAIZEN;2026-S18;
07571908000102;2026-04-27;VIBRA;2026-S18;
08788618000170;2026-04-27;RAIZEN;2026-S18;
10223356000148;2026-04-27;IPIRANGA;2026-S18;
10331576000195;2026-04-27;IPIRANGA;2026-S18;
11217185000107;2026-04-27;RAIZEN;2026-S18;
11222333000343;2026-04-27;BRANCA;2026-S18;preco conferido por telefone
11942147000117;2026-04-27;ALE;2026-S18;
12535572000154;2026-04-27;IPIRANGA;2026-S18;
14806977000105;2026-04-27;IPIRANGA;2026-S18;
16577742000114;2026-04-27;VIBRA;2026-S18;
22356015000120;2026-04-27;IPIRANGA;2026-S18;
26980450000181;2026-04-27;VIBRA;2026-S18;
27066273000276;2026-04-27;BRANCA;2026-S18;
27664597000559;2026-04-27;ALE;2026-S18;
27734094000189;2026-04-27;RAIZEN;2026-S18;
28059632000140;2026-04-27;RAIZEN;2026-S18;
28413219000131;2026-04-27;VIBRA;2026-S18;
36336386000154;2026-04-27;IPIRANGA;2026-S18;
00580488000173;2026-04-28;IPIRANGA;2026-S18;
01503536000192;2026-04-28;VIBRA;2026-S18;
01557127000179;2026-04-28;VIBRA;2026-S18;
02582857000192;2026-04-28;ATLÂNTICA;2026-S18;
04145589001149;2026-04-28;BRANCA;2026-S18;
04361389000232;2026-04-28;ALE;2026-S18;
04994796000104;2026-04-28;VIBRA;2026-S18;
05393247000139;2026-04-28;ALE;2026-S18;
07470392000100;2026-04-28;RAIZEN;2026-S18;
07830414000197;2026-04-28;RAIZEN;2026-S18;
08022304000161;2026-04-28;IPIRANGA;2026-S18;
09167931000153;2026-04-28;IPIRANGA;2026-S18;
10197775000152;2026-04-28;ATLÂNTICA;2026-S18;
10569345000114;2026-04-28;VIBRA;2026-S18;
11222333000181;2026-04-28;BRANCA;2026-S18;
11222333000424;2026-04-28;BRANCA;2026-S18;
11222333000505;2026-04-28;BRANCA;2026-S18;
13814642000176;2026-04-28;RAIZEN;2026-S18;
15010530000198;2026-04-28;RAIZEN;2026-S18;
15226314000184;2026-04-28;BRANCA;2026-S18;
17375525000104;2026-04-28;ALE;2026-S18;
17753176000117;2026-04-28;ALE;2026-S18;
24145665000151;2026-04-28;ATLÂNTICA;2026-S18;
27016518000170;2026-04-28;BRANCA;2026-S18;
27394378000173;2026-04-28;IPIRANGA;2026-S18;
27396415000182;2026-04-28;VIBRA;2026-S18;
27926384000124;2026-04-28;IPIRANGA;2026-S18;
28344206000158;2026-04-28;BRANCA;2026-S18;
31465040000132;2026-04-28;IPIRANGA;2026-S18;
32467417000155;2026-04-28;VIBRA;2026-S18;
34387806000104;2026-04-28;ALE;2026-S18;
36675989000180;2026-04-28;BRANCA;2026-S18;
06073382000160;2026-04-29;BRANCA;2026-S18;
27303411000374;2026-04-29;ALE;2026-S18;
02802986000149;2026-04-30;ATLÂNTICA;2026-S18;
03948877000369;2026-04-30;ALE;2026-S18;
04814652000110;2026-04-30;VIBRA;2026-S18;
07381843000124;2026-04-30;ALE;2026-S18;
08519545000110;2026-04-30;VIBRA;2026-S18;
08971375000100;2026-04-30;IPIRANGA;2026-S18;
09076862000172;2026-04-30;VIBRA;2026-S18;promo fim de semana?
10813831000136;2026-04-30;RAIZEN;2026-S18;
14096313000108;2026-04-30;RAIZEN;2026-S18;ver com gerente
20246670000108;2026-04-30;BRANCA;2026-S18;
23238396000105;2026-04-30;ATLÂNTICA;2026-S18;
27020445000190;2026-04-30;VIBRA;2026-S18;
27020445000513;2026-04-30;VIBRA;2026-S18;
27085240000192;2026-04-30;ALE;2026-S18;
27316819000119;2026-04-30;RAIZEN;2026-S18;
32248017000159;2026-04-30;IPIRANGA;2026-S18;
36411940000200;2026-04-30;VIBRA;2026-S18;
39814835000110;2026-04-30;VIBRA;2026-S18;
01514752000133;2026-05-04;VIBRA;2026-S19;
01557127000179;2026-05-04;VIBRA;2026-S19;
01823633000162;2026-05-04;IPIRANGA;2026-S19;
02567214000170;2026-05-04;IPIRANGA;2026-S19;
02802986000149;2026-05-04;ATLÂNTICA;2026-S19;
04228463000166;2026-05-04;ATLÂNTICA;2026-S19;
04960337000100;2026-05-04;BRANCA;2026-S19;
07571908000102;2026-05-04;VIBRA;2026-S19;
08788618000170;2026-05-04;RAIZEN;2026-S19;
09076862000172;2026-05-04;VIBRA;2026-S19;
09167931000153;2026-05-04;IPIRANGA;2026-S19;
11222333000343;2026-05-04;BRANCA;2026-S19;
11942147000117;2026-05-04;ALE;2026-S19;
14096313000108;2026-05-04;RAIZEN;2026-S19;
14806977000105;2026-05-04;IPIRANGA;2026-S19;ver com gerente
15010530000198;2026-05-04;RAIZEN;2026-S19;
16577742000114;2026-05-04;VIBRA;2026-S19;
23238396000105;2026-05-04;ATLÂNTICA;2026-S19;
26980450000181;2026-05-04;VIBRA;2026-S19;
27020445000190;2026-05-04;VIBRA;2026-S19;
27020445000513;2026-05-04;VIBRA;2026-S19;
27066273000276;2026-05-04;BRANCA;2026-S19;
27316819000119;2026-05-04;RAIZEN;2026-S19;
27734094000189;2026-05-04;RAIZEN;2026-S19;
28059632000140;2026-05-04;RAIZEN;2026-S19;
32248017000159;2026-05-04;IPIRANGA;2026-S19;
32467417000155;2026-05-04;VIBRA;2026-S19;
36336386000154;2026-05-04;IPIRANGA;2026-S19;
36675989000180;2026-05-04;BRANCA;2026-S19;
38530950000109;2026-05-04;BRANCA;2026-S19;
01496517000186;2026-05-05;VIBRA;2026-S19;
01503536000192;2026-05-05;VIBRA;2026-S19;
04145589001149;2026-05-05;BRANCA;2026-S19;ATUALIZAR!!
04361389000151;2026-05-05;ALE;2026-S19;
04361389000232;2026-05-05;ALE;2026-S19;
04994796000104;2026-05-05;VIBRA;2026-S19;
05393247000139;2026-05-05;ALE;2026-S19;
05738923000169;2026-05-05;RAIZEN;2026-S19;
07830414000197;2026-05-05;RAIZEN;2026-S19;
08022304000161;2026-05-05;IPIRANGA;2026-S19;
10569345000114;2026-05-05;VIBRA;2026-S19;
11222333000424;2026-05-05;BRANCA;2026-S19;
12535572000154;2026-05-05;IPIRANGA;2026-S19;
21246940000135;2026-05-05;VIBRA;2026-S19;
22356015000120;2026-05-05;IPIRANGA;2026-S19;
31465040000132;2026-05-05;IPIRANGA;2026-S19;
34387806000104;2026-05-05;ALE;2026-S19;
00762780000298;2026-05-06;VIBRA;2026-S19;
01283262000173;2026-05-06;BRANCA;2026-S19;
02583872000155;2026-05-06;VIBRA;2026-S19;
02665124000111;2026-05-06;RAIZEN;2026-S19;
03058196000163;2026-05-06;ATLÂNTICA;2026-S19;
03348196000106;2026-05-06;VIBRA;2026-S19;
03408609000192;2026-05-06;IPIRANGA;2026-S19;
04411606000170;2026-05-06;BRANCA;2026-S19;
05349237000104;2026-05-06;VIBRA;2026-S19;
07470392000100;2026-05-06;RAIZEN;2026-S19;
10197775000152;2026-05-06;ATLÂNTICA;2026-S19;
13602147000101;2026-05-06;IPIRANGA;2026-S19;
17375525000104;2026-05-06;ALE;2026-S19;
20863591000138;2026-05-06;VIBRA;2026-S19;
21931941000119;2026-05-06;IPIRANGA;2026-S19;
27124023000164;2026-05-06;BRANCA;2026-S19;
27179654000342;2026-05-06;ATLÂNTICA;2026-S19;
27303411000374;2026-05-06;ALE;2026-S19;
27664597000630;2026-05-06;ALE;2026-S19;
27664597000982;2026-05-06;IPIRANGA;2026-S19;
28505616000133;2026-05-06;VIBRA;2026-S19;
31284466000190;2026-05-06;RAIZEN;2026-S19;
37361618000197;2026-05-06;BRANCA;2026-S19;
00580488000173;2026-05-07;IPIRANGA;2026-S19;
02582857000192;2026-05-07;ATLÂNTICA;2026-S19;
03948877000369;2026-05-07;ALE;2026-S19;conferir bandeira
04814652000110;2026-05-07;VIBRA;2026-S19;
05609081000145;2026-05-07;VIBRA;2026-S19;
05791319000104;2026-05-07;VIBRA;2026-S19;
07381843000124;2026-05-07;ALE;2026-S19;
08519545000110;2026-05-07;VIBRA;2026-S19;
08971375000100;2026-05-07;IPIRANGA;2026-S19;
10223356000148;2026-05-07;IPIRANGA;2026-S19;
10331576000195;2026-05-07;IPIRANGA;2026-S19;ver com gerente
10813831000136;2026-05-07;RAIZEN;2026-S19;
11222333000181;2026-05-07;BRANCA;2026-S19;
11222333000505;2026-05-07;BRANCA;2026-S19;ATUALIZAR!!
13814642000176;2026-05-07;RAIZEN;2026-S19;
15226314000184;2026-05-07;BRANCA;2026-S19;
20246670000108;2026-05-07;BRANCA;2026-S19;
24145665000151;2026-05-07;ATLÂNTICA;2026-S19;
27016518000170;2026-05-07;BRANCA;2026-S19;
27085240000192;2026-05-07;ALE;2026-S19;
27394378000173;2026-05-07;IPIRANGA;2026-S19;
27396415000182;2026-05-07;VIBRA;2026-S19;
27926384000124;2026-05-07;IPIRANGA;2026-S19;preco conferido por telefone
28344206000158;2026-05-07;BRANCA;2026-S19;
36411940000200;2026-05-07;VIBRA;2026-S19;ATUALIZAR!!
09369995000137;2026-05-08;BRANCA;2026-S19;
29937036000188;2026-05-08;BRANCA;2026-S19;
01496517000186;2026-05-11;VIBRA;2026-S20;
01503536000192;2026-05-11;VIBRA;2026-S20;
01823633000162;2026-05-11;IPIRANGA;2026-S20;
02567214000170;2026-05-11;IPIRANGA;2026-S20;
04145589001149;2026-05-11;BRANCA;2026-S20;
04228463000166;2026-05-11;ATLÂNTICA;2026-S20;
04361389000151;2026-05-11;ALE;2026-S20;conferir bandeira
04960337000100;2026-05-11;BRANCA;2026-S20;
07571908000102;2026-05-11;VIBRA;2026-S20;
08788618000170;2026-05-11;RAIZEN;2026-S20;
11222333000343;2026-05-11;BRANCA;2026-S20;
11942147000117;2026-05-11;ALE;2026-S20;
12535572000154;2026-05-11;IPIRANGA;2026-S20;
14806977000105;2026-05-11;IPIRANGA;2026-S20;
16577742000114;2026-05-11;VIBRA;2026-S20;
22356015000120;2026-05-11;IPIRANGA;2026-S20;
26980450000181;2026-05-11;VIBRA;2026-S20;
27066273000276;2026-05-11;BRANCA;2026-S20;conferir bandeira
27734094000189;2026-05-11;RAIZEN;2026-S20;
28059632000140;2026-05-11;RAIZEN;2026-S20;
28413219000131;2026-05-11;VIBRA;2026-S20;
31465040000132;2026-05-11;IPIRANGA;2026-S20;
36336386000154;2026-05-11;IPIRANGA;2026-S20;
36751443000161;2026-05-11;ALE;2026-S20;
38530950000109;2026-05-11;BRANCA;2026-S20;
03948877000369;2026-05-12;ALE;2026-S20;
04361389000232;2026-05-12;ALE;2026-S20;
04814652000110;2026-05-12;VIBRA;2026-S20;ver com gerente
04994796000104;2026-05-12;VIBRA;2026-S20;
05393247000139;2026-05-12;ALE;2026-S20;
05609081000145;2026-05-12;VIBRA;2026-S20;
07381843000124;2026-05-12;ALE;2026-S20;
07470392000100;2026-05-12;RAIZEN;2026-S20;
07830414000197;2026-05-12;RAIZEN;2026-S20;
08022304000161;2026-05-12;IPIRANGA;2026-S20;
08519545000110;2026-05-12;VIBRA;2026-S20;
08971375000100;2026-05-12;IPIRANGA;2026-S20;
10197775000152;2026-05-12;ATLÂNTICA;2026-S20;
10331576000195;2026-05-12;IPIRANGA;2026-S20;
10569345000114;2026-05-12;VIBRA;2026-S20;
10813831000136;2026-05-12;RAIZEN;2026-S20;
17375525000104;2026-05-12;ALE;2026-S20;
20246670000108;2026-05-12;BRANCA;2026-S20;
21246940000135;2026-05-12;VIBRA;2026-S20;
23305603000105;2026-05-12;VIBRA;2026-S20;
26058218000190;2026-05-12;IPIRANGA;2026-S20;
27085240000192;2026-05-12;ALE;2026-S20;promo fim de semana?
27352004000195;2026-05-12;VIBRA;2026-S20;
32467417000155;2026-05-12;VIBRA;2026-S20;
39383377000102;2026-05-12;BRANCA;2026-S20;
00345721000133;2026-05-13;IPIRANGA;2026-S20;
00580488000173;2026-05-13;IPIRANGA;2026-S20;
00762780000298;2026-05-13;VIBRA;2026-S20;
04850382000101;2026-05-13;VIBRA;2026-S20;
11222333000181;2026-05-13;BRANCA;2026-S20;ATUALIZAR!!
11222333000505;2026-05-13;BRANCA;2026-S20;
13602147000101;2026-05-13;IPIRANGA;2026-S20;
13814642000176;2026-05-13;RAIZEN;2026-S20;
15226314000184;2026-05-13;BRANCA;2026-S20;
23314250000100;2026-05-13;BRANCA;2026-S20;
24145665000151;2026-05-13;ATLÂNTICA;2026-S20;
27016518000170;2026-05-13;BRANCA;2026-S20;
27303411000374;2026-05-13;ALE;2026-S20;promo fim de semana?
27394378000173;2026-05-13;IPIRANGA;2026-S20;
27396415000182;2026-05-13;VIBRA;2026-S20;
27664597000630;2026-05-13;ALE;2026-S20;
27664597000982;2026-05-13;IPIRANGA;2026-S20;
27926384000124;2026-05-13;IPIRANGA;2026-S20;
28344206000158;2026-05-13;BRANCA;2026-S20;
29986296000143;2026-05-13;RAIZEN;2026-S20;conferir bandeira
34765133000170;2026-05-13;IPIRANGA;2026-S20;
36004950000131;2026-05-13;IPIRANGA;2026-S20;
02802986000149;2026-05-14;ATLÂNTICA;2026-S20;
03348196000106;2026-05-14;VIBRA;2026-S20;
09076862000172;2026-05-14;VIBRA;2026-S20;
09369995000137;2026-05-14;BRANCA;2026-S20;
14096313000108;2026-05-14;RAIZEN;2026-S20;
23238396000105;2026-05-14;ATLÂNTICA;2026-S20;
27020445000190;2026-05-14;VIBRA;2026-S20;
27020445000513;2026-05-14;VIBRA;2026-S20;
27316819000119;2026-05-14;RAIZEN;2026-S20;
29937036000188;2026-05-14;BRANCA;2026-S20;
30690682000172;2026-05-14;IPIRANGA;2026-S20;
32248017000159;2026-05-14;IPIRANGA;2026-S20;
01496517000186;2026-05-18;VIBRA;2026-S21;
01557127000179;2026-05-18;VIBRA;2026-S21;
02802986000149;2026-05-18;ATLÂNTICA;2026-S21;
05609081000145;2026-05-18;VIBRA;2026-S21;
07470392000100;2026-05-18;RAIZEN;2026-S21;
09076862000172;2026-05-18;VIBRA;2026-S21;
09369995000137;2026-05-18;BRANCA;2026-S21;
10197775000152;2026-05-18;ATLÂNTICA;2026-S21;
10331576000195;2026-05-18;IPIRANGA;2026-S21;
11222333000262;2026-05-18;BRANCA;2026-S21;
13602147000101;2026-05-18;IPIRANGA;2026-S21;
14096313000108;2026-05-18;RAIZEN;2026-S21;
15010530000198;2026-05-18;RAIZEN;2026-S21;
17375525000104;2026-05-18;ALE;2026-S21;
17753176000117;2026-05-18;ALE;2026-S21;
23238396000105;2026-05-18;ATLÂNTICA;2026-S21;
23305603000105;2026-05-18;VIBRA;2026-S21;
27020445000190;2026-05-18;VIBRA;2026-S21;
27020445000513;2026-05-18;VIBRA;2026-S21;
27316819000119;2026-05-18;RAIZEN;2026-S21;
29937036000188;2026-05-18;BRANCA;2026-S21;
30869047000157;2026-05-18;BRANCA;2026-S21;
32248017000159;2026-05-18;IPIRANGA;2026-S21;
34387806000104;2026-05-18;ALE;2026-S21;
36675989000180;2026-05-18;BRANCA;2026-S21;
38530950000109;2026-05-18;BRANCA;2026-S21;
01283262000173;2026-05-19;BRANCA;2026-S21;
01823633000162;2026-05-19;IPIRANGA;2026-S21;
02567214000170;2026-05-19;IPIRANGA;2026-S21;
03408609000192;2026-05-19;IPIRANGA;2026-S21;
04228463000166;2026-05-19;ATLÂNTICA;2026-S21;
04361389000151;2026-05-19;ALE;2026-S21;
04411606000170;2026-05-19;BRANCA;2026-S21;
04960337000100;2026-05-19;BRANCA;2026-S21;
05349237000104;2026-05-19;VIBRA;2026-S21;
05738923000169;2026-05-19;RAIZEN;2026-S21;
07571908000102;2026-05-19;VIBRA;2026-S21;
08788618000170;2026-05-19;RAIZEN;2026-S21;ATUALIZAR!!
09167931000153;2026-05-19;IPIRANGA;2026-S21;
10569345000114;2026-05-19;VIBRA;2026-S21;
10813831000136;2026-05-19;RAIZEN;2026-S21;
11222333000343;2026-05-19;BRANCA;2026-S21;
11942147000117;2026-05-19;ALE;2026-S21;
12535572000154;2026-05-19;IPIRANGA;2026-S21;
14806977000105;2026-05-19;IPIRANGA;2026-S21;
16577742000114;2026-05-19;VIBRA;2026-S21;
21931941000119;2026-05-19;IPIRANGA;2026-S21;
22356015000120;2026-05-19;IPIRANGA;2026-S21;preco conferido por telefone
26980450000181;2026-05-19;VIBRA;2026-S21;
27066273000276;2026-05-19;BRANCA;2026-S21;
27179654000342;2026-05-19;ATLÂNTICA;2026-S21;
27303411000374;2026-05-19;ALE;2026-S21;
27734094000189;2026-05-19;RAIZEN;2026-S21;
28059632000140;2026-05-19;RAIZEN;2026-S21;
28413219000131;2026-05-19;VIBRA;2026-S21;
31465040000132;2026-05-19;IPIRANGA;2026-S21;
36336386000154;2026-05-19;IPIRANGA;2026-S21;
37361618000197;2026-05-19;BRANCA;2026-S21;
00345721000133;2026-05-20;IPIRANGA;2026-S21;
02583872000155;2026-05-20;VIBRA;2026-S21;
04361389000232;2026-05-20;ALE;2026-S21;
04994796000104;2026-05-20;VIBRA;2026-S21;
05393247000139;2026-05-20;ALE;2026-S21;
07830414000197;2026-05-20;RAIZEN;2026-S21;
08022304000161;2026-05-20;IPIRANGA;2026-S21;
21246940000135;2026-05-20;VIBRA;2026-S21;
31284466000190;2026-05-20;RAIZEN;2026-S21;
32467417000155;2026-05-20;VIBRA;2026-S21;
00580488000173;2026-05-21;IPIRANGA;2026-S21;
02582857000192;2026-05-21;ATLÂNTICA;2026-S21;
03948877000369;2026-05-21;ALE;2026-S21;
04814652000110;2026-05-21;VIBRA;2026-S21;
07381843000124;2026-05-21;ALE;2026-S21;
08519545000110;2026-05-21;VIBRA;2026-S21;
08971375000100;2026-05-21;IPIRANGA;2026-S21;
11222333000181;2026-05-21;BRANCA;2026-S21;
11222333000505;2026-05-21;BRANCA;2026-S21;
13814642000176;2026-05-21;RAIZEN;2026-S21;promo fim de semana?
15226314000184;2026-05-21;BRANCA;2026-S21;
20246670000108;2026-05-21;BRANCA;2026-S21;
24145665000151;2026-05-21;ATLÂNTICA;2026-S21;
27016518000170;2026-05-21;BRANCA;2026-S21;
27085240000192;2026-05-21;ALE;2026-S21;
27124023000164;2026-05-21;BRANCA;2026-S21;
27394378000173;2026-05-21;IPIRANGA;2026-S21;
27396415000182;2026-05-21;VIBRA;2026-S21;
27926384000124;2026-05-21;IPIRANGA;2026-S21;
28344206000158;2026-05-21;BRANCA;2026-S21;
36411940000200;2026-05-21;VIBRA;2026-S21;
39814835000110;2026-05-21;VIBRA;2026-S21;ATUALIZAR!!
01283262000173;2026-05-25;BRANCA;2026-S22;
01496517000186;2026-05-25;VIBRA;2026-S22;
01557127000179;2026-05-25;VIBRA;2026-S22;
01823633000162;2026-05-25;IPIRANGA;2026-S22;
02567214000170;2026-05-25;IPIRANGA;2026-S22;
02583872000155;2026-05-25;VIBRA;2026-S22;
03408609000192;2026-05-25;IPIRANGA;2026-S22;
04145589001149;2026-05-25;BRANCA;2026-S22;
04228463000166;2026-05-25;ATLÂNTICA;2026-S22;
04361389000151;2026-05-25;ALE;2026-S22;
04960337000100;2026-05-25;BRANCA;2026-S22;
05738923000169;2026-05-25;RAIZEN;2026-S22;
07571908000102;2026-05-25;VIBRA;2026-S22;
08788618000170;2026-05-25;RAIZEN;2026-S22;
11222333000343;2026-05-25;BRANCA;2026-S22;
11942147000117;2026-05-25;ALE;2026-S22;
12535572000154;2026-05-25;IPIRANGA;2026-S22;
14806977000105;2026-05-25;IPIRANGA;2026-S22;
15010530000198;2026-05-25;RAIZEN;2026-S22;
16577742000114;2026-05-25;VIBRA;2026-S22;
17753176000117;2026-05-25;ALE;2026-S22;
21931941000119;2026-05-25;IPIRANGA;2026-S22;ATUALIZAR!!
22356015000120;2026-05-25;IPIRANGA;2026-S22;
26980450000181;2026-05-25;VIBRA;2026-S22;
27066273000276;2026-05-25;BRANCA;2026-S22;
27734094000189;2026-05-25;RAIZEN;2026-S22;
28059632000140;2026-05-25;RAIZEN;2026-S22;
28413219000131;2026-05-25;VIBRA;2026-S22;
31284466000190;2026-05-25;RAIZEN;2026-S22;
02665124000111;2026-05-26;RAIZEN;2026-S22;
04361389000232;2026-05-26;ALE;2026-S22;
04411606000170;2026-05-26;BRANCA;2026-S22;
04850382000101;2026-05-26;VIBRA;2026-S22;
04994796000104;2026-05-26;VIBRA;2026-S22;
05393247000139;2026-05-26;ALE;2026-S22;conferir bandeira
07470392000100;2026-05-26;RAIZEN;2026-S22;
07830414000197;2026-05-26;RAIZEN;2026-S22;
08022304000161;2026-05-26;IPIRANGA;2026-S22;
10197775000152;2026-05-26;ATLÂNTICA;2026-S22;
10569345000114;2026-05-26;VIBRA;2026-S22;
17375525000104;2026-05-26;ALE;2026-S22;
21246940000135;2026-05-26;VIBRA;2026-S22;
23305603000105;2026-05-26;VIBRA;2026-S22;
23314250000100;2026-05-26;BRANCA;2026-S22;
31465040000132;2026-05-26;IPIRANGA;2026-S22;
00345721000133;2026-05-27;IPIRANGA;2026-S22;
00580488000173;2026-05-27;IPIRANGA;2026-S22;conferir bandeira
02582857000192;2026-05-27;ATLÂNTICA;2026-S22;
02802986000149;2026-05-27;ATLÂNTICA;2026-S22;
03948877000369;2026-05-27;ALE;2026-S22;
04814652000110;2026-05-27;VIBRA;2026-S22;
05892261000187;2026-05-27;VIBRA;2026-S22;
06073382000160;2026-05-27;BRANCA;2026-S22;
08519545000110;2026-05-27;VIBRA;2026-S22;
09076862000172;2026-05-27;VIBRA;2026-S22;
11222333000181;2026-05-27;BRANCA;2026-S22;
11222333000262;2026-05-27;BRANCA;2026-S22;
11222333000505;2026-05-27;BRANCA;2026-S22;
13814642000176;2026-05-27;RAIZEN;2026-S22;
14096313000108;2026-05-27;RAIZEN;2026-S22;
15226314000184;2026-05-27;BRANCA;2026-S22;
18366697000184;2026-05-27;VIBRA;2026-S22;
20863591000138;2026-05-27;VIBRA;2026-S22;
23238396000105;2026-05-27;ATLÂNTICA;2026-S22;
24145665000151;2026-05-27;ATLÂNTICA;2026-S22;
27016518000170;2026-05-27;BRANCA;2026-S22;
27020445000190;2026-05-27;VIBRA;2026-S22;
27085240000192;2026-05-27;ALE;2026-S22;
27124023000164;2026-05-27;BRANCA;2026-S22;
27316819000119;2026-05-27;RAIZEN;2026-S22;
27352004000195;2026-05-27;VIBRA;2026-S22;
27394378000173;2026-05-27;IPIRANGA;2026-S22;
27396415000182;2026-05-27;VIBRA;2026-S22;
27493675000176;2026-05-27;BRANCA;2026-S22;
27495696000120;2026-05-27;IPIRANGA;2026-S22;
27926384000124;2026-05-27;IPIRANGA;2026-S22;
28344206000158;2026-05-27;BRANCA;2026-S22;
30538318000191;2026-05-27;RAIZEN;2026-S22;
30869047000157;2026-05-27;BRANCA;2026-S22;
34034823000150;2026-05-27;IPIRANGA;2026-S22;
36751443000161;2026-05-27;ALE;2026-S22;
03348196000106;2026-05-28;VIBRA;2026-S22;
09369995000137;2026-05-28;BRANCA;2026-S22;
27179654000342;2026-05-28;ATLÂNTICA;2026-S22;
29937036000188;2026-05-28;BRANCA;2026-S22;
39281274000131;2026-05-28;VIBRA;2026-S22;
47674687000104;2026-05-28;ATLÂNTICA;2026-S22;
10813831000136;2026-05-29;RAIZEN;2026-S22;
01496517000186;2026-06-01;VIBRA;2026-S23;
01503536000192;2026-06-01;VIBRA;2026-S23;preco conferido por telefone
01557127000179;2026-06-01;VIBRA;2026-S23;
01823633000162;2026-06-01;IPIRANGA;2026-S23;
02567214000170;2026-06-01;IPIRANGA;2026-S23;
02802986000149;2026-06-01;ATLÂNTICA;2026-S23;
04228463000166;2026-06-01;ATLÂNTICA;2026-S23;
04960337000100;2026-06-01;BRANCA;2026-S23;
07470392000100;2026-06-01;RAIZEN;2026-S23;
07571908000102;2026-06-01;VIBRA;2026-S23;
08022304000161;2026-06-01;IPIRANGA;2026-S23;
08788618000170;2026-06-01;RAIZEN;2026-S23;
09076862000172;2026-06-01;VIBRA;2026-S23;
10197775000152;2026-06-01;ATLÂNTICA;2026-S23;
10569345000114;2026-06-01;VIBRA;2026-S23;
11222333000262;2026-06-01;BRANCA;2026-S23;
11222333000343;2026-06-01;BRANCA;2026-S23;promo fim de semana?
11942147000117;2026-06-01;ALE;2026-S23;
14096313000108;2026-06-01;RAIZEN;2026-S23;
14806977000105;2026-06-01;IPIRANGA;2026-S23;
15010530000198;2026-06-01;RAIZEN;2026-S23;
17375525000104;2026-06-01;ALE;2026-S23;
17753176000117;2026-06-01;ALE;2026-S23;
23238396000105;2026-06-01;ATLÂNTICA;2026-S23;
26980450000181;2026-06-01;VIBRA;2026-S23;
27020445000190;2026-06-01;VIBRA;2026-S23;
27020445000513;2026-06-01;VIBRA;2026-S23;ATUALIZAR!!
27066273000276;2026-06-01;BRANCA;2026-S23;
27316819000119;2026-06-01;RAIZEN;2026-S23;
27734094000189;2026-06-01;RAIZEN;2026-S23;
28059632000140;2026-06-01;RAIZEN;2026-S23;
28413219000131;2026-06-01;VIBRA;2026-S23;
28761038000104;2026-06-01;VIBRA;2026-S23;
31465040000132;2026-06-01;IPIRANGA;2026-S23;
32248017000159;2026-06-01;IPIRANGA;2026-S23;
04145589001149;2026-06-02;BRANCA;2026-S23;
04145589001491;2026-06-02;VIBRA;2026-S23;
04361389000151;2026-06-02;ALE;2026-S23;ATUALIZAR!!
04361389000232;2026-06-02;ALE;2026-S23;
04850382000101;2026-06-02;VIBRA;2026-S23;
04994796000104;2026-06-02;VIBRA;2026-S23;
05393247000139;2026-06-02;ALE;2026-S23;
05738923000169;2026-06-02;RAIZEN;2026-S23;
07830414000197;2026-06-02;RAIZEN;2026-S23;
09167931000153;2026-06-02;IPIRANGA;2026-S23;
12535572000154;2026-06-02;IPIRANGA;2026-S23;
22356015000120;2026-06-02;IPIRANGA;2026-S23;
23314250000100;2026-06-02;BRANCA;2026-S23;
00345721000133;2026-06-03;IPIRANGA;2026-S23;
00580488000173;2026-06-03;IPIRANGA;2026-S23;
01283262000173;2026-06-03;BRANCA;2026-S23;
02582857000192;2026-06-03;ATLÂNTICA;2026-S23;
02583872000155;2026-06-03;VIBRA;2026-S23;conferir bandeira
02665124000111;2026-06-03;RAIZEN;2026-S23;
03348196000106;2026-06-03;VIBRA;2026-S23;
03408609000192;2026-06-03;IPIRANGA;2026-S23;
04411606000170;2026-06-03;BRANCA;2026-S23;
06073382000160;2026-06-03;BRANCA;2026-S23;
09369995000137;2026-06-03;BRANCA;2026-S23;
11222333000181;2026-06-03;BRANCA;2026-S23;
11222333000505;2026-06-03;BRANCA;2026-S23;ATUALIZAR!!
13814642000176;2026-06-03;RAIZEN;2026-S23;
15226314000184;2026-06-03;BRANCA;2026-S23;ATUALIZAR!!
20863591000138;2026-06-03;VIBRA;2026-S23;
21246940000135;2026-06-03;VIBRA;2026-S23;
21931941000119;2026-06-03;IPIRANGA;2026-S23;
24145665000151;2026-06-03;ATLÂNTICA;2026-S23;
27016518000170;2026-06-03;BRANCA;2026-S23;
27124023000164;2026-06-03;BRANCA;2026-S23;
27179654000342;2026-06-03;ATLÂNTICA;2026-S23;
28344206000158;2026-06-03;BRANCA;2026-S23;
28505616000133;2026-06-03;VIBRA;2026-S23;
29937036000188;2026-06-03;BRANCA;2026-S23;
30690682000172;2026-06-03;IPIRANGA;2026-S23;
30869047000157;2026-06-03;BRANCA;2026-S23;
31284466000190;2026-06-03;RAIZEN;2026-S23;
31717226000131;2026-06-03;BRANCA;2026-S23;
32546684000118;2026-06-03;ATLÂNTICA;2026-S23;
36751443000161;2026-06-03;ALE;2026-S23;
38023401000130;2026-06-03;ALE;2026-S23;
39281274000131;2026-06-03;VIBRA;2026-S23;
47674687000104;2026-06-03;ATLÂNTICA;2026-S23;preco conferido por telefone
03948877000369;2026-06-04;ALE;2026-S23;
04814652000110;2026-06-04;VIBRA;2026-S23;
05791319000104;2026-06-04;VIBRA;2026-S23;
07381843000124;2026-06-04;ALE;2026-S23;
08519545000110;2026-06-04;VIBRA;2026-S23;
08971375000100;2026-06-04;IPIRANGA;2026-S23;
20246670000108;2026-06-04;BRANCA;2026-S23;
27085240000192;2026-06-04;ALE;2026-S23;
36411940000200;2026-06-04;VIBRA;2026-S23;
01557127000179;2026-06-08;VIBRA;2026-S24;
01823633000162;2026-06-08;IPIRANGA;2026-S24;
04145589001149;2026-06-08;BRANCA;2026-S24;
04361389000151;2026-06-08;ALE;2026-S24;
05738923000169;2026-06-08;RAIZEN;2026-S24;
08022304000161;2026-06-08;IPIRANGA;2026-S24;
10569345000114;2026-06-08;VIBRA;2026-S24;
12535572000154;2026-06-08;IPIRANGA;2026-S24;
15010530000198;2026-06-08;RAIZEN;2026-S24;
17753176000117;2026-06-08;ALE;2026-S24;
22356015000120;2026-06-08;IPIRANGA;2026-S24;
31465040000132;2026-06-08;IPIRANGA;2026-S24;
34387806000104;2026-06-08;ALE;2026-S24;
01503536000192;2026-06-09;VIBRA;2026-S24;
01635041000206;2026-06-09;RAIZEN;2026-S24;
02567214000170;2026-06-09;IPIRANGA;2026-S24;
04228463000166;2026-06-09;ATLÂNTICA;2026-S24;
04960337000100;2026-06-09;BRANCA;2026-S24;
07571908000102;2026-06-09;VIBRA;2026-S24;
08788618000170;2026-06-09;RAIZEN;2026-S24;
10813831000136;2026-06-09;RAIZEN;2026-S24;
11222333000343;2026-06-09;BRANCA;2026-S24;
11942147000117;2026-06-09;ALE;2026-S24;
14806977000105;2026-06-09;IPIRANGA;2026-S24;
16577742000114;2026-06-09;VIBRA;2026-S24;
26980450000181;2026-06-09;VIBRA;2026-S24;
27066273000276;2026-06-09;BRANCA;2026-S24;
27734094000189;2026-06-09;RAIZEN;2026-S24;
28059632000140;2026-06-09;RAIZEN;2026-S24;
28413219000131;2026-06-09;VIBRA;2026-S24;
36336386000154;2026-06-09;IPIRANGA;2026-S24;
03948877000369;2026-06-10;ALE;2026-S24;
04145589001491;2026-06-10;VIBRA;2026-S24;
04361389000232;2026-06-10;ALE;2026-S24;
04994796000104;2026-06-10;VIBRA;2026-S24;
05393247000139;2026-06-10;ALE;2026-S24;
07381843000124;2026-06-10;ALE;2026-S24;
07470392000100;2026-06-10;RAIZEN;2026-S24;
07830414000197;2026-06-10;RAIZEN;2026-S24;
08519545000110;2026-06-10;VIBRA;2026-S24;
08971375000100;2026-06-10;IPIRANGA;2026-S24;
09167931000153;2026-06-10;IPIRANGA;2026-S24;
20246670000108;2026-06-10;BRANCA;2026-S24;
21246940000135;2026-06-10;VIBRA;2026-S24;
26058218000190;2026-06-10;IPIRANGA;2026-S24;
27023308000109;2026-06-10;BRANCA;2026-S24;
27085240000192;2026-06-10;ALE;2026-S24;
27352004000195;2026-06-10;VIBRA;2026-S24;
27495696000120;2026-06-10;IPIRANGA;2026-S24;
32467417000155;2026-06-10;VIBRA;2026-S24;
00580488000173;2026-06-11;IPIRANGA;2026-S24;
02582857000192;2026-06-11;ATLÂNTICA;2026-S24;
02802986000149;2026-06-11;ATLÂNTICA;2026-S24;ver com gerente
09076862000172;2026-06-11;VIBRA;2026-S24;
11222333000181;2026-06-11;BRANCA;2026-S24;
11222333000262;2026-06-11;BRANCA;2026-S24;
11222333000505;2026-06-11;BRANCA;2026-S24;
13814642000176;2026-06-11;RAIZEN;2026-S24;
14096313000108;2026-06-11;RAIZEN;2026-S24;
15226314000184;2026-06-11;BRANCA;2026-S24;
23238396000105;2026-06-11;ATLÂNTICA;2026-S24;
24145665000151;2026-06-11;ATLÂNTICA;2026-S24;ATUALIZAR!!
27016518000170;2026-06-11;VIBRA;2026-S24;
27020445000190;2026-06-11;VIBRA;2026-S24;
27020445000513;2026-06-11;VIBRA;2026-S24;
27316819000119;2026-06-11;RAIZEN;2026-S24;
27394378000173;2026-06-11;IPIRANGA;2026-S24;
27396415000182;2026-06-11;VIBRA;2026-S24;
27926384000124;2026-06-11;IPIRANGA;2026-S24;
28344206000158;2026-06-11;BRANCA;2026-S24;preco conferido por telefone
32248017000159;2026-06-11;IPIRANGA;2026-S24;
00345721000133;2026-06-12;IPIRANGA;2026-S24;
30869047000157;2026-06-12;BRANCA;2026-S24;
36751443000161;2026-06-12;ALE;2026-S24;
01496517000186;2026-06-15;VIBRA;2026-S25;
01557127000179;2026-06-15;VIBRA;2026-S25;
02802986000149;2026-06-15;ATLÂNTICA;2026-S25;
07470392000100;2026-06-15;RAIZEN;2026-S25;
09076862000172;2026-06-15;VIBRA;2026-S25;
10197775000152;2026-06-15;ATLÂNTICA;2026-S25;
14096313000108;2026-06-15;RAIZEN;2026-S25;
15010530000198;2026-06-15;RAIZEN;2026-S25;
17375525000104;2026-06-15;ALE;2026-S25;
17753176000117;2026-06-15;ALE;2026-S25;
23238396000105;2026-06-15;ATLÂNTICA;2026-S25;
27020445000190;2026-06-15;VIBRA;2026-S25;
27020445000513;2026-06-15;VIBRA;2026-S25;
27316819000119;2026-06-15;RAIZEN;2026-S25;
32248017000159;2026-06-15;IPIRANGA;2026-S25;
01635041000206;2026-06-16;RAIZEN;2026-S25;
01823633000162;2026-06-16;IPIRANGA;2026-S25;
02567214000170;2026-06-16;IPIRANGA;2026-S25;
03348196000106;2026-06-16;VIBRA;2026-S25;
04228463000166;2026-06-16;ATLÂNTICA;2026-S25;
04361389000151;2026-06-16;ALE;2026-S25;
04960337000100;2026-06-16;BRANCA;2026-S25;
05738923000169;2026-06-16;RAIZEN;2026-S25;
07571908000102;2026-06-16;VIBRA;2026-S25;
08788618000170;2026-06-16;RAIZEN;2026-S25;
09167931000153;2026-06-16;IPIRANGA;2026-S25;
11222333000343;2026-06-16;BRANCA;2026-S25;
11942147000117;2026-06-16;ALE;2026-S25;
12535572000154;2026-06-16;IPIRANGA;2026-S25;
14806977000105;2026-06-16;IPIRANGA;2026-S25;
16577742000114;2026-06-16;VIBRA;2026-S25;
21246940000135;2026-06-16;VIBRA;2026-S25;
22356015000120;2026-06-16;IPIRANGA;2026-S25;
26980450000181;2026-06-16;VIBRA;2026-S25;
27066273000276;2026-06-16;BRANCA;2026-S25;
27734094000189;2026-06-16;RAIZEN;2026-S25;
28059632000140;2026-06-16;RAIZEN;2026-S25;
28413219000131;2026-06-16;VIBRA;2026-S25;
30690682000172;2026-06-16;IPIRANGA;2026-S25;
31465040000132;2026-06-16;IPIRANGA;2026-S25;
32467417000155;2026-06-16;VIBRA;2026-S25;
47674687000104;2026-06-16;ATLÂNTICA;2026-S25;
01503536000192;2026-06-17;VIBRA;2026-S25;
03948877000369;2026-06-17;ALE;2026-S25;
04145589001149;2026-06-17;VIBRA;2026-S25;
04145589001491;2026-06-17;VIBRA;2026-S25;
04361389000232;2026-06-17;ALE;2026-S25;
04814652000110;2026-06-17;VIBRA;2026-S25;
04850382000101;2026-06-17;VIBRA;2026-S25;
04994796000104;2026-06-17;VIBRA;2026-S25;
05393247000139;2026-06-17;ALE;2026-S25;
05791319000104;2026-06-17;VIBRA;2026-S25;
07830414000197;2026-06-17;RAIZEN;2026-S25;
08022304000161;2026-06-17;IPIRANGA;2026-S25;promo fim de semana?
08519545000110;2026-06-17;VIBRA;2026-S25;
10569345000114;2026-06-17;VIBRA;2026-S25;
20246670000108;2026-06-17;BRANCA;2026-S25;
23314250000100;2026-06-17;BRANCA;2026-S25;
27085240000192;2026-06-17;ALE;2026-S25;
27495696000120;2026-06-17;IPIRANGA;2026-S25;
39814835000110;2026-06-17;VIBRA;2026-S25;
00345721000133;2026-06-18;IPIRANGA;2026-S25;
00580488000173;2026-06-18;IPIRANGA;2026-S25;
01283262000173;2026-06-18;BRANCA;2026-S25;
02582857000192;2026-06-18;ATLÂNTICA;2026-S25;
02583872000155;2026-06-18;VIBRA;2026-S25;
02665124000111;2026-06-18;RAIZEN;2026-S25;
03408609000192;2026-06-18;IPIRANGA;2026-S25;
04411606000170;2026-06-18;BRANCA;2026-S25;
11222333000181;2026-06-18;BRANCA;2026-S25;
11222333000505;2026-06-18;BRANCA;2026-S25;
13814642000176;2026-06-18;RAIZEN;2026-S25;
15226314000184;2026-06-18;BRANCA;2026-S25;
20863591000138;2026-06-18;VIBRA;2026-S25;
21931941000119;2026-06-18;IPIRANGA;2026-S25;
24145665000151;2026-06-18;ATLÂNTICA;2026-S25;
27016518000170;2026-06-18;VIBRA;2026-S25;
27124023000164;2026-06-18;BRANCA;2026-S25;
27179654000342;2026-06-18;ATLÂNTICA;2026-S25;
27394378000173;2026-06-18;IPIRANGA;2026-S25;
27396415000182;2026-06-18;VIBRA;2026-S25;promo fim de semana?
27926384000124;2026-06-18;IPIRANGA;2026-S25;
28344206000158;2026-06-18;BRANCA;2026-S25;
28505616000133;2026-06-18;VIBRA;2026-S25;
30869047000157;2026-06-18;BRANCA;2026-S25;
31284466000190;2026-06-18;RAIZEN;2026-S25;
39281274000131;2026-06-18;VIBRA;2026-S25;
36411940000200;2026-06-19;VIBRA;2026-S25;
01496517000186;2026-06-22;VIBRA;2026-S26;
01635041000206;2026-06-22;RAIZEN;2026-S26;
01823633000162;2026-06-22;IPIRANGA;2026-S26;
02567214000170;2026-06-22;IPIRANGA;2026-S26;
04145589001149;2026-06-22;VIBRA;2026-S26;
04228463000166;2026-06-22;ATLÂNTICA;2026-S26;
04361389000151;2026-06-22;ALE;2026-S26;
04960337000100;2026-06-22;BRANCA;2026-S26;
05738923000169;2026-06-22;RAIZEN;2026-S26;
08788618000170;2026-06-22;RAIZEN;2026-S26;
10569345000114;2026-06-22;VIBRA;2026-S26;
11222333000343;2026-06-22;BRANCA;2026-S26;
11942147000117;2026-06-22;ALE;2026-S26;
12535572000154;2026-06-22;IPIRANGA;2026-S26;
14806977000105;2026-06-22;IPIRANGA;2026-S26;
15010530000198;2026-06-22;RAIZEN;2026-S26;
16577742000114;2026-06-22;VIBRA;2026-S26;
17753176000117;2026-06-22;ALE;2026-S26;
22356015000120;2026-06-22;IPIRANGA;2026-S26;
26980450000181;2026-06-22;VIBRA;2026-S26;
27066273000276;2026-06-22;BRANCA;2026-S26;
27734094000189;2026-06-22;RAIZEN;2026-S26;
28059632000140;2026-06-22;RAIZEN;2026-S26;
28413219000131;2026-06-22;VIBRA;2026-S26;
31465040000132;2026-06-22;IPIRANGA;2026-S26;
01503536000192;2026-06-23;VIBRA;2026-S26;
02582857000192;2026-06-23;ATLÂNTICA;2026-S26;
04145589001491;2026-06-23;VIBRA;2026-S26;
04361389000232;2026-06-23;ALE;2026-S26;
04994796000104;2026-06-23;VIBRA;2026-S26;
05393247000139;2026-06-23;ALE;2026-S26;
05892261000187;2026-06-23;VIBRA;2026-S26;
06073382000160;2026-06-23;BRANCA;2026-S26;
07470392000100;2026-06-23;RAIZEN;2026-S26;
07571908000102;2026-06-23;VIBRA;2026-S26;
08022304000161;2026-06-23;IPIRANGA;2026-S26;
09167931000153;2026-06-23;IPIRANGA;2026-S26;
10197775000152;2026-06-23;ATLÂNTICA;2026-S26;
11222333000181;2026-06-23;BRANCA;2026-S26;
11222333000505;2026-06-23;BRANCA;2026-S26;
13814642000176;2026-06-23;RAIZEN;2026-S26;
15226314000184;2026-06-23;BRANCA;2026-S26;
17375525000104;2026-06-23;ALE;2026-S26;
18366697000184;2026-06-23;VIBRA;2026-S26;
21246940000135;2026-06-23;VIBRA;2026-S26;
23305603000105;2026-06-23;VIBRA;2026-S26;
24145665000151;2026-06-23;ATLÂNTICA;2026-S26;
27394378000173;2026-06-23;IPIRANGA;2026-S26;
27396415000182;2026-06-23;VIBRA;2026-S26;
29986296000143;2026-06-23;RAIZEN;2026-S26;
00580488000173;2026-06-24;IPIRANGA;2026-S26;
27016518000170;2026-06-24;VIBRA;2026-S26;
27926384000124;2026-06-24;IPIRANGA;2026-S26;
00345721000133;2026-06-25;IPIRANGA;2026-S26;
01283262000173;2026-06-25;BRANCA;2026-S26;
02583872000155;2026-06-25;VIBRA;2026-S26;
02665124000111;2026-06-25;RAIZEN;2026-S26;
02802986000149;2026-06-25;ATLÂNTICA;2026-S26;
03408609000192;2026-06-25;IPIRANGA;2026-S26;
03948877000369;2026-06-25;ALE;2026-S26;
04411606000170;2026-06-25;BRANCA;2026-S26;
04814652000110;2026-06-25;VIBRA;2026-S26;
07381843000124;2026-06-25;ALE;2026-S26;
08519545000110;2026-06-25;VIBRA;2026-S26;
08971375000100;2026-06-25;IPIRANGA;2026-S26;
09076862000172;2026-06-25;VIBRA;2026-S26;
10813831000136;2026-06-25;RAIZEN;2026-S26;
11222333000262;2026-06-25;BRANCA;2026-S26;
14096313000108;2026-06-25;RAIZEN;2026-S26;
20246670000108;2026-06-25;BRANCA;2026-S26;
20863591000138;2026-06-25;VIBRA;2026-S26;
21931941000119;2026-06-25;IPIRANGA;2026-S26;
23238396000105;2026-06-25;ATLÂNTICA;2026-S26;
27020445000190;2026-06-25;VIBRA;2026-S26;
27020445000513;2026-06-25;VIBRA;2026-S26;
27085240000192;2026-06-25;ALE;2026-S26;
27124023000164;2026-06-25;BRANCA;2026-S26;
27179654000342;2026-06-25;ATLÂNTICA;2026-S26;
27316819000119;2026-06-25;RAIZEN;2026-S26;
28505616000133;2026-06-25;VIBRA;2026-S26;
31284466000190;2026-06-25;RAIZEN;2026-S26;
32248017000159;2026-06-25;IPIRANGA;2026-S26;
39281274000131;2026-06-25;VIBRA;2026-S26;
39814835000110;2026-06-25;VIBRA;2026-S26;
01496517000186;2026-06-29;VIBRA;2026-S27;
01557127000179;2026-06-29;VIBRA;2026-S27;
01635041000206;2026-06-29;RAIZEN;2026-S27;
01823633000162;2026-06-29;IPIRANGA;2026-S27;
02567214000170;2026-06-29;IPIRANGA;2026-S27;
02802986000149;2026-06-29;ATLÂNTICA;2026-S27;
04145589001149;2026-06-29;VIBRA;2026-S27;
04228463000166;2026-06-29;ATLÂNTICA;2026-S27;
04960337000100;2026-06-29;BRANCA;2026-S27;
07470392000100;2026-06-29;RAIZEN;2026-S27;
07571908000102;2026-06-29;VIBRA;2026-S27;
08788618000170;2026-06-29;RAIZEN;2026-S27;
09076862000172;2026-06-29;VIBRA;2026-S27;
10197775000152;2026-06-29;ATLÂNTICA;2026-S27;
14096313000108;2026-06-29;RAIZEN;2026-S27;
14806977000105;2026-06-29;IPIRANGA;2026-S27;
15010530000198;2026-06-29;RAIZEN;2026-S27;
16577742000114;2026-06-29;VIBRA;2026-S27;
17375525000104;2026-06-29;ALE;2026-S27;
17753176000117;2026-06-29;ALE;2026-S27;
21246940000135;2026-06-29;VIBRA;2026-S27;
23238396000105;2026-06-29;ATLÂNTICA;2026-S27;
26980450000181;2026-06-29;VIBRA;2026-S27;promo fim de semana?
27020445000190;2026-06-29;VIBRA;2026-S27;
27020445000513;2026-06-29;VIBRA;2026-S27;
27066273000276;2026-06-29;BRANCA;2026-S27;
27316819000119;2026-06-29;RAIZEN;2026-S27;
27734094000189;2026-06-29;RAIZEN;2026-S27;
28413219000131;2026-06-29;VIBRA;2026-S27;
28761038000104;2026-06-29;VIBRA;2026-S27;
29326587000105;2026-06-29;VIBRA;2026-S27;
32248017000159;2026-06-29;IPIRANGA;2026-S27;
01283262000173;2026-06-30;BRANCA;2026-S27;
01503536000192;2026-06-30;VIBRA;2026-S27;
02583872000155;2026-06-30;VIBRA;2026-S27;
02665124000111;2026-06-30;RAIZEN;2026-S27;
03408609000192;2026-06-30;IPIRANGA;2026-S27;
04145589001491;2026-06-30;VIBRA;2026-S27;
04361389000151;2026-06-30;ALE;2026-S27;
04361389000232;2026-06-30;ALE;2026-S27;
04411606000170;2026-06-30;BRANCA;2026-S27;
04850382000101;2026-06-30;VIBRA;2026-S27;
04994796000104;2026-06-30;VIBRA;2026-S27;
05393247000139;2026-06-30;ALE;2026-S27;
05738923000169;2026-06-30;RAIZEN;2026-S27;
07830414000197;2026-06-30;RAIZEN;2026-S27;
08022304000161;2026-06-30;IPIRANGA;2026-S27;
09167931000153;2026-06-30;IPIRANGA;2026-S27;
10569345000114;2026-06-30;VIBRA;2026-S27;
11222333000181;2026-06-30;BRANCA;2026-S27;
12535572000154;2026-06-30;IPIRANGA;2026-S27;
13814642000176;2026-06-30;RAIZEN;2026-S27;
20863591000138;2026-06-30;VIBRA;2026-S27;
21931941000119;2026-06-30;IPIRANGA;2026-S27;
22356015000120;2026-06-30;IPIRANGA;2026-S27;
23314250000100;2026-06-30;BRANCA;2026-S27;
27124023000164;2026-06-30;BRANCA;2026-S27;
27179654000342;2026-06-30;ATLÂNTICA;2026-S27;
28505616000133;2026-06-30;VIBRA;2026-S27;
30690682000172;2026-06-30;IPIRANGA;2026-S27;
31284466000190;2026-06-30;RAIZEN;2026-S27;
39281274000131;2026-06-30;VIBRA;2026-S27;
47674687000104;2026-06-30;ATLÂNTICA;2026-S27;
