cnpj;servico
00345721000133;Conveniencia
05349237000104;Troca De Oleo
05349237000104;Caixa Eletronico
05609081000145;Lava-Jato
05609081000145;Troca De Oleo
05609081000145;Caixa Eletronico
05609081000145;Borracharia
09369995000137;Lava-Jato
09369995000137;Troca De Oleo
09369995000137;Conveniencia
10223356000148;Borracharia
10331576000195;Conveniencia
10331576000195;Caixa Eletronico
10331576000195;Troca De Oleo
10331576000195;Borracharia
13602147000101;Borracharia
13602147000101;Caixa Eletronico
14509900000173;Lava-Jato
14509900000173;Calibragem
14509900000173;Caixa Eletronico
14509900000173;Troca De Oleo
27303411000102;Conveniencia
27303411000374;Caixa Eletronico
27303411000374;Lava-Jato
27664597000710;Conveniencia
27664597000710;Borracharia
27664597000710;Calibragem
29937036000188;Calibragem
29937036000188;Conveniencia
30578975000162;Calibragem
30690682000172;Troca De Oleo
30690682000172;Calibragem
37361618000197;Caixa Eletronico
37361618000197;Calibragem
47674687000104;Calibragem
47674687000104;Caixa Eletronico
07470392000100;Borracharia
10197775000152;Caixa Eletronico
10197775000152;Conveniencia
17375525000104;Troca De Oleo
17375525000104;Calibragem
17375525000104;Borracharia
17375525000104;Caixa Eletronico
00762780000298;Borracharia
01514752000133;Caixa Eletronico
01823633000162;Borracharia
01823633000162;Calibragem
04228463000166;Caixa Eletronico
04228463000166;Troca De Oleo
04361389000151;Calibragem
04361389000151;Borracharia
04361389000232;Borracharia
04361389000232;Caixa Eletronico
04361389000232;Troca De Oleo
04960337000100;Borracharia
04960337000100;Calibragem
04994796000104;Borracharia
04994796000104;Calibragem
04994796000104;Troca De Oleo
04994796000104;Caixa Eletronico
05393247000139;Borracharia
05393247000139;Caixa Eletronico
05393247000139;Calibragem
05738923000169;Conveniencia
05738923000169;Borracharia
05738923000169;Caixa Eletronico
05738923000169;Calibragem
07571908000102;Borracharia
07571908000102;Lava-Jato
07571908000102;Conveniencia
07830414000197;Calibragem
07830414000197;Troca De Oleo
07830414000197;Borracharia
08788618000170;Borracharia
08788618000170;Caixa Eletronico
08788618000170;Troca De Oleo
11222333000343;Conveniencia
11222333000343;Borracharia
11222333000424;Troca De Oleo
11942147000117;Conveniencia
11942147000117;Caixa Eletronico
11942147000117;Troca De Oleo
12535572000154;Borracharia
12535572000154;Calibragem
12535572000154;Troca De Oleo
14806977000105;Borracharia
16577742000114;Troca De Oleo
16577742000114;Caixa Eletronico
22356015000120;Troca De Oleo
22356015000120;Borracharia
22356015000120;Lava-Jato
22356015000120;Conveniencia
26980450000181;Caixa Eletronico
27066273000276;Lava-Jato
27066273000276;Troca De Oleo
27066273000276;Borracharia
27493675000176;Borracharia
27493675000176;Conveniencia
27493675000176;Troca De Oleo
27664597000630;Troca De Oleo
27664597000630;Lava-Jato
27664597000630;Calibragem
27664597000982;Conveniencia
27664597000982;Borracharia
27664597000982;Lava-Jato
27734094000189;Borracharia
27734094000189;Calibragem
28059632000140;Caixa Eletronico
28059632000140;Borracharia
28059632000140;Troca De Oleo
28413219000131;Lava-Jato
31465040000132;Calibragem
31465040000132;Lava-Jato
00580488000173;Troca De Oleo
00580488000173;Borracharia
00580488000173;Caixa Eletronico
01496517000186;Conveniencia
01496517000186;Borracharia
01496517000186;Caixa Eletronico
01496517000186;Calibragem
01557127000179;Borracharia
01557127000179;Caixa Eletronico
02582857000192;Lava-Jato
04145589001149;Lava-Jato
04145589001149;Troca De Oleo
04145589001149;Borracharia
04850382000101;Caixa Eletronico
04850382000101;Lava-Jato
05892261000187;Calibragem
06073382000160;Caixa Eletronico
06073382000160;Calibragem
06073382000160;Lava-Jato
06073382000160;Borracharia
09167931000153;Calibragem
09167931000153;Conveniencia
09167931000153;Caixa Eletronico
10569345000114;Caixa Eletronico
10569345000114;Troca De Oleo
10569345000114;Lava-Jato
10569345000114;Calibragem
11222333000181;Conveniencia
11222333000181;Troca De Oleo
11222333000181;Caixa Eletronico
11222333000181;Borracharia
11222333000505;Conveniencia
13814642000176;Troca De Oleo
13814642000176;Calibragem
13814642000176;Caixa Eletronico
13814642000176;Conveniencia
15010530000198;Conveniencia
15226314000184;Borracharia
15226314000184;Lava-Jato
15226314000184;Conveniencia
15226314000184;Calibragem
23314250000100;Conveniencia
23314250000100;Borracharia
23314250000100;Calibragem
24145665000151;Conveniencia
24145665000151;Caixa Eletronico
27016518000170;Borracharia
27394378000173;Calibragem
27394378000173;Caixa Eletronico
27396415000182;Caixa Eletronico
27396415000182;Borracharia
27396415000182;Conveniencia
27926384000124;Caixa Eletronico
27926384000124;Conveniencia
27926384000124;Borracharia
27926384000124;Calibragem
28344206000158;Troca De Oleo
28344206000158;Conveniencia
28344206000158;Lava-Jato
28344206000158;Borracharia
36004950000131;Calibragem
36004950000131;Lava-Jato
36004950000131;Troca De Oleo
36751443000161;Calibragem
36751443000161;Borracharia
36751443000161;Caixa Eletronico
42176421000118;Troca De Oleo
42176421000118;Borracharia
42176421000118;Calibragem
42176421000118;Conveniencia
45543915004683;Conveniencia
45543915004683;Calibragem
01283262000173;Caixa Eletronico
01503536000192;Caixa Eletronico
01503536000192;Borracharia
02583872000155;Caixa Eletronico
02583872000155;Lava-Jato
02583872000155;Conveniencia
02665124000111;Caixa Eletronico
02665124000111;Conveniencia
02665124000111;Calibragem
02665124000111;Borracharia
02802986000149;Borracharia
02802986000149;Caixa Eletronico
02802986000149;Lava-Jato
03408609000192;Conveniencia
03408609000192;Calibragem
03948877000369;Calibragem
03948877000369;Lava-Jato
03948877000369;Troca De Oleo
04411606000170;Conveniencia
04411606000170;Troca De Oleo
04411606000170;Borracharia
04814652000110;Calibragem
04814652000110;Lava-Jato
04814652000110;Conveniencia
05791319000104;Borracharia
05791319000104;Calibragem
07381843000124;Borracharia
08519545000110;Caixa Eletronico
08519545000110;Troca De Oleo
08519545000110;Conveniencia
08971375000100;Lava-Jato
08971375000100;Troca De Oleo
09076862000172;Caixa Eletronico
10813831000136;Troca De Oleo
10813831000136;Caixa Eletronico
10813831000136;Borracharia
10813831000136;Lava-Jato
14096313000108;Conveniencia
20246670000108;Troca De Oleo
20246670000108;Calibragem
20863591000138;Calibragem
20863591000138;Troca De Oleo
20863591000138;Borracharia
20863591000138;Conveniencia
21931941000119;Lava-Jato
21931941000119;Calibragem
21931941000119;Borracharia
21931941000119;Troca De Oleo
23238396000105;Caixa Eletronico
27020445000190;Calibragem
27020445000190;Conveniencia
27020445000513;Caixa Eletronico
27020445000513;Borracharia
27124023000164;Borracharia
27124023000164;Lava-Jato
27179654000342;Lava-Jato
27179654000342;Conveniencia
27179654000342;Caixa Eletronico
27179654000342;Troca De Oleo
27316819000119;Lava-Jato
27316819000119;Conveniencia
28505616000133;Borracharia
28505616000133;Troca De Oleo
31284466000190;Borracharia
32248017000159;Caixa Eletronico
32248017000159;Lava-Jato
36411940000200;Calibragem
36411940000200;Caixa Eletronico
36411940000200;Conveniencia
39281274000131;Conveniencia
02567214000170;Conveniencia
02567214000170;Borracharia
02567214000170;Calibragem
11222333000262;Conveniencia
11222333000262;Caixa Eletronico
11222333000262;Troca De Oleo
17753176000117;Troca De Oleo
17753176000117;Conveniencia
17753176000117;Calibragem
17753176000117;Lava-Jato
21246940000135;Calibragem
21246940000135;Conveniencia
32467417000155;Lava-Jato
32467417000155;Borracharia
32467417000155;Calibragem
32467417000155;Caixa Eletronico
36336386000154;Caixa Eletronico
36336386000154;Borracharia
08022304000161;Borracharia
26058218000190;Troca De Oleo
27025907000161;Calibragem
27664597001288;Borracharia
27664597001288;Lava-Jato
28037679000102;Caixa Eletronico
28037679000102;Conveniencia
34387806000104;Conveniencia
34387806000104;Lava-Jato
34387806000104;Caixa Eletronico
34387806000104;Calibragem
27085240000192;Lava-Jato
27085240000192;Calibragem
30869047000157;Lava-Jato
30869047000157;Troca De Oleo
30869047000157;Caixa Eletronico
18366697000184;Conveniencia
34765133000170;Borracharia
38530950000109;Caixa Eletronico
38530950000109;Borracharia
38530950000109;Lava-Jato
23305603000105;Borracharia
02468894000174;Lava-Jato
02468894000174;Troca De Oleo
02468894000174;Caixa Eletronico
27495696000120;Conveniencia
27495696000120;Borracharia
27495696000120;Troca De Oleo
27352004000195;Lava-Jato
27352004000195;Borracharia
30538318000191;Calibragem
28761038000104;Lava-Jato
39814835000110;Conveniencia
36309276000101;Calibragem
36309276000101;Borracharia
29326587000105;Caixa Eletronico
29326587000105;Troca De Oleo
29326587000105;Borracharia
29326587000105;Conveniencia
32311728000120;Conveniencia
33869754000131;Lava-Jato
33869754000131;Conveniencia
35798964000101;Caixa Eletronico
35798964000101;Lava-Jato
35798964000101;Calibragem
39383880000168;Borracharia
39383880000168;Caixa Eletronico
39383880000168;Troca De Oleo
39383880000168;Lava-Jato
39343553000182;Calibragem
39343553000182;Caixa Eletronico
39383377000102;Calibragem
29986296000143;Borracharia
29986296000143;Lava-Jato
31815194000107;Lava-Jato
38023401000130;Borracharia
38023401000130;Conveniencia
39275615000166;Troca De Oleo
39277771000166;Troca De Oleo
39277771000166;Borracharia
39277771000166;Caixa Eletronico
02806627000160;Borracharia
02806627000160;Conveniencia
18526631000104;Conveniencia
03348196000106;Lava-Jato
03348196000106;Conveniencia
31727338000173;Borracharia
31727338000173;Caixa Eletronico
31727338000173;Lava-Jato
31727338000173;Conveniencia
39400494000137;Calibragem
39400494000137;Borracharia
39400494000137;Troca De Oleo
39400494000137;Conveniencia
34034823000150;Conveniencia
34034823000150;Caixa Eletronico
34034823000150;Troca De Oleo
34034823000150;Calibragem
36675989000180;Lava-Jato
36675989000180;Troca De Oleo
36675989000180;Calibragem
30456018000163;Borracharia
30456018000163;Troca De Oleo
30456018000163;Lava-Jato
30456018000163;Conveniencia
27664597000559;Lava-Jato
27664597000559;Caixa Eletronico
27664597000559;Troca De Oleo
11217185000107;Calibragem
11217185000107;Lava-Jato
11217185000107;Borracharia
97538270000192;Calibragem
97538270000192;Caixa Eletronico
97538270000192;Borracharia
03058196000163;Borracharia
04145589001491;Caixa Eletronico
31717226000131;Conveniencia
31717226000131;Lava-Jato
31717226000131;Caixa Eletronico
32546684000118;Calibragem
01635041000206;Troca De Oleo
01635041000206;Calibragem
01635041000206;Lava-Jato
01635041000206;Conveniencia
27023308000109;Caixa Eletronico
