cnpj;tipo_posto;razao_social;grupo_economico;logradouro;numero;complemento;bairro;cep;municipio;uf;regiao;gerente
36309276000101;CONCORRENTE;AUTO SERVICO OURO NEGRO LTDA;AUTO SERVICO OURO NEGRO LTDA;AVENIDA DUARTE LEMOS;345;;ILHA DO PRINCIPE;29020-370;VITORIA;ES;SE;
32311728000120;CONCORRENTE;POSTO CAMBURI I LTDA;POSTO CAMBURI I LTDA;RUA GELU VERVLOET DOS SANTOS;714;;JARDIM CAMBURI;29090-100;VITORIA;ES;SE;
35798964000101;CONCORRENTE;S.A.BIAZUTTI LEITE - AUTO POSTO REDE SHOW LTDA;S.A.BIAZUTTI LEITE - AUTO POSTO REDE SHOW LTDA;AVENIDA SAO FRANCISCO;131;BLOCO A;PLANALTO SERRANO;29178-400;SERRA;ES;SE;
31815194000107;CONCORRENTE;POSTO MINEIRO LTDA;POSTO MINEIRO LTDA;RODOVIA GOVERNADOR JOSE HENRIQUE SETTE;6174;;SANTANA;29154-200;CARIACICA;ES;SE;
39275615000166;CONCORRENTE;CASSIO ADRIANO DEZAN;CASSIO ADRIANO DEZAN;RODOVIA GOVERNADOR MARIO COVAS;13831;;VILA CAPIXABA;29148-015;CARIACICA;ES;SE;
39277771000166;CONCORRENTE;POSTO PAI E FILHA LTDA;POSTO PAI E FILHA LTDA;RODOVIA GOVERNADOR MARIO COVAS;13271;;VILA CAPIXABA;29148-015;CARIACICA;ES;SE;
33869754000131;CONCORRENTE;POSTO PRIME NORTE SUL LTDA;POSTO PRIME NORTE SUL LTDA;AVENIDA JOSE MARIA VIVACQUA SANTOS;100;;JARDIM CAMBURI;29092-105;VITORIA;ES;SE;
39383880000168;CONCORRENTE;AUTO SERVICO AEROPORTO LTDA;AUTO SERVICO AEROPORTO LTDA; -V. ADALBERTO SIMAO NADER;1001;;REPUBLICA;29070-010;VITORIA;ES;SE;
39400494000137;CONCORRENTE;AUTO POSTO PRESIDENTE LTDA;AUTO POSTO PRESIDENTE LTDA;AVENIDA FERNANDO FERRARI;808;;JARDIM DA PENHA;29075-010;VITORIA;ES;SE;
02806627000160;CONCORRENTE;POSTO BARBADOS LTDA;POSTO BARBADOS LTDA; BR 259 KM 46;S/N;TREVO DE BARBADOS;BARBADOS;29700-778;COLATINA;ES;SE;
18526631000104;CONCORRENTE;POSTO BAUNILHA LTDA;POSTO BAUNILHA LTDA;RODOVIA BR-259;SN;"KM: 36 E MEIO;";BAUNILHA;29712-020;COLATINA;ES;SE;
27025907000161;CONCORRENTE;INCAP INDUSTRIA E COMERCIO AGRO PECUARIO LTDA;INCAP INDUSTRIA E COMERCIO AGRO PECUARIO LTDA;AVENIDA JOSE MARTINS RATO;S/N;;NOSSA SENHORA DE FATIMA;29160-790;SERRA;ES;SE;
27664597001288;CONCORRENTE;AUTO POSTO SCHUENG LTDA;AUTO POSTO SCHUENG LTDA;RODOVIA GOVERNADOR MARIO COVAS;S/N;QUADRA092                 LOTE  007;ROSARIO DE FATIMA;29161-160;SERRA;ES;SE;
28037679000102;CONCORRENTE;POSTO TUBARAO COM DE DERIVADOS DE PETROLEO LTDA;POSTO TUBARAO COM DE DERIVADOS DE PETROLEO LTDA;AVENIDA PRESIDENTE CASTELO BRANCO;315;;NOSSA SENHORA DO ROSARIO DE FATIMA;29161-135;SERRA;ES;SE;
31727338000173;CONCORRENTE;POSTO DE SERVICOS PAO COM LINGUICA EIRELI;POSTO DE SERVICOS PAO COM LINGUICA EIRELI;AVENIDA CENTRAL B;386;SETOR II;CIVIT II;29168-071;SERRA;ES;SE;
14509900000173;CONCORRENTE;POSTO DE COMBUSTIVEIS LINHARES LTDA;POSTO DE COMBUSTIVEIS LINHARES LTDA;AVENIDA SAO MATEUS;S/N;;SHELL;29901-630;LINHARES;ES;SE;
30578975000162;CONCORRENTE;CAMATTA & CIA LTDA;CAMATTA & CIA LTDA;AVENIDA WENCESLAU BRAZ;133;;CENTRO;29901-260;LINHARES;ES;SE;
30456018000163;CONCORRENTE;ALTERNATO COMERCIO DE COMBUSTIVEIS LTDA;ALTERNATO COMERCIO DE COMBUSTIVEIS LTDA;AVENIDA NOSSA SENHORA DA PENHA;2719;;SANTA LUIZA;29045-403;VITORIA;ES;SE;
39343553000182;CONCORRENTE;FRED ROSALEM HELIODORO;FRED ROSALEM HELIODORO;RUA JOSE ROSALEM;1;;SANTA INES;29105-645;VILA VELHA;ES;SE;
45543915004683;CONCORRENTE;CARREFOUR COMERCIO E INDUSTRIA LTDA;CARREFOUR COMERCIO E INDUSTRIA LTDA;AVENIDA DARLY SANTOS;4393;;NOSSA SENHORA DA PENHA;29123-600;VILA VELHA;ES;SE;
02468894000174;CONCORRENTE;POSTO OURO NEGRO LTDA;POSTO OURO NEGRO LTDA;AVENIDA SAMUEL BATISTA CRUZ;2319;;COLINA;29901-401;LINHARES;ES;SE;
42176421000118;CONCORRENTE;AUTOPOSTO DE COMBUSTIVEIS MASP SANTA INES LTDA;AUTOPOSTO DE COMBUSTIVEIS MASP SANTA INES LTDA;AVENIDA CARLOS LINDENBERG;3241;;SANTA INES;29108-075;VILA VELHA;ES;SE;
27303411000102;CONCORRENTE;AUTO POSTO DADINHO LTDA;AUTO POSTO DADINHO LTDA;RODOVIA BR 101;S/N;KM 140;CANIVETE;29901-401;LINHARES;ES;SE;
27664597000710;CONCORRENTE;AUTO POSTO SCHUENG LTDA;AUTO POSTO SCHUENG LTDA;AVENIDA DOUTOR RAIMUNDO GUILHERME SOBRINHO;176;;BOA VISTA;29931-630;SAO MATEUS;ES;SE;
97538270000192;CONCORRENTE;SUPER POSTO JEQUITIBA LTDA;SUPER POSTO JEQUITIBA LTDA;RODOVIA BR 101, KM 134;S/N;;CANIVETE;29909-025;LINHARES;ES;SE;
11217185000107;CONCORRENTE;POSTO PARADAO DA 101 LTDA;POSTO PARADAO DA 101 LTDA;RODOVIA GOVERNADOR MARIO COVAS;S/N;KM    16010;BEBEDOURO;29915-140;LINHARES;ES;SE;
27664597000559;CONCORRENTE;AUTO POSTO SCHUENG LTDA;AUTO POSTO SCHUENG LTDA;RODOVIA GOVERNADOR MARIO COVAS;S/N;KM    159;BEBEDOURO;29915-140;LINHARES;ES;SE;
01514752000133;CONCORRENTE;POSTO THIAGO LIMITADA;POSTO THIAGO LIMITADA;AVENIDA CEZAR HILAL;868;;BENTO FERREIRA;29050-662;VITORIA;ES;SE;
11222333000424;PROPRIO;REDE MARE COMBUSTIVEIS LTDA;REDE MARE;RODOVIA GOVERNADOR MARIO COVAS;4324;KM    265   POSTO;PLANALTO DE CARAPINA;29162-702;SERRA;ES;SE;Renata Alves
03058196000163;CONCORRENTE;AUTO POSTO DANTAS LTDA;AUTO POSTO DANTAS LTDA;RODOVIA GOVERNADOR LACERDA DE AGUIAR;SN;;CORONEL BORGES;29306-095;CACHOEIRO DE ITAPEMIRIM;ES;SE;
10223356000148;CONCORRENTE;POSTO TREVO DA PONTE LTDA;POSTO TREVO DA PONTE LTDA;AVENIDA GOVERNADOR JONES DOS SANTOS NEVES;160;;AVISO;29900-384;LINHARES;ES;SE;
39383377000102;CONCORRENTE;AUTO POSTO VILA VELHA LTDA;AUTO POSTO VILA VELHA LTDA;RODOVIA CARLOS LINDEMBERG;101;;CENTRO;29123-600;VILA VELHA;ES;SE;
00762780000298;CONCORRENTE;POSTO SD LTDA;POSTO SD LTDA;AVENIDA GOVERNADOR EURICO VIEIRA DE REZENDE;278;LOTE  1-2-3-4-5;GURIRI NORTE;29946-100;SAO MATEUS;ES;SE;
27664597000630;CONCORRENTE;AUTO POSTO SCHUENG LTDA;AUTO POSTO SCHUENG LTDA;RUA DOMINGOS CARRAFA;49;;GURIRI SUL;29945-170;SAO MATEUS;ES;SE;
27664597000982;CONCORRENTE;AUTO POSTO SCHUENG LTDA;AUTO POSTO SCHUENG LTDA;AVENIDA ESBERTALINA BARBOSA DAMIANI;41-N;;GURIRI NORTE;29946-490;SAO MATEUS;ES;SE;
34765133000170;CONCORRENTE;RGM 2 COMERCIO DE PETROLEO LTDA;RGM 2 COMERCIO DE PETROLEO LTDA;AVENIDA CARLOS LINDENBERG;2423;ANEXO 1;IBES;29108-335;VILA VELHA;ES;SE;
36004950000131;CONCORRENTE;DERIVADOS PETROLEO SANTA INES LTDA;DERIVADOS PETROLEO SANTA INES LTDA;RODOVIA CARLOS LINDEMBERG;1801;;SANTA INES;29100-000;VILA VELHA;ES;SE;
05609081000145;CONCORRENTE;AUTO SERVICO FLORESTA LTDA;AUTO SERVICO FLORESTA LTDA;AVENIDA PREFEITO SAMUEL BATISTA CRUZ;1276;;ARACA;29900-100;LINHARES;ES;SE;
10331576000195;CONCORRENTE;AUTO POSTO LINHARES LTDA;AUTO POSTO LINHARES LTDA;AVENIDA JOSE TESCH;657;;SHELL;29901-500;LINHARES;ES;SE;
13602147000101;CONCORRENTE;AUTO POSTO LAGOA DO MEIO LTDA;AUTO POSTO LAGOA DO MEIO LTDA;RUA GUAICURUS;18;;LAGOA DO MEIO;29904-010;LINHARES;ES;SE;
36675989000180;CONCORRENTE;COMERCIO DE COMBUSTIVEIS COQUEIRAL DE ITAPARICA LTDA;COMERCIO DE COMBUSTIVEIS COQUEIRAL DE ITAPARICA LTDA;AVENIDA SANTA LEOPOLDINA;635;;COQUEIRAL DE ITAPARICA;29102-320;VILA VELHA;ES;SE;
38530950000109;CONCORRENTE;POSTO CAPUABA LTDA;POSTO CAPUABA LTDA;ESTRADA CAPUABA;21;;ATAIDE;29119-060;VILA VELHA;ES;SE;
05349237000104;CONCORRENTE;POSTO IRMAOS CAMATTA LTDA;POSTO IRMAOS CAMATTA LTDA;RODOVIA BR 101, KM 143;S/N;;CANIVETE;29909-010;LINHARES;ES;SE;
27303411000374;CONCORRENTE;AUTO POSTO DADINHO LTDA;AUTO POSTO DADINHO LTDA;AVENIDA VEREADOR WILMO VITORIO GUIZANI;12;;SAO JOSE;29905-080;LINHARES;ES;SE;
37361618000197;CONCORRENTE;AUTO POSTO MAX COMBUSTIVEIS E DERIVADOS LTDA;AUTO POSTO MAX COMBUSTIVEIS E DERIVADOS LTDA;AVENIDA CEREJEIRA;694;LOTE  01                  QUADRA12;MOVELAR;29906-014;LINHARES;ES;SE;
27493675000176;CONCORRENTE;POSTO RIO DOCE LTDA;POSTO RIO DOCE LTDA.;R SEVERINO DAMIANI;177;;CENTRO;29700-013;COLATINA;ES;SE;
30538318000191;CONCORRENTE;ZAM COMERCIO DE COMBUSTIVEIS LTDA;ZAM COMERCIO DE COMBUSTIVEIS LTDA;AVENIDA SILVIO AVIDOS;815;;SAO SILVANO;29703-100;COLATINA;ES;SE;
34034823000150;CONCORRENTE;AUTO POSTO ROTA 22 LTDA;AUTO POSTO ROTA 22 LTDA;AVENIDA PADRE JOSE DE ANCHIETA;2083;LOTE  01 A 07;PRAIA DO MORRO;29216-005;GUARAPARI;ES;SE;
09369995000137;CONCORRENTE;POSTO DE COMBUSTIVEIS FERRARI SAO MATEUS LTDA;POSTO DE COMBUSTIVEIS FERRARI SAO MATEUS LTDA;RODOVIA BR-101 NORTE;921;"KM: 63;";VILA NOVA;29941-010;SAO MATEUS;ES;SE;
29937036000188;CONCORRENTE;LOCVAN TRANSPORTE E TURISMO LTDA;LOCVAN TRANSPORTE E TURISMO LTDA;RODOVIA GOVERNADOR MARIO COVAS;573;;VILA NOVA;29941-010;SAO MATEUS;ES;SE;
31717226000131;CONCORRENTE;POSTO CHEGADA LTDA;POSTO CHEGADA LTDA;AVENIDA MARIO GURGEL;1701;;JARDIM AMERICA;29140-261;CARIACICA;ES;SE;
32546684000118;CONCORRENTE;VINICIUS C BRAUN;VINICIUS C BRAUN;RODOVIA BR-262;2018;;ALTO LAJE;29151-026;CARIACICA;ES;SE;
38023401000130;CONCORRENTE;COMERCIO VAREJISTA DE COMBUSTIVEIS PETROL'S LTDA;COMERCIO VAREJISTA DE COMBUSTIVEIS PETROL'S LTDA;RODOVIA LESTE-OESTE;2668;;CAMPO BELO;29143-054;CARIACICA;ES;SE;
34387806000104;CONCORRENTE;POSTO SATURNINO RANGEL MAURO LTDA;POSTO SATURNINO RANGEL MAURO LTDA;RUA PROFESSOR AUGUSTO RUSCH;121;;PRAIA DE ITAPARICA;29102-080;VILA VELHA;ES;SE;
36336386000154;CONCORRENTE;POSTO TRES COQUEIROS LTDA;POSTO TRES COQUEIROS LTDA;RODOVIA CARLOS LINDEMBERG;SN;;ALVORADA;29123-600;VILA VELHA;ES;SE;
26058218000190;CONCORRENTE;AUTO POSTO 5 ESTRELAS EIRELI;AUTO POSTO 5 ESTRELAS EIRELI;RODOVIA GOVERNADOR MARIO COVAS;S/N;KM    245.2;CALOGI;29181-100;SERRA;ES;SE;
27023308000109;CONCORRENTE;POSTO TRIANGULO LTDA;POSTO TRIANGULO LTDA;RODOVIA BR 101;S N;KM 9;CARAPINA;29176-798;SERRA;ES;SE;
27352004000195;CONCORRENTE;POSTO DE COMBUSTIVEIS GIRASSOL LTDA;POSTO DE COMBUSTIVEIS GIRASSOL LTDA;AVENIDA DAS NACOES;852;;COLATINA VELHA;29700-543;COLATINA;ES;SE;
36751443000161;CONCORRENTE;BOA VISTA SERVICO AUTOMOTIVO LTDA;BOA VISTA SERVICO AUTOMOTIVO LTDA;AVENIDA JOAO XXIII;1339;;BOA VISTA;29931-225;SAO MATEUS;ES;SE;
03348196000106;CONCORRENTE;POSTO DAMIANI LTDA;POSTO DAMIANI LTDA.;AVENIDA CENTRAL;567;;CARAPINA;29933-210;SAO MATEUS;ES;SE;
32467417000155;CONCORRENTE;J C RODRIGUES NETO E FILHOS LTDA;J C RODRIGUES NETO E FILHOS LTDA;RUA CEARA;S/N;LOTES 01/04  Q.01;PRAIA DA COSTA;29101-290;VILA VELHA;ES;SE;
05791319000104;CONCORRENTE;MOTOCAP COMBUSTIVEIS LTDA;MOTOCAP COMBUSTIVEIS LTDA;RODOVIA GETHER LOPES DE FARIAS;2600;;CARLOS GERMANO NAUMANN;29705-390;COLATINA;ES;SE;
27495696000120;CONCORRENTE;POSTO VIAFOR LTDA;POSTO VIAFOR LTDA;AVENIDA SILVIO AVIDOS;2;;VILA AMELIA;29706-297;COLATINA;ES;SE;
28344206000158;CONCORRENTE;POSTO DE COMBUSTIVEIS ITACIBA LTDA;POSTO DE COMBUSTIVEIS ITACIBA LTDA;RUA MANOEL JOAQUIM DOS SANTOS;317;;ITACIBA;29150-270;CARIACICA;ES;SE;
30869047000157;CONCORRENTE;ABT COMERCIO DE COMBUSTIVEIS LTDA;ABT COMERCIO DE COMBUSTIVEIS LTDA;RODOVIA GOVERNADOR MARIO COVAS;1874;KM    65;BOA VISTA;29931-200;SAO MATEUS;ES;SE;
36411940000200;CONCORRENTE;VESCOVI & BITTI LTDA;VESCOVI & BITTI LTDA;AVENIDA FLORESTAL;838;;SEGATTO;29192-154;ARACRUZ;ES;SE;
11222333000343;PROPRIO;REDE MARE COMBUSTIVEIS LTDA;REDE MARE;AVENIDA VITORIA;2667;;HORTO;29027-080;VITORIA;ES;SE;Paulo Ferraz
11942147000117;CONCORRENTE;POSTO PARADA VITORIA LTDA;POSTO PARADA VITORIA LTDA;AVENIDA MARECHALCAMPOS;370;;CONSOLACAO;29045-460;VITORIA;ES;SE;
28059632000140;CONCORRENTE;A.B.C. AUTO SERVICOS LTDA;A.B.C. AUTO SERVICOS LTDA;AVENIDA ROBERT KENNEDY;21;A;SAO TORQUATO;29114-000;VILA VELHA;ES;SE;
31465040000132;CONCORRENTE;POSTO ITAPOA LTDA;POSTO ITAPOA LTDA;AVENIDA FRANCELINA SETUBAL;333;;ITAPOAN;29100-000;VILA VELHA;ES;SE;
02582857000192;CONCORRENTE;POSTO CAMPO GRANDE LTDA;POSTO CAMPO GRANDE LTDA;AVENIDA EXPEDITO GARCIA;222;;CAMPO GRANDE;29157-405;CARIACICA;ES;SE;
05892261000187;CONCORRENTE;AUTO POSTO VALE ENCANTADO LTDA;AUTO POSTO VALE ENCANTADO LTDA.;RUA SOBREIRO;395;;RIO MARINHO;29112-112;VILA VELHA;ES;SE;
06073382000160;CONCORRENTE;AUTO POSTO SUCESSO LTDA;AUTO POSTO SUCESSO LTDA;AVENIDA JOAO FRANCISCO GONCALVES;746;;COBILANDIA;29111-300;VILA VELHA;ES;SE;
11222333000505;PROPRIO;REDE MARE COMBUSTIVEIS LTDA;REDE MARE;AVENIDA MARIO GURGEL;3127;FUNDOSCOM A AV EXPEDITO GA;CAMPO GRANDE;29146-012;CARIACICA;ES;SE;Marcos Lyrio
15226314000184;CONCORRENTE;MAIS COMERCIO DE COMBUSTIVEL CARIACICA LTDA;MAIS COMERCIO DE COMBUSTIVEL CARIACICA LTDA;AVENIDA MARIO GURGEL;4935;;VILA PALESTINA;29145-711;CARIACICA;ES;SE;
18366697000184;CONCORRENTE;POSTO RIO MARINHO COMERCIO DE DERIVADOS DE PETROLEO EIRELI - EPP;POSTO RIO MARINHO COMERCIO DE DERIVADOS DE PETROLEO EIRELI - EPP;AVENIDA RIO MARINHO;S/N;;RIO MARINHO;29112-690;VILA VELHA;ES;SE;
23305603000105;CONCORRENTE;POSTO MARLIM BRANCO LTDA - ME;POSTO MARLIM BRANCO LTDA - ME;AVENIDA ROMULO CASTELLO;161;LOTE  16 17 18;CASTELANDIA;29172-620;SERRA;ES;SE;
24145665000151;CONCORRENTE;C.R.B. DEZAN E CIA LTDA;C.R.B. DEZAN E CIA LTDA;AVENIDA MARIO GURGEL;5913;AUTO POSTO;SAO FRANCISCO;29145-409;CARIACICA;ES;SE;
27394378000173;CONCORRENTE;POSTO DE PRODUTOS DE PETROLEO OASIS LTDA;POSTO DE PRODUTOS DE PETROLEO OASIS LTDA;AVENIDA MARIO GURGEL;297;;JARDIM AMERICA;29140-261;CARIACICA;ES;SE;
27396415000182;CONCORRENTE;AUTO SERVICO SAO CRISTOVAO LTDA;AUTO SERVICO SAO CRISTOVAO LTDA;AVENIDA MARIO GURGEL;4;KM    4 5  BR 262;DOM BOSCO;29147-345;CARIACICA;ES;SE;
29986296000143;CONCORRENTE;EDEPEL EQUIPAMENTOS E DERIVADOS DE PETROLEO LTDA;EDEPEL EQUIPAMENTOS E DERIVADOS DE PETROLEO LTDA;AVENIDA MARIO GURGEL;4338;LOJA  POSTO;VILA CAPIXABA;29148-022;CARIACICA;ES;SE;
00580488000173;CONCORRENTE;POSTO DE GASOLINA MARACANA LTDA;POSTO DE GASOLINA MARACANA LTDA;AVENIDA ALICE COUTINHO SANTOS;2101;POSTO DE GASOLINA;MARACANA;29142-887;CARIACICA;ES;SE;
27016518000170;CONCORRENTE;AUTO POSTO CONTORNO LTDA;AUTO POSTO CONTORNO LTDA;RODOVIA GOVERNADOR MARIO COVAS;11282;;SERRA DO ANIL;29147-030;CARIACICA;ES;SE;
27926384000124;CONCORRENTE;PETROVERA - POSTO DE PRODUTOS DE PETROLEO E TRANSPORTES LTDA - ME;PETROVERA - POSTO DE PRODUTOS DE PETROLEO E TRANSPORTES LTDA - ME;RODOVIA GOVERNADOR JOSE HENRIQUE SETTE;906;PAVMTO01;ALTO LAGE;29151-055;CARIACICA;ES;SE;
00345721000133;CONCORRENTE;RUBENS SCHUENG FILHO;RUBENS SCHUENG FILHO;RUA DOUTOR RAIMUNDO GUILHERME SOBRINHO;605;FRENTE;SERNAMBY;29930-480;SAO MATEUS;ES;SE;
03948877000369;CONCORRENTE;AUTO POSTO SANTA ANA LTDA;AUTO POSTO SANTA ANA LTDA;RODOVIA DO CAFE;1871;;CARLOS GERMANO NAUMANN;29705-200;COLATINA;ES;SE;
04814652000110;CONCORRENTE;POSTO MOTOCAP LTDA;POSTO MOTOCAP LTDA;PRACA ALMIRANTE BARROSO;52;LETRA A;LACE;29703-055;COLATINA;ES;SE;
07381843000124;CONCORRENTE;POSTO DE COMBUSTIVEIS BRUNO LTDA;POSTO DE COMBUSTIVEIS BRUNO LTDA;RUA FIORAVANTE ROSSI;738;;SAO BRAZ;29704-700;COLATINA;ES;SE;
08519545000110;CONCORRENTE;SAO FRANCISCO DE ASSIS COMERCIO DE COMBUSTIVEIS LTDA;SAO FRANCISCO DE ASSIS COMERCIO DE COMBUSTIVEIS LTDA;PRACA FIDELIS FERRARI;35;;LACE;29703-030;COLATINA;ES;SE;
08971375000100;CONCORRENTE;BRAX COMBUSTIVEIS LTDA;BRAX COMBUSTIVEIS LTDA;RODOVIA CONEGO JOAO GUILHERME;1516;;MARIO GIURIZATTO;29706-557;COLATINA;ES;SE;
10813831000136;CONCORRENTE;AUTO POSTO E SERVICOS ARACRUZ - COLINA DE BELA VISTA LTDA;AUTO POSTO E SERVICOS ARACRUZ - COLINA DE BELA VISTA LTDA;AVENIDA CASTELO BRANCO;14;QUADRARC 06 -                   LOTEAMENTO COLINA;BELA VISTA;29192-066;ARACRUZ;ES;SE;
11222333000262;PROPRIO;REDE MARE COMBUSTIVEIS LTDA;REDE MARE;RODOVIA DARLY SANTOS;S/N;KM    2 5 - POSTO;POLO EMPRESARIAL NOVO MEXICO;29104-360;VILA VELHA;ES;SE;Juliana Rocha
20246670000108;CONCORRENTE;POSTO DE COMBUSTIVEIS COLATINA LTDA;POSTO DE COMBUSTIVEIS COLATINA LTDA;RODOVIA DO CAFE;606;;CARLOS GERMANO NAUMANN;29705-200;COLATINA;ES;SE;
27085240000192;CONCORRENTE;POSTO DE GASOLINA SANTO ANTONIO LTDA;POSTO DE GASOLINA SANTO ANTONIO LTDA;AVENIDA SILVIO AVIDOS;3251;;SANTO ANTONIO;29704-053;COLATINA;ES;SE;
39814835000110;CONCORRENTE;PNEUMAX LTDA;PNEUMAX LTDA;AVENIDA SILVIO AVIDOS;1358;;SAO SILVANO;29703-100;COLATINA;ES;SE;
01496517000186;CONCORRENTE;POSTO PERIM LTDA;POSTO PERIM LTDA;RUA SANTA LEOPOLDINA;1650;;ITAPARICA;29102-040;VILA VELHA;ES;SE;
01557127000179;CONCORRENTE;AUTO POSTO ILHA DAS GARCAS LTDA;AUTO POSTO ILHA DAS GARCAS LTDA;RUA MARIA DE OLIVEIRA MARES GUIA;40;;PRAIA DAS GAIVOTAS;29102-567;VILA VELHA;ES;SE;
01635041000206;CONCORRENTE;ITAPARICA PETROLEO E COMERCIO LTDA;ITAPARICA PETROLEO E COMERCIO LTDA;AVENIDA CARLOS LINDENBERG;1395;;COBI DE CIMA;29117-730;VILA VELHA;ES;SE;
01823633000162;CONCORRENTE;POSTO METROPOLITANO LTDA;POSTO METROPOLITANO LTDA;VIA DOIS;226;ANEXO QUADRA 03 MODULO 03;TIMS;29161-373;SERRA;ES;SE;
02567214000170;CONCORRENTE;POSTO DE COMBUSTIVEL IDEAL LTDA;POSTO DE COMBUSTIVEL IDEAL LTDA;AVENIDA VITORIA;3031;;GURIGICA;29027-080;VITORIA;ES;SE;
02802986000149;CONCORRENTE;A S SALES JUNIOR LTDA;A S SALES JUNIOR LTDA;RUA DAVINO MATOS;S/N;;PARQUE AREIA PRETA;29200-615;GUARAPARI;ES;SE;
04145589001149;CONCORRENTE;ARARA AZUL REDE DE POSTOS LTDA;ARARA AZUL REDE DE POSTOS LTDA;RODOVIA RODOVIA DO SOL;530;;PRAIA DE ITAPARICA;29102-020;VILA VELHA;ES;SE;
04228463000166;CONCORRENTE;AUTO POSTO MARLIN LTDA;AUTO POSTO MARLIN LTDA;RUA JUIZ ALEXANDRE MARTINS DE CASTRO FILHO;285;;SANTA LUCIA;29056-295;VITORIA;ES;SE;
04960337000100;CONCORRENTE;RENOVA COMERCIO COMBUSTIVEL E SERVICOS LTDA;RENOVA COMERCIO COMBUSTIVEL E SERVICOS LTDA;AVENIDA LEITAO DA SILVA;1150;;SANTA LUCIA;29056-184;VITORIA;ES;SE;
07470392000100;CONCORRENTE;POSTO DE COMBUSTIVEIS OTAVIO EIRELI;POSTO DE COMBUSTIVEIS OTAVIO EIRELI;AVENIDA ABDO SAAD;833;;JACARAIPE;29173-510;SERRA;ES;SE;
07571908000102;CONCORRENTE;AUTO POSTO CORAL LTDA;AUTO POSTO CORAL LTDA;AVENIDA NORTE SUL;259;;N.S.DO ROSARIO DE FATIMA;29176-798;SERRA;ES;SE;
08788618000170;CONCORRENTE;J. S. PETROLEO E COMERCIO LTDA;J. S. PETROLEO E COMERCIO LTDA.;AVENIDA DANTE MICHELINI;2461;;MATA DA PRAIA;29066-430;VITORIA;ES;SE;
09076862000172;CONCORRENTE;VALOR POSTOS PRAIA DO MORRO LTDA;VALOR POSTOS PRAIA DO MORRO LTDA;RODOVIA RODOVIA DO SOL;S/ NR;KM    41;AEROPORTO;29216-705;GUARAPARI;ES;SE;
10197775000152;CONCORRENTE;REDE DE POSTOS SAGUI LTDA;REDE DE POSTOS SAGUI LTDA;RUA EUCLIDES DA CUNHA;421;;SAO DIOGO I;29163-265;SERRA;ES;SE;
14096313000108;CONCORRENTE;AUTO POSTO GUARAPARI LTDA;AUTO POSTO GUARAPARI LTDA;AVENIDA GOVERNADOR JONES DOS SANTOS NEVES;15;;VARZEA NOVA;29211-630;GUARAPARI;ES;SE;
14806977000105;CONCORRENTE;AUTO POSTO SILVARES LTDA;AUTO POSTO SILVARES LTDA;AVENIDA   NAIR AZEVEDO SILVA;430;;ILHA DO PRINCIPE;29020-240;VITORIA;ES;SE;
15010530000198;CONCORRENTE;AUTO POSTO R M LTDA;AUTO POSTO R M LTDA;RODOVIA DO SOL;3701;"LOTE: 11; QUADRA: 64;";PRAIA DE ITAPARICA;29102-023;VILA VELHA;ES;SE;
16577742000114;CONCORRENTE;AUTO POSTO ESCOLA COMERCIO DE COMBUSTIVEIS, LUBRIFICANTES E SERVICOS LTDA;AUTO POSTO ESCOLA COMERCIO DE COMBUSTIVEIS, LUBRIFICANTES E SERVICOS LTDA;AVENIDA AMERICO BUAIZ;1;": POSTO;";ENSEADA DO SUA;29050-463;VITORIA;ES;SE;
17375525000104;CONCORRENTE;AUTO POSTO LUCAS - EPP;AUTO POSTO LUCAS - EPP.;AVENIDA ROMULO CASTELLO;791;LOTES 20 A 23;CASTELANDIA;29172-620;SERRA;ES;SE;
17753176000117;CONCORRENTE;AUTO POSTO BOULEVARD LTDA;AUTO POSTO BOULEVARD LTDA;RODOVIA DO SOL;S/N;"LOTE: 08 E 09; QUADRA: 59;";PRAIA DE ITAPARICA;29102-020;VILA VELHA;ES;SE;
21246940000135;CONCORRENTE;AUTO POSTO GASCROMA COMERCIO DE COMBUSTIVEIS, LUBRIFICANTES E SERVICOS LTDA;AUTO POSTO GASCROMA COMERCIO DE COMBUSTIVEIS, LUBRIFICANTES E SERVICOS LTDA;AVENIDA JERONIMO MONTEIRO;840;;JABURUNA;29100-600;VILA VELHA;ES;SE;
23238396000105;CONCORRENTE;CAPIXABA COMERCIO DE PRODUTOS AUTOMOTIVOS LTDA;CAPIXABA COMERCIO DE PRODUTOS AUTOMOTIVOS LTDA;RUA PROFESSOR MELCHIADES PEREIRA MARTINS;15;;CENTRO;29200-480;GUARAPARI;ES;SE;
26980450000181;CONCORRENTE;AUTO POSTO VITORIA COMERCIO DE COMBUSTIVEIS LTDA;AUTO POSTO VITORIA COMERCIO DE COMBUSTIVEIS LTDA;RUA OLYMPIO RODRIGUES PASSOS;14;LOJA  01;JABOUR;29072-290;VITORIA;ES;SE;
27020445000190;CONCORRENTE;GUARAVE GUARAPARI VEICULOS LTDA;GUARAVE GUARAPARI VEICULOS LTDA;AVENIDA EWERSON DE ABREU SODRE;300;;MUQUICABA;29215-010;GUARAPARI;ES;SE;
27020445000513;CONCORRENTE;GUARAVE GUARAPARI VEICULOS LTDA;GUARAVE GUARAPARI VEICULOS LTDA;RODOVIA DO SOL;S/N;;MUQUICABA;29215-005;GUARAPARI;ES;SE;
27066273000276;CONCORRENTE;POSTO ARVOREDO LTDA;POSTO ARVOREDO LTDA;AVENIDA VITORIA;1600;POSTO;ILHA DE SANTA MARIA;29051-040;VITORIA;ES;SE;
27316819000119;CONCORRENTE;BECAR PETROLEO LTDA;BECAR PETROLEO LTDA;AVENIDA GOVERNADOR JONES DOS SANTOS NEVES;S/N;CONFLUENCIA COM RODOVIA DO SOL;MUQUICABA;29215-002;GUARAPARI;ES;SE;
27734094000189;CONCORRENTE;POSTO ATLANTICO LTDA;POSTO ATLANTICO LTDA;AVENIDA DANTE MICHELINI;4655;POSTO;JARDIM CAMBURI;29090-070;VITORIA;ES;SE;
28413219000131;CONCORRENTE;COMERCIAL NORTE SUL LTDA;COMERCIAL NORTE SUL LTDA;AVENIDA MARUIPE;2757;;SANTA LUIZA;29045-230;VITORIA;ES;SE;
28761038000104;CONCORRENTE;AUTO POSTO PORTO LTDA;AUTO POSTO PORTO LTDA;AVENIDA PRESIDENTE FLORENTINO AVIDOS;190;;PARQUE MOSCOSO;29018-190;VITORIA;ES;SE;
29326587000105;CONCORRENTE;AUTO POSTO PRAIA DE CAMBURI LTDA;AUTO POSTO PRAIA DE CAMBURI LTDA;AVENIDA DANTE MICHELINI;1187;;JARDIM DA PENHA;29060-235;VITORIA;ES;SE;
32248017000159;CONCORRENTE;AUTO POSTO ALDEIA DA PRAIA LTDA;AUTO POSTO ALDEIA DA PRAIA LTDA;AVENIDA PARIS;S/N;;PRAIA DO MORRO;29216-570;GUARAPARI;ES;SE;
01283262000173;CONCORRENTE;POSTO CARIOQUINHA LTDA;POSTO CARIOQUINHA LTDA;AVENIDA FRANCISCO MARDEGAN;90;;BOA VISTA;29315-477;CACHOEIRO DE ITAPEMIRIM;ES;SE;
01503536000192;CONCORRENTE;POSTO MARCELA LTDA;POSTO MARCELA LTDA;RUA DO PESSEGUEIRO;S/N;;DIVINO ESPÍRITO SANTO;29107-230;VILA VELHA;ES;SE;
02583872000155;CONCORRENTE;SANTA CLARA COMERCIO DE COMBUSTIVEIS LTDA;SANTA CLARA COMERCIO DE COMBUSTIVEIS LTDA;RODOVIA ENGENHEIRO FABIANO VIVACQUA;1414;": A 1452;";MORRO GRANDE;29318-400;CACHOEIRO DE ITAPEMIRIM;ES;SE;
02665124000111;CONCORRENTE;AUTO POSTO SENNA LTDA;AUTO POSTO SENNA LTDA.;AVENIDA FRANCISCO LACERDA DE AGUIAR;350;;GILBERTO MACHADO;29303-384;CACHOEIRO DE ITAPEMIRIM;ES;SE;
03408609000192;CONCORRENTE;POSTO FREEWAY LTDA;POSTO FREEWAY LTDA;AVENIDA FRANCISCO MARDEGAN;535;;MARBRASA;29313-690;CACHOEIRO DE ITAPEMIRIM;ES;SE;
04145589001491;CONCORRENTE;ARARA AZUL REDE DE POSTOS LTDA;ARARA AZUL REDE DE POSTOS LTDA;RODOVIA GOVERNADOR MARIO COVAS;5445;KM    264;PLANALTO DE CARAPINA;29162-703;SERRA;ES;SE;
04361389000151;CONCORRENTE;AUTO POSTO WAVE LTDA;AUTO POSTO WAVE LTDA;AVENIDA TALMA RODRIGUES RIBEIRO;5416 A;;PORTAL DE JACARAIPE;29173-795;SERRA;ES;SE;
04361389000232;CONCORRENTE;AUTO POSTO WAVE LTDA;AUTO POSTO WAVE LTDA;AVENIDA MARTIN PESCADOR;12;;PORTO CANOA;29168-460;SERRA;ES;SE;
04411606000170;CONCORRENTE;AUTO POSTO VALAO LTDA;AUTO POSTO VALAO LTDA;RUA JOSE AMARAL;232;;ELPIDIO VOLPINI;29309-760;CACHOEIRO DE ITAPEMIRIM;ES;SE;
04850382000101;CONCORRENTE;POSTO ARIBIRI DO GAS LTDA;POSTO ARIBIRI DO GAS LTDA;AVENIDA CARLOS LINDEMBERG;1944;;SANTA INEZ;29108-075;VILA VELHA;ES;SE;
04994796000104;CONCORRENTE;POSTO SB LTDA;POSTO SB LTDA;AVENIDA BRASILIA;1360;;PLANICIE DA SERRA;29168-710;SERRA;ES;SE;
05393247000139;CONCORRENTE;POSTO CANOA DERIVADOS DE PETROLEO LTDA;POSTO CANOA DERIVADOS DE PETROLEO LTDA;AVENIDA BRASILIA;575;;PORTO CANOA;29168-600;SERRA;ES;SE;
05738923000169;CONCORRENTE;GEGEL AUTO POSTO LTDA;GEGEL AUTO POSTO LTDA;AVENIDA CENTRAL B;S/N;QUADRAEC VII;CIVIT II;29168-071;SERRA;ES;SE;
07830414000197;CONCORRENTE;REVENDA DE COMBUSTIVEIS BKR LTDA;REVENDA DE COMBUSTIVEIS BKR LTDA;RODOVIA GOVERNADOR MARIO COVAS;122;;BARCELONA;29166-095;SERRA;ES;SE;
08022304000161;CONCORRENTE;AUTO POSTO DE COMBUSTIVEL RTT LTDA;AUTO POSTO DE COMBUSTIVEL RTT LTDA;RUA MOEMA;38;;DIVINO ESPIRITO SANTO;29107-250;VILA VELHA;ES;SE;
09167931000153;CONCORRENTE;POSTO CHAMPAGNAT LTDA;POSTO CHAMPAGNAT LTDA;RUA HUGO MUSSO;550;;PRAIA DA COSTA;29101-280;VILA VELHA;ES;SE;
10569345000114;CONCORRENTE;POSTO CRISTOVAO COLOMBO LTDA;POSTO CRISTOVAO COLOMBO LTDA;RUA CRISTOVAO COLOMBO;582;;CRISTOVAO COLOMBO;29106-595;VILA VELHA;ES;SE;
11222333000181;PROPRIO;REDE MARE COMBUSTIVEIS LTDA;REDE MARE;AVENIDA MARIO GURGEL;1092;;ITAQUARI;29151-570;CARIACICA;ES;SE;Fernanda Castro
12535572000154;CONCORRENTE;AUTO POSTO MORADA LTDA;AUTO POSTO MORADA LTDA;AVENIDA PAULO PEREIRA GOMES;S/N;LOTE  03C                 QUADRAUE IV               SETOR II;MORADA DE LARANJEIRAS;29166-828;SERRA;ES;SE;
13814642000176;CONCORRENTE;POSTO BR 31 AUTO SERVICOS LTDA;POSTO BR 31 AUTO SERVICOS LTDA;AVENIDA MARIO GURGEL;2844;;ALTO LAJE;29151-026;CARIACICA;ES;SE;
20863591000138;CONCORRENTE;AUTO POSTO ZAMPIROLO LTDA;AUTO POSTO ZAMPIROLO LTDA;RODOVIA GOVERNADOR LACERDA DE AGUIAR;SN;;CORONEL BORGES;29306-095;CACHOEIRO DE ITAPEMIRIM;ES;SE;
21931941000119;CONCORRENTE;AUTO POSTO INDEPENDENCIA LTDA;AUTO POSTO INDEPENDENCIA LTDA;AVENIDA MAURO MIRANDA MADUREIRA;1662;": 1662 A 1720;";CENTRAL PARQUE;29313-162;CACHOEIRO DE ITAPEMIRIM;ES;SE;
22356015000120;CONCORRENTE;CENTRAL COMERCIO DE COMBUSTIVEIS LTDA;CENTRAL COMERCIO DE COMBUSTIVEIS LTDA;AVENIDA ELDES SCHERRER SOUZA;2100;": POSTO;";CIVIT II;29168-060;SERRA;ES;SE;
23314250000100;CONCORRENTE;COMERCIO DE COMBUSTIVEIS LINDENBERG LTDA;COMERCIO DE COMBUSTIVEIS LINDENBERG LTDA;AVENIDA CARLOS LINDENBERG;5718;LOTE  2. 3. 14 E 15       QUADRAD;SANTA INES;29108-075;VILA VELHA;ES;SE;
27124023000164;CONCORRENTE;POSTO NOGUEIRA LTDA;POSTO NOGUEIRA LTDA;RUA CORONEL FRANCISCO BRAGA;2;02 A 08;CENTRO;29300-220;CACHOEIRO DE ITAPEMIRIM;ES;SE;
27179654000342;CONCORRENTE;ITAPEMIRIM ORGANIZACAO DE PETROLEO LTDA;ITAPEMIRIM ORGANIZACAO DE PETROLEO LTDA;AVENIDA JONES DOS SANTOS NEVES;1196;;CAICARA;29310-376;CACHOEIRO DE ITAPEMIRIM;ES;SE;
28505616000133;CONCORRENTE;SUDESTE  COMERCIO DE COMBUSTIVEIS LTDA;SUDESTE  COMERCIO DE COMBUSTIVEIS LTDA;FAZENDA NASSAU I;S/N;;AREA RURAL DE CACHOEIRO DE ITAPEMIRIM;29320-899;CACHOEIRO DE ITAPEMIRIM;ES;SE;
30690682000172;CONCORRENTE;MACPLAN AUTO POSTO SAO MATEUS LTDA;MACPLAN AUTO POSTO SAO MATEUS LTDA;RUA HUMBERTO CONDE RIOS;39;;SERNAMBY;29930-580;SAO MATEUS;ES;SE;
31284466000190;CONCORRENTE;POSTO DUAS BARRAS LTDA;POSTO DUAS BARRAS LTDA;RODOVIA BR -482 CACHOEIRO X ALEGRE;8;;WALDIR F. DE AMORIM;29313-760;CACHOEIRO DE ITAPEMIRIM;ES;SE;
39281274000131;CONCORRENTE;UNIPOSTO DERIVADOS DE PETROLEO LTDA;UNIPOSTO DERIVADOS DE PETROLEO LTDA;RODOVIA ENGENHEIRO FABIANO VIVACQUA;2114;ANEXO 2162 - BR 482;ALVARO TAVARES;29316-258;CACHOEIRO DE ITAPEMIRIM;ES;SE;
47674687000104;CONCORRENTE;POSTO ATUAL SAO MATEUS LTDA;POSTO ATUAL SAO MATEUS LTDA;RUA MONSENHOR GUILHERME SCHIMITZ;363;;SERNAMBY;29930-660;SAO MATEUS;ES;SE;
