id_coleta;id_produto;valor_venda
1;2;5.99
1;4;6.39
2;4;6.59
2;5;6.59
3;1;5.89
3;4;6.59
4;3;4.79
4;4;6.39
4;6;4.49
5;1;5.89
5;4;6.59
5;5;6.59
6;1;5.99
6;4;6.59
6;5;6.59
7;2;5.99
7;4;6.59
8;3;4.49
8;4;6.59
9;1;5.99
9;2;6.09
9;3;4.99
9;4;6.59
9;5;6.69
10;1;5.87
10;4;6.59
10;5;6.69
11;3;4.49
11;4;6.39
11;5;6.39
12;2;6.09
12;3;4.89
12;4;6.39
12;5;6.39
13;1;5.89
13;4;6.59
13;5;6.59
14;2;6.49
14;3;4.99
14;4;6.69
14;5;6.69
15;3;4.49
15;4;6.59
15;5;6.59
16;2;5.95
16;3;4.45
16;4;6.35
17;1;5.99
17;3;4.58
17;4;6.29
17;5;6.59
18;2;5.99
18;3;4.49
18;4;6.29
18;5;6.29
19;2;5.88
19;3;4.49
19;4;6.29
19;5;6.49
20;2;5.99
20;4;6.69
20;5;6.79
21;3;4.39
21;4;6.05
21;5;6.25
22;1;5.79
22;2;5.89
22;3;4.49
22;4;6.29
22;5;6.49
23;2;5.99
23;3;4.49
23;4;6.29
23;5;6.29
24;1;5.89
24;2;5.99
24;3;4.59
24;4;6.29
25;2;5.99
25;3;4.68
25;4;6.29
25;5;6.49
26;3;4.35
26;4;6.05
26;5;6.05
27;4;6.29
27;5;6.44
28;2;5.99
28;3;4.68
28;4;6.29
28;5;6.49
29;1;5.89
29;3;4.49
29;4;6.29
29;5;6.69
30;4;6.29
30;5;6.59
31;1;5.89
31;3;4.87
31;4;6.29
31;5;6.64
32;3;4.59
32;4;6.29
32;5;6.59
32;6;4.09
33;2;5.89
33;3;4.39
33;4;6.05
33;5;6.05
34;2;5.99
34;3;4.59
34;4;6.24
34;5;6.44
35;2;5.99
35;3;4.45
35;4;6.05
35;5;6.25
36;2;5.95
36;3;4.69
36;4;6.29
36;5;6.39
37;3;4.69
37;4;6.29
37;5;6.49
38;4;6.07
38;5;6.27
39;1;5.89
39;2;5.99
39;3;4.49
39;4;6.29
39;5;6.49
39;6;4.09
40;3;4.89
40;4;6.29
40;5;6.49
41;3;4.39
41;4;6.05
41;5;6.05
42;2;6.38
42;3;4.88
42;4;6.58
42;5;6.58
43;2;6.19
43;4;6.59
44;1;6.09
44;2;6.19
44;3;4.69
44;4;6.59
45;2;6.39
45;3;4.99
45;4;6.29
45;5;6.64
46;1;6.09
46;2;6.09
46;4;6.29
46;5;6.69
47;4;6.29
47;5;6.59
48;2;5.99
48;3;4.68
48;4;6.29
48;5;6.59
49;2;5.95
49;3;4.45
49;4;6.35
50;1;5.99
50;2;5.99
50;3;4.65
50;4;6.25
50;5;6.39
51;2;6.19
51;3;4.89
51;4;6.29
51;5;6.49
52;4;6.39
52;5;6.69
53;3;4.59
53;4;6.19
53;5;6.19
54;2;5.95
54;3;4.59
54;4;6.29
54;5;6.49
55;4;6.29
55;5;6.49
55;6;4.09
56;1;5.99
56;4;6.59
57;1;6.19
57;2;6.29
57;4;6.19
57;5;6.29
58;2;5.89
58;3;4.43
58;4;6.15
59;2;6.09
59;3;4.59
59;4;6.39
59;5;6.69
60;3;4.79
60;4;6.59
60;6;4.49
61;1;5.99
61;4;6.59
61;5;6.59
62;1;5.99
62;4;6.59
62;5;6.59
63;2;5.99
63;4;6.19
63;5;6.49
64;1;5.9
64;2;5.97
64;3;4.65
64;4;6.19
64;5;6.19
64;6;4.09
65;2;5.99
65;3;4.59
65;4;6.19
65;5;6.19
65;6;4.09
66;2;6.09
66;4;6.59
67;2;6.09
67;3;4.69
67;4;6.15
67;5;6.55
68;3;4.59
68;4;6.59
69;2;6.09
69;3;4.72
69;4;6.29
69;5;6.69
70;3;4.49
70;4;6.19
71;2;5.85
71;3;4.43
71;4;6.25
72;2;5.99
72;3;4.59
72;4;6.19
73;1;5.99
73;2;6.09
73;3;4.79
73;4;6.29
73;5;6.49
74;2;6.07
74;4;6.59
74;5;6.69
75;2;6.09
75;3;4.49
75;4;6.29
75;5;6.49
75;6;4.09
76;1;6.03
76;3;4.48
76;4;6.16
76;5;6.24
76;6;4.07
77;3;4.69
77;4;6.59
77;5;6.59
78;1;5.89
78;2;5.99
78;3;4.69
78;4;6.15
78;5;6.15
79;3;4.59
79;4;6.15
79;5;6.15
80;2;6.09
80;3;5.09
80;4;6.59
80;5;6.59
81;1;5.99
81;4;6.59
81;5;6.59
82;3;4.69
82;4;6.29
82;5;6.49
83;2;6.59
83;4;6.69
83;5;6.69
84;3;4.59
84;4;6.59
84;5;6.59
85;3;4.69
85;4;6.29
85;5;6.49
86;3;4.39
86;4;6.29
86;5;6.39
87;1;5.98
87;3;4.89
87;4;6.77
88;2;5.99
88;4;6.29
88;5;6.49
89;1;5.96
89;2;6.06
89;3;5.19
89;4;6.99
89;5;7.19
90;2;6.39
90;3;5.18
90;4;7.14
90;5;7.34
91;2;6.09
91;3;4.79
91;4;6.23
91;5;6.35
92;1;5.94
92;2;5.99
92;3;4.89
92;4;6.98
92;5;7.08
93;1;5.89
93;2;5.99
93;4;6.55
93;5;6.75
94;2;5.87
94;3;4.74
94;4;6.65
95;4;6.59
96;1;5.99
96;4;6.59
96;5;6.59
97;1;6.19
97;4;6.79
97;5;6.89
97;6;4.49
98;4;6.55
98;5;6.55
99;4;6.79
99;5;6.89
100;1;6.08
100;2;6.18
100;3;4.69
100;4;6.35
100;5;6.46
101;4;6.59
101;5;7.09
102;1;5.95
102;2;6.15
102;4;6.44
102;5;6.74
103;1;6.05
103;2;6.09
103;3;4.99
103;4;6.59
103;5;6.89
104;1;5.89
104;2;5.99
104;3;4.65
104;4;6.49
105;1;6.09
105;2;6.19
105;4;6.79
105;5;6.94
106;1;5.89
106;2;5.99
106;3;5.29
106;4;6.99
106;5;7.29
107;2;6.07
107;3;4.79
107;4;6.23
107;5;6.35
108;4;6.59
108;5;6.99
109;4;6.59
109;5;6.89
110;1;6.19
110;2;6.29
110;4;7.09
111;1;6.09
111;2;6.19
111;3;5.19
111;4;6.99
111;5;7.04
111;6;4.59
112;1;5.99
112;2;6.09
112;3;4.99
112;4;6.79
112;5;6.89
113;4;6.59
113;5;6.69
114;1;6.49
114;4;6.89
114;5;7.19
115;1;5.96
115;2;6.24
115;3;5.18
115;4;7.14
115;5;7.44
116;2;6.09
116;3;4.99
116;4;6.59
116;5;6.89
117;1;5.94
117;2;5.99
117;3;4.79
117;4;6.44
117;5;6.74
118;1;5.96
118;2;6.06
118;3;5.19
118;4;6.99
118;5;7.19
118;6;4.59
119;3;4.49
119;4;5.99
119;5;6.19
120;4;6.39
120;5;6.69
121;3;4.59
121;4;6.05
121;5;6.19
122;2;6.09
122;3;4.79
122;4;6.23
122;5;6.35
123;2;5.99
123;3;4.89
123;4;6.29
123;5;6.29
124;3;4.35
124;4;5.99
124;5;5.99
125;3;4.59
125;4;6.29
125;5;6.59
125;6;4.09
126;4;6.59
126;5;7.99
127;2;6.09
127;3;4.59
127;4;6.39
127;5;6.69
128;1;5.89
128;2;5.99
128;3;4.49
128;4;6.29
128;5;6.49
128;6;4.09
129;2;5.89
129;3;4.49
129;4;5.99
129;5;5.99
130;2;5.99
130;3;4.45
130;4;6.05
130;5;6.25
131;1;6.05
131;2;6.09
131;3;4.99
131;4;6.09
131;5;6.89
132;3;4.69
132;4;6.29
132;5;6.49
133;2;6.09
133;3;4.72
133;4;6.29
133;5;6.69
134;4;6.07
134;5;6.27
135;2;6.09
135;3;4.69
135;4;6.29
135;5;6.69
136;1;6.29
136;4;6.29
136;5;6.99
137;2;6.07
137;3;4.79
137;4;6.23
137;5;6.35
138;4;6.59
138;5;6.99
139;4;6.59
139;5;6.89
140;3;4.49
140;4;5.99
140;5;5.99
141;4;6.59
141;5;6.69
142;1;6.09
142;2;6.09
142;4;6.29
142;5;6.69
143;2;6.09
143;3;4.99
143;4;6.59
143;5;6.89
144;4;6.19
144;5;6.19
145;1;5.79
145;2;5.89
145;3;4.69
145;4;6.29
145;5;6.49
146;1;5.79
146;2;5.89
146;3;4.69
146;4;6.29
146;5;6.49
147;1;5.99
147;2;6.09
147;3;4.79
147;4;6.39
148;1;5.99
148;3;4.79
148;4;6.39
148;5;6.89
149;2;5.95
149;3;4.69
149;4;6.29
149;5;6.39
150;1;5.89
150;2;5.99
150;3;4.69
150;4;6.39
150;5;6.59
150;6;4.09
151;2;5.99
151;4;6.69
151;5;6.79
152;2;6.19
152;3;4.89
152;4;6.29
152;5;6.49
153;2;5.99
153;4;6.29
153;5;6.49
154;2;5.95
154;3;4.59
154;4;6.29
154;5;6.49
155;2;5.99
155;3;4.89
155;4;6.39
155;5;6.59
156;4;6.39
156;5;6.56
157;2;5.99
157;3;4.89
157;4;6.39
157;5;6.59
158;4;6.29
158;5;6.59
159;2;5.99
159;3;4.69
159;4;6.29
159;5;6.39
160;4;6.19
160;5;6.49
161;2;5.99
161;3;4.59
161;4;6.24
161;5;6.44
162;1;6.09
162;2;6.19
162;3;4.69
162;4;6.29
162;5;6.39
163;3;4.89
163;4;6.29
163;5;6.49
164;2;6.19
164;3;4.69
164;4;6.29
164;5;6.49
165;2;6.19
165;4;6.59
166;1;6.09
166;2;6.49
166;3;4.99
166;4;6.59
167;3;4.69
167;4;6.29
168;2;6.39
168;3;4.99
168;4;6.29
168;5;6.64
169;2;6.09
169;3;4.73
169;4;6.29
169;5;6.69
170;2;5.99
170;3;4.68
170;4;6.29
170;5;6.59
171;2;6.09
171;3;4.67
171;4;6.29
171;5;6.59
172;2;6.19
172;4;6.59
173;1;5.99
173;2;6.09
173;3;4.65
173;4;6.25
173;5;6.39
174;3;4.59
174;4;6.19
174;5;6.19
175;1;5.89
175;2;5.99
175;4;6.55
175;5;6.75
176;4;6.59
177;1;5.99
177;4;6.59
177;5;6.59
178;1;5.99
178;4;6.59
179;1;6.19
179;4;6.73
179;5;6.83
179;6;4.49
180;4;6.55
180;5;6.55
181;4;6.75
181;5;6.89
182;1;6.08
182;2;6.18
182;3;4.72
182;4;6.37
182;5;6.48
183;3;4.79
183;4;6.59
183;6;4.98
184;1;5.99
184;4;6.59
184;5;6.59
185;1;5.99
185;4;6.59
185;5;6.59
186;1;5.95
186;2;6.15
186;4;6.54
186;5;6.84
187;1;5.9
187;2;5.97
187;3;4.65
187;4;6.19
187;5;6.19
187;6;4.09
188;2;5.99
188;3;4.69
188;4;6.19
188;5;6.19
188;6;4.09
189;2;6.09
189;4;6.59
190;2;6.09
190;3;4.76
190;4;6.15
190;5;6.55
191;3;4.74
191;4;6.59
192;3;4.69
192;4;6.19
193;1;5.89
193;2;5.99
193;3;4.75
193;4;6.49
194;2;5.99
194;3;4.69
194;4;6.19
195;1;5.89
195;2;5.99
195;3;4.79
195;4;6.19
195;5;6.39
196;1;6.25
196;2;6.35
196;4;6.59
196;5;6.72
197;1;5.99
197;2;6.09
197;3;4.99
197;4;6.79
197;5;6.89
198;4;6.59
198;5;6.69
199;2;6.09
199;4;6.29
199;5;6.49
199;6;4.09
200;4;6.24
200;6;4.07
201;3;4.99
201;4;6.59
201;5;6.59
202;1;5.89
202;2;5.99
202;3;4.69
202;4;6.15
202;5;6.15
203;3;4.49
203;4;6.15
203;5;6.15
204;2;6.19
204;3;5.09
204;4;6.59
204;5;6.59
205;1;5.99
205;4;6.59
205;5;6.59
206;1;5.99
206;2;6.09
206;3;4.99
206;4;6.59
207;2;6.59
207;4;6.69
207;5;6.69
208;3;4.74
208;4;6.59
208;5;6.59
209;1;5.99
209;2;6.09
209;3;4.65
209;4;6.25
209;5;6.39
210;3;4.59
210;4;6.19
210;5;6.19
211;4;6.29
211;5;6.49
211;6;4.09
212;1;6.19
212;2;6.29
212;4;6.19
212;5;6.29
213;2;5.89
213;3;4.59
213;4;6.15
214;1;5.9
214;2;5.97
214;3;4.65
214;4;6.19
214;5;6.19
214;6;4.09
215;2;5.99
215;3;4.69
215;4;6.19
215;5;6.19
215;6;4.09
216;2;6.09
216;3;4.76
216;4;6.15
216;5;6.55
217;2;6.09
217;3;4.76
217;4;6.29
217;5;6.69
218;3;4.69
218;4;6.19
219;2;6.09
219;3;4.72
219;4;6.29
219;5;6.69
220;1;6.05
220;2;6.09
220;3;4.67
220;4;6.17
220;5;6.49
221;2;5.85
221;3;4.59
221;4;6.25
222;2;6.09
222;3;4.69
222;4;6.19
223;1;5.89
223;2;5.99
223;3;4.79
223;4;6.19
223;5;6.39
224;2;6.09
224;4;5.97
224;5;6.49
224;6;4.09
225;3;4.68
225;4;6.24
225;5;6.35
225;6;4.07
226;1;5.89
226;2;5.99
226;3;4.69
226;4;6.15
226;5;6.15
227;3;4.65
227;4;6.15
227;5;6.15
228;2;5.99
228;3;4.79
228;4;6.29
228;5;6.49
229;3;4.69
229;4;6.29
229;5;6.49
230;1;5.79
230;2;5.89
230;3;4.69
230;4;6.29
230;5;6.49
231;1;5.99
231;2;6.09
231;3;4.49
231;4;6.29
231;5;6.59
232;3;4.69
232;4;6.29
232;5;6.49
233;3;4.39
233;4;6.29
233;5;6.39
234;3;4.49
234;4;5.99
234;5;6.19
235;1;5.79
235;2;5.89
235;3;4.69
235;4;6.17
235;5;6.37
236;3;4.59
236;4;6.05
236;5;6.19
237;2;5.99
237;3;4.89
237;4;6.29
237;5;6.29
238;2;5.99
238;3;4.89
238;4;6.39
238;5;6.59
239;3;4.45
239;4;5.99
239;5;5.99
240;4;6.39
240;5;6.56
241;2;5.99
241;3;4.89
241;4;6.39
241;5;6.59
242;1;5.99
242;3;4.79
242;4;6.29
242;5;6.59
243;4;6.29
243;5;6.59
244;3;4.59
244;4;6.29
244;5;6.59
244;6;4.09
245;2;6.09
245;3;4.69
245;4;6.29
245;5;6.29
246;2;5.89
246;4;5.99
246;5;5.99
247;2;5.99
247;3;4.69
247;4;6.24
247;5;6.44
248;2;5.99
248;3;4.65
248;4;6.05
248;5;6.25
249;3;4.79
249;4;6.29
249;5;6.49
250;4;6.07
250;5;6.27
251;2;5.88
251;3;4.67
251;4;6.29
251;5;6.49
252;4;6.29
252;5;6.69
253;1;6.09
253;2;6.19
253;3;4.69
253;4;6.29
253;5;6.39
254;3;4.69
254;4;6.21
254;5;6.49
255;2;6.19
255;3;4.69
255;4;6.29
255;5;6.29
256;4;5.99
256;5;5.99
257;3;4.69
257;4;6.19
258;2;6.39
258;3;4.99
258;4;6.29
258;5;6.64
259;2;6.09
259;3;4.73
259;4;6.19
259;5;6.59
260;1;6.09
260;2;6.09
260;4;5.99
260;5;6.39
261;2;6.19
261;4;6.59
262;3;4.79
262;4;6.59
262;6;4.98
263;2;6.19
263;3;5.09
263;4;6.59
264;1;5.99
264;2;6.09
264;3;4.99
264;4;6.59
265;2;6.19
265;3;4.89
265;4;6.29
265;5;6.49
266;4;6.79
266;6;4.29
267;2;6.09
267;3;4.79
267;4;6.23
267;5;6.35
268;1;5.99
268;4;6.79
269;4;6.59
269;5;7.09
270;1;5.99
270;4;6.59
270;5;6.59
271;1;5.99
271;4;6.59
271;5;6.59
272;1;5.95
272;2;6.15
272;4;6.54
272;5;6.84
273;1;6.25
273;2;6.29
273;3;5.18
273;4;6.69
273;5;6.89
274;3;4.74
274;4;6.59
275;1;5.89
275;2;5.99
275;3;4.75
275;4;6.49
276;2;6.07
276;3;4.79
276;4;6.23
276;5;6.35
277;4;6.59
277;5;6.99
278;4;6.59
278;5;6.89
279;1;6.25
279;2;6.35
279;4;6.59
279;5;6.72
280;4;6.59
280;5;6.69
281;2;6.55
281;3;4.88
281;4;6.59
281;5;6.75
282;3;4.99
282;4;6.59
282;5;6.59
283;1;5.99
283;4;6.59
283;5;6.59
284;2;6.09
284;3;5.18
284;4;6.59
284;5;6.89
285;2;5.99
285;4;6.69
285;5;6.79
286;2;5.99
286;4;6.29
286;5;6.49
287;1;5.89
287;2;5.99
287;4;6.49
287;5;6.69
288;1;6.08
288;2;6.18
288;3;4.85
288;4;6.39
288;5;6.5
289;1;6.19
289;3;4.99
289;4;6.59
289;5;6.69
290;2;6.68
290;3;5.18
290;4;6.78
290;5;6.78
291;2;6.19
291;4;6.59
292;1;6.09
292;2;6.19
292;3;4.99
292;4;6.59
293;2;6.29
293;3;5.59
293;4;6.59
294;1;5.94
294;2;5.99
294;3;4.99
294;4;6.54
294;5;6.84
295;2;5.95
295;3;4.55
295;4;5.89
296;2;6.19
296;3;4.89
296;4;6.29
296;5;6.49
297;4;6.39
297;5;6.69
298;2;6.09
298;3;4.79
298;4;6.23
298;5;6.35
299;1;5.99
299;3;4.79
299;4;6.09
299;5;6.39
300;4;6.59
300;5;7.09
301;2;6.09
301;3;4.69
301;4;6.29
301;5;6.29
302;1;5.89
302;2;5.99
302;3;4.65
302;4;6.29
302;5;6.49
302;6;4.09
303;1;6.25
303;2;6.29
303;3;5.18
303;4;6.69
303;5;6.89
304;2;6.09
304;3;4.76
304;4;6.29
304;5;6.69
305;2;5.88
305;3;4.66
305;4;5.97
305;5;5.97
306;2;6.09
306;3;4.72
306;4;6.29
306;5;6.69
307;2;6.07
307;3;4.79
307;4;6.23
307;5;6.35
308;4;6.59
308;5;6.99
309;4;6.59
309;5;6.89
310;4;6.59
310;5;6.69
311;2;6.09
311;3;5.18
311;4;6.59
311;5;6.89
312;1;5.99
312;2;6.09
312;3;4.79
312;4;6.17
312;5;6.29
313;1;5.79
313;2;5.89
313;3;4.69
313;4;5.99
313;5;6.29
314;3;4.59
314;4;5.99
314;5;6.14
315;3;4.69
315;4;6.19
315;5;6.19
316;2;5.99
316;3;4.89
316;4;6.09
316;5;6.09
317;1;5.99
317;2;6.09
317;3;4.79
317;4;6.09
318;2;5.99
318;3;4.89
318;4;6.39
318;5;6.39
319;3;4.45
319;4;5.99
319;5;5.99
320;4;6.39
320;5;6.56
321;2;5.99
321;3;4.89
321;4;6.39
321;5;6.39
322;1;5.99
322;3;4.79
322;4;6.09
322;5;6.59
323;1;6.19
323;2;6.29
323;4;6.19
323;5;6.29
324;2;5.89
324;3;4.59
324;4;6.15
325;4;6.09
325;5;6.39
326;1;5.95
326;3;4.89
326;4;6.19
326;5;6.54
327;2;5.99
327;3;4.99
327;4;6.29
327;5;6.39
328;3;4.79
328;4;6.09
328;5;6.49
328;6;4.09
329;2;6.29
329;3;4.79
329;4;6.29
329;5;6.69
330;4;6.19
330;5;6.49
331;1;5.95
331;2;6.15
331;4;6.54
331;5;6.84
332;1;5.9
332;2;5.97
332;3;4.65
332;4;6.19
332;5;6.19
332;6;4.09
333;2;5.89
333;3;4.49
333;4;5.99
333;5;5.99
334;2;5.99
334;3;4.69
334;4;6.24
334;5;6.44
335;2;5.99
335;3;4.79
335;4;6.19
335;5;6.19
335;6;4.09
336;2;5.99
336;3;4.65
336;4;5.99
336;5;6.25
337;2;6.05
337;3;4.89
337;4;6.09
337;5;6.29
338;2;5.99
338;3;4.46
338;4;6.09
338;5;6.49
339;3;4.69
339;4;6.19
340;1;6.05
340;2;6.09
340;3;4.89
340;4;6.15
340;5;6.45
341;1;6.19
341;4;6.29
341;5;6.99
342;1;5.86
342;2;5.99
342;3;4.69
342;4;6.09
342;5;6.29
342;6;4.09
343;2;6.09
343;3;4.69
343;4;6.19
344;3;4.69
344;4;6.09
344;5;6.39
345;1;5.89
345;2;5.99
345;3;4.79
345;4;6.29
345;5;6.49
346;2;6.09
346;4;6.05
346;5;6.39
346;6;4.09
347;3;4.68
347;4;6.24
347;5;6.35
347;6;4.07
348;3;4.99
348;4;6.59
348;5;6.59
349;2;6.39
349;3;4.99
349;4;5.95
349;5;6.45
350;1;5.89
350;2;5.99
350;3;4.69
350;4;6.15
350;5;6.15
351;3;4.65
351;4;6.15
351;5;6.15
352;4;6.09
352;5;6.39
353;1;5.99
353;2;6.09
353;3;4.99
353;4;6.59
354;2;6.59
354;4;6.69
354;5;6.69
355;2;5.99
355;4;6.29
355;5;6.49
356;2;5.95
356;3;4.59
356;4;6.29
356;5;6.49
357;3;4.79
357;4;6.59
357;6;4.98
358;3;4.89
358;4;6.29
358;5;6.49
359;3;4.49
359;4;5.99
359;5;5.99
360;1;6.09
360;2;6.09
360;4;5.99
360;5;6.39
361;2;5.89
361;4;5.99
361;5;6.29
362;2;6.19
362;3;5.09
362;4;6.59
363;2;5.99
363;3;4.78
363;4;6.29
363;5;6.59
364;1;5.89
364;2;5.99
364;4;6.49
364;5;6.69
365;4;6.59
366;1;6.09
366;4;6.59
366;5;6.59
367;1;5.99
367;4;6.59
368;4;6.55
368;5;6.55
369;4;6.79
369;5;6.89
370;1;6.08
370;2;6.18
370;3;4.85
370;4;6.34
370;5;6.45
371;1;5.99
371;4;6.59
371;5;6.59
372;1;5.99
372;4;6.59
372;5;6.59
373;2;6.09
373;4;6.59
374;3;4.74
374;4;6.59
375;1;5.89
375;2;5.99
375;3;4.75
375;4;6.49
376;1;6.25
376;2;6.35
376;4;6.59
376;5;6.72
377;2;6.07
377;4;6.59
377;5;6.69
378;1;5.99
378;4;6.59
378;5;6.59
379;3;4.79
379;4;6.59
379;5;6.59
380;1;6.19
380;3;4.99
380;4;6.59
380;5;6.69
381;3;4.49
381;4;5.99
381;5;6.19
382;1;5.79
382;2;5.89
382;3;4.69
382;4;5.89
382;5;6.09
383;3;4.59
383;4;5.99
383;5;6.14
384;2;5.95
384;3;4.59
384;4;6.29
384;5;6.49
385;2;5.99
385;3;4.89
385;4;6.09
385;5;6.09
386;1;5.99
386;2;6.09
386;3;4.66
386;4;5.99
387;3;4.45
387;4;5.99
387;5;5.99
388;1;5.99
388;3;4.79
388;4;6.09
388;5;6.59
389;2;6.29
389;3;4.79
389;4;6.29
389;5;6.69
390;2;5.99
390;3;4.65
390;4;5.99
390;5;6.25
391;2;6.05
391;3;4.89
391;4;5.99
391;5;6.19
392;1;5.89
392;2;5.99
392;3;4.69
392;4;6.09
392;5;6.29
393;1;6.09
393;2;6.09
393;4;5.99
393;5;6.29
394;4;6.09
394;5;6.39
395;4;5.99
395;5;6.29
396;2;6.19
396;3;4.89
396;4;6.29
396;5;6.49
397;4;6.29
397;5;6.59
398;2;5.99
398;3;4.89
398;4;5.99
398;5;5.99
399;4;6.19
399;5;6.36
400;2;5.99
400;3;4.89
400;4;5.99
400;5;5.99
401;1;5.99
401;3;4.79
401;4;6.09
401;5;6.39
402;4;5.99
402;5;6.29
403;1;6.09
403;3;4.69
403;4;5.99
403;5;5.99
404;3;4.74
404;4;6.59
405;2;6.06
405;3;4.79
405;4;6.19
405;5;6.59
406;4;5.99
406;5;6.19
407;2;5.95
407;3;4.66
407;4;5.87
407;5;6.07
408;2;6.09
408;3;4.84
408;4;6.19
408;5;6.59
409;1;6.19
409;4;6.29
409;5;6.99
410;4;5.97
410;5;6.69
411;4;6.09
411;5;6.39
411;6;4.09
412;2;6.19
412;3;4.79
412;4;6.04
412;5;6.19
413;3;4.69
413;4;5.99
413;5;6.39
414;2;6.39
414;3;4.99
414;4;6.39
414;5;6.54
415;4;6.09
415;5;6.39
416;2;5.99
416;4;6.19
416;5;6.39
417;4;6.16
417;5;6.36
418;1;5.99
418;4;6.59
419;2;5.99
419;3;4.99
419;4;6.29
419;5;6.39
420;1;5.99
420;4;6.59
420;5;6.59
421;4;6.19
421;5;6.49
422;2;6.09
422;3;4.79
422;4;6.59
423;2;5.85
423;3;4.57
423;4;6.08
424;1;5.99
424;2;6.09
424;3;4.79
424;4;6.17
424;5;6.29
425;3;4.69
425;4;6.05
425;5;6.05
426;2;6.09
426;3;4.99
426;4;6.18
426;5;6.3
427;4;6.59
427;5;6.59
428;1;6.19
428;2;6.29
428;4;6.19
428;5;6.29
429;2;5.89
429;3;4.59
429;4;6.06
430;4;6.59
430;5;7.09
431;1;5.99
431;4;6.59
431;5;6.59
432;1;5.95
432;2;6.15
432;4;6.54
432;5;6.84
433;1;5.9
433;2;5.97
433;3;4.65
433;4;6.19
433;5;6.19
434;2;5.99
434;3;4.79
434;4;6.09
434;5;6.09
435;2;6.09
435;3;4.59
435;4;6.09
435;5;6.49
436;1;6.25
436;2;6.29
436;3;5.18
436;4;6.69
436;5;6.89
437;3;4.69
437;4;6.19
438;1;6.05
438;2;6.09
438;3;4.89
438;4;6.15
438;5;6.45
439;2;6.07
439;3;4.99
439;4;6.18
439;5;6.35
440;2;6.09
440;3;4.79
440;4;6.19
441;1;5.89
441;2;5.99
441;3;4.79
441;4;6.19
441;5;6.39
442;4;6.59
442;5;6.99
443;4;6.59
443;5;6.89
444;1;5.99
444;2;6.09
444;3;4.99
444;4;6.59
444;5;6.69
445;2;6.07
445;4;6.59
445;5;6.69
446;4;6.59
446;5;6.79
447;2;6.09
447;4;5.88
447;5;6.39
448;1;6.03
448;3;4.68
448;4;6.24
448;5;6.35
449;3;4.99
449;4;6.59
449;5;6.59
450;1;5.89
450;2;5.99
450;3;4.69
450;4;6.15
450;5;6.15
451;3;4.65
451;4;6.15
451;5;6.15
452;1;6.09
452;4;6.59
452;5;6.59
453;1;5.99
453;2;6.09
453;3;4.99
453;4;6.59
454;2;6.09
454;3;5.18
454;4;6.59
454;5;6.89
455;2;6.59
455;4;6.69
455;5;6.69
456;3;4.79
456;4;6.59
456;5;6.59
457;2;5.99
457;4;6.19
457;5;6.39
458;4;6.29
458;5;6.59
459;2;6.09
459;3;4.99
459;4;6.18
459;5;6.3
460;3;4.45
460;4;5.99
460;5;5.99
461;2;5.99
461;3;4.99
461;4;6.29
461;5;6.39
462;4;6.59
462;5;7.09
463;4;6.19
463;5;6.49
464;1;5.89
464;2;5.99
464;3;4.69
464;4;6.09
464;5;6.29
464;6;3.99
465;1;6.25
465;2;6.29
465;3;5.18
465;4;6.69
465;5;6.89
466;2;6.06
466;3;4.79
466;4;6.19
466;5;6.59
467;2;6.09
467;3;4.84
467;4;6.19
467;5;6.59
468;2;6.07
468;3;4.99
468;4;6.18
468;5;6.3
469;4;6.59
469;5;6.99
470;4;6.59
470;5;6.89
471;4;6.59
471;5;6.79
472;2;6.09
472;3;5.18
472;4;6.59
472;5;6.89
473;1;5.79
473;2;5.89
473;3;4.69
473;4;6.09
473;5;6.29
474;1;5.92
474;2;5.98
474;3;4.88
474;4;6.08
474;5;6.08
475;3;4.59
475;4;6.09
475;5;6.19
476;2;6.19
476;4;6.59
477;2;6.19
477;3;4.89
477;4;6.19
477;5;6.39
478;1;5.79
478;2;5.89
478;3;4.69
478;4;5.89
478;5;6.09
479;3;4.59
479;4;5.99
479;5;6.14
480;2;5.99
480;3;4.89
480;4;6.09
480;5;6.09
481;1;5.99
481;2;6.09
481;3;4.66
481;4;5.99
482;1;5.99
482;4;6.59
482;5;6.59
483;1;5.99
483;3;4.79
483;4;6.09
483;5;6.59
484;3;4.79
484;4;5.99
484;5;6.39
484;6;4.09
485;2;6.29
485;3;4.79
485;4;6.29
485;5;6.69
486;2;5.89
486;3;4.49
486;4;5.99
486;5;5.99
487;2;5.99
487;3;4.65
487;4;5.99
487;5;6.25
488;2;6.05
488;3;4.89
488;4;5.99
488;5;6.19
489;2;6.09
489;4;6.59
490;3;4.74
490;4;6.59
491;3;4.89
491;4;6.29
491;5;6.49
492;4;5.99
492;5;6.19
493;1;6.19
493;4;6.29
493;5;6.99
494;1;5.89
494;2;5.99
494;3;4.69
494;4;6.09
494;5;6.29
494;6;3.99
495;3;4.49
495;4;5.99
495;5;5.99
496;1;5.99
496;2;6.09
496;3;4.99
496;4;6.59
496;5;6.69
497;1;6.09
497;2;6.09
497;4;5.89
497;5;6.29
498;4;6.09
498;5;6.39
499;3;4.59
499;4;6.18
500;2;6.09
500;3;4.89
500;4;6.08
500;5;6.28
501;2;5.99
501;3;4.89
501;4;6.19
501;5;6.39
502;4;6.19
502;5;6.36
503;2;5.99
503;3;4.89
503;4;6.19
503;5;6.39
504;1;5.99
504;3;4.79
504;4;6.09
504;5;6.39
505;4;5.99
505;5;6.29
506;1;5.95
506;3;4.89
506;4;6.09
506;5;6.44
507;2;6.09
507;3;4.69
507;4;5.99
507;5;5.99
508;1;5.95
508;2;6.15
508;4;6.54
508;5;6.84
509;2;5.99
509;3;4.79
509;4;5.99
509;5;6.19
510;2;5.95
510;3;4.66
510;4;5.87
510;5;6.07
511;3;4.79
511;4;6.09
511;5;6.39
512;2;6.39
512;3;4.99
512;4;6.09
512;5;6.44
513;1;5.99
513;2;6.09
513;3;4.79
513;4;6.09
513;5;6.09
514;3;4.69
514;4;6.05
514;5;6.05
515;1;5.89
515;2;5.99
515;3;5.19
515;4;7.09
515;5;7.29
516;2;5.94
516;3;4.99
516;4;6.86
517;1;5.99
517;2;6.09
517;4;6.53
517;5;6.63
517;6;4.49
518;4;6.79
518;5;6.89
519;1;6.08
519;2;6.18
519;3;4.87
519;4;6.39
519;5;6.5
520;1;5.9
520;2;5.97
520;3;4.65
520;4;6.19
520;5;6.19
520;6;4.09
521;2;5.99
521;3;4.79
521;4;6.09
521;5;6.09
521;6;3.99
522;2;5.99
522;3;4.59
522;4;6.09
522;5;6.49
523;3;4.69
523;4;6.09
524;1;5.89
524;2;5.99
524;3;4.75
524;4;6.49
525;1;5.89
525;2;5.99
525;3;5.19
525;4;7.09
525;5;7.39
526;1;6.09
526;2;6.19
526;4;6.49
526;5;6.62
527;1;6.69
527;2;6.79
527;4;7.29
527;5;7.39
528;1;6.19
528;3;4.99
528;4;6.49
528;5;6.59
529;1;5.89
529;2;5.99
529;3;4.69
529;4;6.15
529;5;6.15
530;4;6.19
531;2;5.97
531;3;4.65
531;4;6.15
531;5;6.19
532;2;5.99
532;3;4.8
532;4;6.09
533;2;6.09
533;3;4.79
533;4;6.29
533;5;6.39
533;6;3.98
534;1;5.99
534;4;6.19
534;5;6.39
535;1;6.19
535;4;6.45
535;5;6.65
536;1;5.99
536;4;6.59
537;1;5.99
537;4;6.39
537;5;6.49
538;1;5.99
538;4;6.39
538;5;6.49
539;1;5.89
539;4;6.29
540;2;6.19
540;4;6.59
541;4;6.29
541;5;6.59
542;1;5.79
542;2;5.89
542;3;4.69
542;4;5.89
542;5;6.09
543;1;6.39
543;2;6.49
543;3;5.49
543;4;6.39
543;5;6.49
544;1;5.99
544;2;6.09
544;3;4.66
544;4;5.99
545;1;5.99
545;3;4.79
545;4;6.09
545;5;6.59
546;2;5.99
546;3;4.99
546;4;6.29
546;5;6.39
547;2;6.29
547;3;4.89
547;4;6.28
547;5;6.59
548;4;6.19
548;5;6.49
549;2;6.05
549;3;4.89
549;4;5.94
549;5;6.14
550;2;6.09
550;3;4.84
550;4;6.09
550;5;6.49
551;1;5.89
551;2;5.99
551;3;4.69
551;4;6.09
551;5;6.29
551;6;3.99
552;3;4.99
552;4;6.59
552;5;6.59
553;2;6.49
553;3;4.99
553;4;6.69
553;5;6.69
554;1;5.99
554;2;6.09
554;3;4.99
554;4;6.59
555;1;5.99
555;3;4.79
555;4;6.09
555;5;6.59
556;2;6.59
556;4;6.69
556;5;6.69
557;1;5.92
557;2;5.98
557;3;4.88
557;4;6.08
557;5;6.08
558;2;5.95
558;3;4.69
558;4;5.89
559;2;6.19
559;3;4.89
559;4;6.19
559;5;6.39
560;3;4.49
560;4;5.99
560;5;6.19
561;3;4.59
561;4;5.99
561;5;6.14
562;2;5.99
562;3;4.89
562;4;6.09
562;5;6.09
563;2;5.99
563;3;4.89
563;4;6.19
563;5;6.39
564;3;4.45
564;4;5.99
564;5;5.99
565;4;6.19
565;5;6.36
566;2;5.99
566;3;4.89
566;4;6.19
566;5;6.39
567;1;5.95
567;3;4.89
567;4;6.09
567;5;6.44
568;3;4.79
568;4;5.99
568;5;6.39
568;6;4.09
569;2;5.89
569;3;4.49
569;4;5.99
569;5;5.99
570;2;5.99
570;3;4.79
570;4;5.99
570;5;6.19
571;2;5.99
571;3;4.65
571;4;5.99
571;5;6.25
572;3;4.89
572;4;6.19
572;5;6.39
573;1;6.09
573;2;6.19
573;3;4.69
573;4;6.29
573;5;6.39
574;3;4.79
574;4;6.09
574;5;6.39
575;3;4.69
575;4;5.89
576;2;6.19
576;3;5.09
576;4;6.59
577;3;4.69
577;4;5.99
577;5;6.39
578;1;5.99
578;2;6.09
578;3;4.65
578;4;6.09
578;5;6.39
579;4;6.09
579;5;6.39
580;2;6.19
580;3;4.89
580;4;6.09
580;5;6.39
581;2;6.09
581;3;4.99
581;4;6.18
581;5;6.3
582;1;6.19
582;4;6.45
582;5;6.65
583;2;5.95
583;3;4.59
583;4;6.17
583;5;6.37
584;1;5.99
584;4;6.59
585;4;6.59
585;5;7.09
586;1;5.99
586;4;6.39
586;5;6.49
587;1;5.99
587;4;6.39
587;5;6.49
588;4;6.39
589;2;6.19
589;3;4.99
589;4;6.19
589;5;6.69
590;3;4.74
590;4;6.39
591;2;6.06
591;3;4.89
591;4;6.09
591;5;6.49
592;1;5.89
592;4;6.29
592;5;6.49
593;4;6.59
593;5;6.99
594;4;6.59
594;5;6.89
595;4;6.59
595;5;6.79
596;1;5.99
596;4;6.39
596;5;6.49
597;2;6.09
597;3;5.18
597;4;6.59
597;5;6.89
598;2;6.09
598;3;5.18
598;4;6.59
598;5;6.89
599;2;6.09
599;3;4.59
599;4;6.17
599;5;6.17
600;2;5.99
600;4;6.19
600;5;6.39
601;1;5.89
601;2;5.99
601;4;6.49
601;5;6.69
602;4;6.59
603;4;6.08
603;5;6.28
603;6;3.99
604;4;6.39
604;5;6.49
605;4;6.49
605;5;6.49
606;1;5.99
606;3;4.79
606;4;6.09
606;5;6.39
607;4;6.79
607;5;6.89
608;1;6.08
608;2;6.18
608;3;4.87
608;4;6.39
608;5;6.5
609;1;5.95
609;2;6.15
609;4;6.54
609;5;6.84
610;1;5.99
610;2;6.09
610;3;4.99
610;4;6.59
610;5;6.69
611;3;4.74
611;4;6.39
611;5;6.39
612;1;6.19
612;3;4.99
612;4;6.49
612;5;6.59
613;1;5.99
613;2;6.09
613;3;4.79
613;4;6.09
613;5;6.29
614;3;4.69
614;4;6.05
614;5;6.05
615;1;6.19
615;2;6.29
615;4;6.19
615;5;6.29
616;2;5.89
616;3;4.59
616;4;6.06
617;1;5.9
617;2;5.97
617;3;4.65
617;4;6.19
617;5;6.19
617;6;4.09
618;2;5.99
618;3;4.79
618;4;6.09
618;5;6.09
618;6;3.99
619;3;4.69
619;4;6.09
620;1;5.87
620;2;5.97
620;3;4.79
620;4;6.08
620;5;6.39
621;2;6.09
621;3;4.79
621;4;6.09
622;1;5.89
622;2;5.99
622;3;4.79
622;4;6.19
622;5;6.39
623;2;6.09
623;4;5.88
623;5;6.39
623;6;3.99
624;1;6.03
624;3;4.68
624;4;6.14
624;5;6.24
624;6;3.98
625;1;5.89
625;2;5.99
625;3;4.69
625;4;6.15
625;5;6.15
626;3;4.65
626;4;6.15
626;5;6.15
627;4;6.09
628;1;5.79
628;2;5.89
628;3;4.69
628;4;5.89
628;5;6.09
629;3;4.59
629;4;5.99
629;5;6.14
630;2;6.09
630;3;4.99
630;4;6.18
630;5;6.3
631;2;5.99
631;3;4.89
631;4;6.09
631;5;6.09
632;1;5.99
632;3;4.79
632;4;6.09
632;5;6.39
633;4;5.99
633;5;6.29
634;3;4.79
634;4;5.99
634;5;6.39
634;6;4.09
635;4;6.59
635;5;7.09
636;2;6.09
636;3;4.69
636;4;5.99
636;5;5.99
637;1;5.89
637;2;5.99
637;3;4.69
637;4;6.09
637;5;6.29
637;6;3.99
638;2;5.89
638;3;4.49
638;4;5.89
638;5;5.89
639;2;5.99
639;3;4.65
639;4;5.99
639;5;6.25
640;1;6.25
640;3;4.99
640;4;6.19
640;5;6.69
641;3;4.89
641;4;6.19
641;5;6.39
642;2;6.06
642;3;4.89
642;4;6.09
642;5;6.49
643;2;5.95
643;3;4.66
643;4;5.87
643;5;6.07
644;2;6.09
644;3;4.84
644;4;6.09
644;5;6.49
645;2;6.07
645;3;4.99
645;4;6.18
645;5;6.3
646;4;5.97
646;5;6.69
647;3;4.79
647;4;6.09
647;5;6.39
648;4;6.59
648;5;6.99
649;4;6.59
649;5;6.89
650;3;4.49
650;4;5.89
650;5;5.89
651;4;6.59
652;2;6.39
652;3;4.99
652;4;5.99
652;5;6.34
653;1;6.09
653;2;6.09
653;4;5.89
653;5;6.29
654;4;6.09
654;5;6.39
655;2;5.89
655;4;5.89
655;5;6.29
656;4;5.99
656;5;6.39
656;6;3.99
657;2;6.09
657;3;5.18
657;4;6.59
657;5;6.89
658;2;5.99
658;4;6.19
658;5;6.39
659;2;5.95
659;3;4.59
659;4;6.17
659;5;6.37
660;1;5.99
660;2;6.09
660;3;4.66
660;4;5.99
661;2;5.99
661;3;4.89
661;4;6.19
661;5;6.39
662;4;6.19
662;5;6.36
663;2;5.99
663;3;4.89
663;4;6.19
663;5;6.39
664;1;5.99
664;3;4.79
664;4;6.09
664;5;6.59
665;1;5.95
665;3;4.89
665;4;6.09
665;5;6.44
666;2;5.99
666;3;4.99
666;4;6.29
666;5;6.39
667;4;6.19
667;5;6.49
668;2;6.05
668;3;4.89
668;4;5.94
668;5;6.14
669;2;6.09
669;3;4.69
669;4;6.39
670;1;5.89
670;2;5.99
670;3;4.69
670;4;6.09
670;5;6.29
670;6;3.99
671;2;5.99
671;3;4.78
671;4;6.19
671;5;6.49
672;4;6.08
672;5;6.08
673;1;5.99
673;2;6.09
673;3;4.79
673;4;6.09
673;5;6.29
674;1;6.19
674;2;6.29
674;4;6.19
674;5;6.29
675;2;5.79
675;3;4.59
675;4;6.06
676;1;5.95
676;2;6.15
676;4;6.54
676;5;6.84
677;1;5.9
677;2;5.97
677;3;4.65
677;4;6.19
677;5;6.19
677;6;4.09
678;2;5.99
678;3;4.79
678;4;6.09
678;5;6.09
678;6;3.99
679;2;6.09
679;3;4.59
679;4;6.09
679;5;6.49
680;3;4.69
680;4;6.09
681;1;5.87
681;2;5.97
681;3;4.79
681;4;6.08
681;5;6.39
682;2;6.09
682;3;4.79
682;4;6.19
683;1;5.89
683;2;5.99
683;3;4.79
683;4;6.19
683;5;6.39
684;2;6.07
684;4;6.39
684;5;6.49
685;2;6.09
685;4;5.88
685;5;6.39
685;6;3.99
686;1;6.03
686;3;4.68
686;4;6.14
686;5;6.24
686;6;3.98
687;1;5.89
687;2;5.99
687;3;4.69
687;4;6.15
687;5;6.15
688;3;4.59
688;4;6.15
688;5;6.15
689;4;6.09
690;3;4.59
690;4;6.39
690;5;6.39
691;1;5.89
691;2;5.99
691;4;6.49
691;5;6.69
692;4;6.59
693;4;6.08
693;5;6.28
693;6;3.99
694;1;5.99
694;4;6.53
694;5;6.63
694;6;4.49
695;4;6.49
695;5;6.49
696;4;6.79
696;5;6.89
697;1;6.11
697;2;6.21
697;3;4.87
697;4;6.39
697;5;6.5
698;3;4.54
698;4;6.39
699;1;5.89
699;2;5.99
699;3;4.59
699;4;6.49
700;1;6.19
700;4;6.29
700;5;6.99
701;2;5.85
701;3;4.57
701;4;6.06
702;1;6.09
702;2;6.19
702;4;6.49
702;5;6.62
703;3;4.89
703;4;6.39
703;6;4.98
704;1;5.89
704;2;5.99
704;3;4.99
704;4;6.39
705;1;5.99
705;2;6.09
705;3;4.79
705;4;6.09
705;5;6.29
706;3;4.49
706;4;5.89
706;5;6.09
707;1;5.79
707;2;5.89
707;3;4.69
707;4;5.89
707;5;6.09
708;3;4.59
708;4;5.89
708;5;6.04
709;3;4.69
709;4;6.05
709;5;6.05
710;2;5.99
710;3;4.89
710;4;6.09
710;5;6.09
711;1;5.99
711;2;6.09
711;3;4.79
711;4;5.99
712;3;4.45
712;4;5.89
712;5;5.89
713;1;5.99
713;3;4.79
713;4;6.09
713;5;6.59
714;1;6.19
714;2;6.29
714;4;6.19
714;5;6.29
715;2;5.79
715;3;4.59
715;4;6.06
716;4;5.99
716;5;6.29
717;3;4.79
717;4;5.99
717;5;6.39
717;6;4.09
718;1;5.95
718;2;6.15
718;4;6.54
718;5;6.84
719;1;5.9
719;2;5.97
719;3;4.65
719;4;6.19
719;5;6.19
719;6;4.09
720;2;5.89
720;3;4.49
720;4;5.89
720;5;5.89
721;2;5.99
721;3;4.79
721;4;6.09
721;5;6.09
721;6;3.99
722;2;6.05
722;3;4.89
722;4;5.94
722;5;6.14
723;2;5.99
723;3;4.59
723;4;6.09
723;5;6.49
724;3;4.89
724;4;6.19
724;5;6.39
725;3;4.69
725;4;6.09
726;4;5.99
726;5;6.19
727;1;5.87
727;2;5.97
727;3;4.79
727;4;6.08
727;5;6.39
728;1;5.89
728;2;5.99
728;3;4.69
728;4;6.09
728;5;6.29
728;6;3.99
729;2;6.09
729;3;4.79
729;4;6.09
730;3;4.89
730;4;6.09
730;5;6.39
731;1;5.89
731;2;5.99
731;3;4.79
731;4;6.19
731;5;6.39
732;2;6.19
732;3;4.89
732;4;6.09
732;5;6.09
733;2;6.09
733;4;6.05
733;5;6.39
733;6;3.99
734;3;4.68
734;4;6.14
734;5;6.24
734;6;3.98
735;3;4.69
735;4;5.89
736;2;6.39
736;4;5.99
736;5;6.34
737;1;5.89
737;2;5.99
737;3;4.69
737;4;6.15
737;5;6.15
738;2;6.09
738;3;4.79
738;4;5.99
738;5;6.29
739;3;4.59
739;4;6.09
739;5;6.09
740;4;6.09
740;5;6.39
741;2;5.99
741;4;5.89
741;5;6.29
742;1;5.99
742;3;4.79
742;4;6.09
742;5;6.59
743;1;5.79
743;2;5.89
743;3;4.69
743;4;6.08
743;5;6.28
744;1;5.99
744;2;6.09
744;3;4.65
744;4;6.09
744;5;6.39
745;3;4.59
745;4;6.09
745;5;6.19
746;1;5.89
746;2;5.99
746;4;6.49
746;5;6.69
747;2;5.95
747;3;4.79
747;4;6.09
747;5;6.29
748;2;5.99
748;3;4.89
748;4;6.09
748;5;6.09
749;4;6.59
750;4;6.19
750;5;6.36
751;2;5.99
751;3;4.89
751;4;6.09
751;5;6.09
752;1;5.99
752;4;6.53
752;5;6.63
752;6;4.49
753;4;6.49
753;5;6.49
754;2;5.99
754;3;4.99
754;4;5.99
754;5;6.39
755;4;6.79
755;5;6.89
756;1;6.11
756;2;6.11
756;3;4.87
756;4;6.3
756;5;6.5
757;4;6.19
757;5;6.49
758;1;5.89
758;2;5.99
758;3;4.59
758;4;6.49
759;1;6.09
759;2;6.19
759;3;4.69
759;4;6.29
759;5;6.39
760;1;6.09
760;2;6.19
760;4;6.49
760;5;6.62
761;2;5.99
761;3;4.78
761;4;6.09
761;5;6.39
762;2;6.09
762;3;4.87
762;4;6.09
762;5;6.39
763;2;5.95
763;3;4.55
763;4;6.07
763;5;6.07
764;2;6.09
764;3;4.89
764;4;6.08
764;5;6.28
765;2;5.98
765;3;5.09
765;4;6.89
766;1;5.99
766;4;6.49
767;1;5.99
767;4;6.39
767;5;6.49
768;4;6.39
768;5;6.49
769;2;6.09
769;4;6.39
770;3;4.54
770;4;6.39
771;1;6.64
771;2;6.74
771;3;5.19
771;4;7.09
771;5;7.39
772;1;6.09
772;2;6.19
772;3;5.3
772;4;7.09
772;5;7.14
773;1;5.99
773;4;6.39
773;5;6.49
774;1;5.94
774;2;5.99
774;3;5.18
774;4;7.09
774;5;7.39
775;4;6.19
775;5;6.49
776;1;5.99
776;4;6.39
776;5;6.49
777;4;6.59
777;5;6.59
778;1;5.89
778;2;5.99
778;3;4.69
778;4;6.09
778;5;6.29
778;6;3.99
779;1;6.29
779;2;6.39
779;3;4.99
779;4;6.49
779;5;6.69
780;2;6.09
780;3;4.89
780;4;6.06
780;5;6.46
781;2;6.07
781;3;4.99
781;4;6.18
781;5;6.3
782;4;6.59
782;5;6.99
783;4;6.59
783;5;6.59
784;1;6.09
784;2;6.19
784;3;4.99
784;4;6.59
784;5;6.69
785;2;6.07
785;4;6.39
785;5;6.49
786;4;6.59
786;5;6.79
787;2;6.09
787;3;5.18
787;4;6.59
787;5;6.89
788;2;6.09
788;3;5.18
788;4;6.59
788;5;6.89
789;3;4.59
789;4;6.39
789;5;6.39
790;2;6.19
790;3;4.89
790;4;6.09
790;5;6.29
791;3;4.49
791;4;5.89
791;5;6.09
792;4;6.19
792;5;6.49
793;3;4.59
793;4;5.89
793;5;6.04
794;2;6.09
794;3;4.99
794;4;6.17
794;5;6.3
795;2;5.99
795;3;4.89
795;4;6.09
796;3;4.45
796;4;5.89
796;5;5.89
797;1;6.39
797;3;4.99
797;4;6.19
797;5;6.49
798;4;5.99
798;5;6.29
799;3;4.79
799;4;5.99
799;5;6.39
799;6;4.09
800;4;6.59
800;5;6.59
801;2;6.09
801;3;4.69
801;4;5.99
801;5;5.99
802;1;5.89
802;2;5.99
802;3;4.69
802;4;6.09
802;5;6.29
802;6;3.99
803;2;5.99
803;3;4.65
803;4;5.88
803;5;6.08
804;1;6.29
804;2;6.39
804;3;4.99
804;4;6.49
804;5;6.69
805;3;4.89
805;4;6.09
805;5;6.29
806;4;5.99
806;5;6.19
807;2;6.49
807;3;4.87
807;4;6.09
807;5;6.29
808;2;6.07
808;3;4.99
808;4;6.18
808;5;6.3
809;4;6.09
809;5;6.49
810;3;4.89
810;4;6.09
810;5;6.39
811;4;6.59
811;5;6.99
812;4;6.59
812;5;6.59
813;4;5.89
813;5;5.89
814;4;6.59
815;2;6.39
815;3;4.99
815;4;5.99
815;5;6.34
816;1;6.19
816;2;6.19
816;4;5.89
816;5;6.29
817;4;6.09
817;5;6.39
818;2;6.09
818;3;5.18
818;4;6.59
818;5;6.89
819;1;5.99
819;2;6.09
819;3;4.69
819;4;6.08
819;5;6.28
820;1;5.99
820;2;6.09
820;3;4.65
820;4;6.09
820;5;6.39
821;3;4.59
821;4;6.09
821;5;6.19
822;1;6.29
822;2;6.39
822;3;4.69
822;4;5.89
822;5;6.09
823;1;6.49
823;2;6.59
823;3;4.99
823;4;6.59
824;2;6.25
824;3;4.89
824;4;6.19
824;5;6.39
825;4;6.19
825;5;6.36
826;2;6.25
826;3;4.89
826;4;6.19
826;5;6.39
827;1;6.59
827;3;4.89
827;4;6.58
827;5;7.08
828;2;5.99
828;3;4.74
828;4;5.94
828;5;6.14
829;2;6.59
829;3;4.89
829;4;6.59
829;5;6.79
830;1;6.39
830;2;6.49
830;3;4.89
830;4;6.59
830;5;6.79
830;6;3.99
831;1;6.79
831;2;6.89
831;4;6.69
831;5;6.99
832;2;6.39
832;3;4.99
832;4;6.59
832;5;6.99
833;2;6.39
833;3;4.99
833;4;6.59
833;5;6.99
834;1;6.79
834;4;6.59
834;5;6.89
835;1;6.25
835;2;6.35
835;3;4.89
835;4;6.19
835;5;6.39
836;3;4.69
836;4;6.05
836;5;6.05
837;1;6.49
837;2;6.59
837;4;6.45
837;5;6.65
838;4;6.59
839;1;6.49
839;4;6.53
839;5;6.63
839;6;4.49
840;1;6.59
840;2;6.69
840;4;6.59
840;5;6.79
841;2;6.36
841;3;4.66
841;4;6.36
842;4;6.59
842;5;6.59
843;2;6.39
843;3;5.19
843;4;6.39
843;5;6.79
844;4;6.79
844;5;6.89
845;1;6.4
845;2;6.5
845;3;4.87
845;4;6.47
845;5;6.58
846;1;6.4
846;2;6.42
846;3;4.65
846;4;6.39
846;5;6.39
846;6;4.09
847;2;6.19
847;3;4.79
847;4;6.09
847;5;6.09
847;6;3.99
848;2;6.39
848;3;4.69
848;4;6.59
848;5;6.99
849;3;4.89
849;4;6.19
850;1;7.69
850;2;7.89
850;3;4.65
850;4;6.45
851;2;6.29
851;3;4.89
851;4;6.19
852;1;6.64
852;2;6.74
852;3;4.79
852;4;6.29
852;5;6.49
853;1;6.39
853;2;6.49
853;4;6.49
853;5;6.62
854;2;6.79
854;4;6.07
854;5;6.59
854;6;3.99
855;1;6.38
855;4;6.38
855;5;6.49
855;6;3.98
856;1;6.49
856;2;6.59
856;3;4.99
856;4;6.59
856;5;6.59
857;3;4.97
857;4;6.57
857;5;6.57
858;2;6.49
858;3;4.99
858;4;6.59
858;5;6.79
859;2;6.29
859;3;4.95
859;4;6.57
859;5;6.57
860;4;6.59
860;5;6.79
860;6;3.99
861;2;6.39
861;3;4.99
861;4;6.59
861;5;6.79
862;3;4.99
862;4;6.59
862;5;6.79
863;4;6.39
863;5;6.69
864;1;6.49
864;2;6.59
864;3;4.99
864;4;6.59
864;5;6.79
865;3;4.85
865;4;6.45
865;5;6.45
866;1;6.49
866;2;6.59
866;4;6.45
866;5;6.65
867;1;6.49
867;2;6.59
867;3;4.99
867;4;6.59
868;4;6.59
869;3;4.97
869;4;6.57
869;5;6.57
870;1;6.59
870;3;4.89
870;4;6.58
870;5;7.08
871;4;6.59
871;5;6.59
872;4;6.59
872;5;6.89
873;4;6.79
873;5;6.89
874;3;4.99
874;4;6.59
874;5;6.99
874;6;4.09
875;1;6.47
875;2;6.57
875;3;4.99
875;4;6.52
875;5;6.63
876;2;6.39
876;3;4.98
876;4;6.59
876;5;6.79
877;2;6.59
877;3;4.99
877;4;6.59
877;5;6.69
878;3;4.89
878;4;6.59
878;5;6.79
879;2;6.39
879;3;4.99
879;4;6.59
879;5;6.99
880;4;6.59
880;5;6.79
881;2;6.39
881;3;4.99
881;4;6.59
881;5;6.99
882;3;4.59
882;4;6.49
883;1;6.39
883;2;6.49
883;3;4.99
883;4;6.59
883;5;6.79
883;6;3.99
884;3;5.09
884;4;6.59
884;5;6.79
885;4;6.45
885;5;6.45
886;1;6.49
886;2;6.59
886;4;6.49
886;5;6.62
887;1;6.59
887;3;5.19
887;4;6.59
887;5;6.69
888;2;6.79
888;3;4.99
888;4;6.59
888;5;6.94
889;1;6.39
889;2;6.39
889;4;6.59
889;5;6.99
890;2;6.49
890;4;6.59
890;5;6.89
891;4;6.59
891;5;6.79
891;6;3.99
892;1;6.69
892;2;6.79
892;3;4.99
892;4;6.59
892;5;6.69
893;2;6.79
893;4;6.59
893;5;6.79
894;3;4.79
894;4;6.17
894;5;6.17
895;2;6.39
895;3;4.89
895;4;6.59
895;5;6.79
896;4;6.59
896;5;6.74
897;2;6.39
897;3;4.89
897;4;6.59
897;5;6.79
898;1;6.59
898;2;6.69
898;3;4.5
898;4;6.59
898;5;6.79
899;2;6.55
899;3;4.86
899;4;6.46
900;1;6.89
900;3;5.09
900;4;6.69
900;5;6.99
901;2;6.49
901;3;5.19
901;4;6.49
901;5;6.89
902;2;6.99
902;3;4.99
902;4;6.59
902;5;6.79
903;2;6.49
903;3;4.99
903;4;6.59
903;5;6.59
904;4;6.59
904;5;6.89
905;1;6.89
905;2;6.99
905;4;6.69
905;5;6.99
906;1;7.0
906;2;7.02
906;3;4.65
906;4;6.59
906;5;6.59
906;6;4.09
907;2;6.49
907;3;4.89
907;4;6.49
907;5;6.69
908;2;6.69
908;3;4.89
908;4;6.29
908;5;6.29
908;6;3.99
909;2;6.59
909;3;4.69
909;4;6.59
909;5;6.99
910;3;4.69
910;4;6.39
911;2;6.55
911;3;4.98
911;4;6.59
911;5;6.79
912;1;6.37
912;2;6.47
912;3;4.89
912;4;6.69
912;5;6.99
913;1;6.79
913;4;6.79
913;5;6.89
914;4;6.59
914;5;6.92
915;2;6.79
915;3;4.89
915;4;6.49
916;1;6.74
916;2;6.84
916;3;4.89
916;4;6.49
916;5;6.69
917;2;6.99
917;4;6.39
917;5;6.59
917;6;3.99
918;1;6.78
918;3;4.89
918;4;6.48
918;5;6.59
918;6;3.98
919;1;6.79
919;2;6.89
919;3;4.99
919;4;6.59
919;5;6.59
920;3;4.89
920;4;6.39
920;5;6.39
921;1;7.09
921;2;7.19
921;3;5.49
921;4;6.69
922;2;6.49
922;3;4.95
922;4;6.57
922;5;6.77
923;4;6.59
923;5;6.79
923;6;3.99
924;2;6.79
924;3;4.85
924;4;6.55
925;2;6.63
925;3;5.15
925;4;6.63
925;5;6.73
926;4;7.19
926;5;7.39
927;1;6.15
927;2;6.99
927;3;5.89
927;4;6.79
927;5;6.89
928;2;6.65
928;3;5.15
928;4;6.65
928;5;6.77
929;4;7.19
929;5;7.39
930;4;7.19
930;5;7.39
931;2;7.49
931;3;5.89
931;4;7.19
931;5;7.49
932;2;7.49
932;3;5.89
932;4;7.19
932;5;7.49
933;1;6.69
933;2;6.79
933;3;4.99
933;4;6.39
933;5;6.59
934;3;4.79
934;4;6.47
934;5;6.67
935;4;6.39
935;5;6.69
936;1;6.69
936;2;6.79
936;3;4.99
936;4;6.49
936;5;6.69
937;3;4.85
937;4;6.45
937;5;6.59
938;3;4.89
938;4;6.27
938;5;6.27
939;2;6.63
939;3;5.15
939;4;6.63
939;5;6.73
940;2;6.67
940;3;4.95
940;4;6.57
940;5;6.77
941;3;4.75
941;4;6.45
941;5;6.45
942;1;6.89
942;3;5.19
942;4;6.79
942;5;6.99
943;4;6.49
943;5;6.79
944;3;4.99
944;4;6.59
944;5;6.99
944;6;4.09
945;4;7.19
945;5;7.39
946;2;6.49
946;3;4.99
946;4;6.59
946;5;6.59
947;1;7.2
947;3;4.8
947;4;6.59
947;5;6.59
947;6;4.09
948;1;6.69
948;2;6.79
948;3;4.99
948;4;6.59
948;5;6.79
948;6;3.99
949;2;6.69
949;3;4.89
949;4;6.29
949;5;6.29
949;6;3.99
950;2;6.39
950;3;4.98
950;4;6.45
950;5;6.79
951;2;6.99
951;3;4.69
951;4;6.39
951;5;6.79
952;1;6.15
952;2;6.99
952;3;5.89
952;4;6.79
952;5;6.89
953;3;4.89
953;4;6.59
953;5;6.79
954;2;6.99
954;3;4.99
954;4;6.56
954;5;6.96
955;3;4.89
955;4;6.39
956;2;6.88
956;3;4.98
956;4;6.59
956;5;6.79
957;2;6.99
957;3;4.99
957;4;6.56
957;5;6.96
958;2;6.65
958;3;5.15
958;4;6.65
958;5;6.77
959;4;6.59
959;5;6.92
960;2;6.89
960;3;4.89
960;4;6.59
961;3;5.09
961;4;6.59
961;5;6.79
962;1;6.79
962;2;6.89
962;3;4.89
962;4;6.39
962;5;6.69
963;4;7.19
963;5;7.39
964;4;7.19
964;5;7.39
965;3;4.79
965;4;6.45
965;5;6.45
966;4;6.89
966;5;6.99
967;2;6.99
967;4;6.35
967;5;6.89
967;6;3.99
968;1;6.87
968;3;4.89
968;4;6.48
968;5;6.59
968;6;3.98
969;2;6.79
969;3;4.99
969;4;6.59
969;5;6.94
970;1;6.89
970;2;6.99
970;3;4.99
970;4;6.59
970;5;6.59
971;1;6.99
971;2;6.99
971;4;6.45
971;5;6.85
972;3;4.89
972;4;6.59
972;5;6.59
973;4;6.59
973;5;6.89
974;4;6.49
974;5;6.79
974;6;3.99
975;4;6.59
975;5;6.79
975;6;3.99
976;2;7.49
976;3;5.89
976;4;7.19
976;5;7.49
977;1;6.69
977;2;6.79
977;3;4.99
977;4;6.59
977;5;6.79
978;1;6.79
978;2;6.99
978;3;4.99
978;4;6.59
978;5;6.89
979;3;4.87
979;4;6.57
979;5;6.77
980;1;6.78
980;2;6.88
980;3;4.99
980;4;6.59
981;2;6.67
981;3;4.89
981;4;6.59
981;5;6.79
982;4;6.59
982;5;6.74
983;2;6.67
983;3;4.89
983;4;6.59
983;5;6.79
984;1;6.89
984;3;5.09
984;4;6.69
984;5;7.09
985;2;6.49
985;3;4.89
985;4;6.49
985;5;6.69
986;2;6.79
986;3;4.99
986;4;6.49
986;5;6.69
987;1;6.79
987;2;6.89
987;3;4.99
987;4;6.59
987;5;6.79
987;6;3.99
988;2;6.79
988;3;4.99
988;4;6.59
988;5;6.79
989;2;6.99
989;4;6.79
990;2;6.89
990;4;6.59
990;5;6.79
991;1;6.89
991;2;6.99
991;4;6.59
991;5;6.79
992;2;6.96
992;3;4.86
992;4;6.56
993;3;4.89
993;4;6.69
993;6;4.98
994;1;6.49
994;2;6.69
994;3;4.89
994;4;6.39
994;5;6.69
995;2;7.19
995;3;5.09
995;4;6.79
996;1;7.09
996;2;7.19
996;3;5.79
996;4;6.79
997;1;6.89
997;2;6.99
997;4;6.55
997;5;6.75
998;4;6.69
999;4;6.59
999;5;6.79
999;6;3.99
1000;4;6.69
1000;5;6.69
1001;4;6.89
1001;5;6.99
1002;1;6.63
1002;2;6.93
1002;3;5.07
1002;4;6.49
1002;5;6.69
1003;1;7.59
1003;2;7.69
1003;3;4.59
1003;4;6.55
1004;1;6.89
1004;2;6.99
1004;4;6.79
1004;5;6.92
1005;1;6.89
1005;2;6.99
1005;3;5.19
1005;4;6.59
1005;5;6.69
1006;3;4.99
1006;4;6.59
1006;5;6.79
1007;2;6.89
1007;4;6.59
1007;5;6.79
1008;3;4.79
1008;4;6.47
1008;5;6.67
1009;1;6.79
1009;2;6.89
1009;3;4.99
1009;4;6.45
1009;5;6.65
1010;3;4.79
1010;4;6.45
1010;5;6.59
1011;2;6.99
1011;3;4.99
1011;5;6.59
1012;1;6.78
1012;2;6.88
1012;3;4.99
1012;4;6.59
1013;3;4.75
1013;4;6.45
1013;5;6.45
1014;1;6.69
1014;2;6.79
1014;3;4.89
1014;4;6.69
1015;1;6.89
1015;3;5.09
1015;4;6.69
1015;5;7.09
1016;4;6.49
1016;5;6.79
1017;3;4.99
1017;4;6.49
1017;5;6.89
1017;6;3.99
1018;1;6.69
1018;2;6.79
1018;4;6.69
1018;5;6.69
1019;4;6.59
1019;5;6.89
1020;2;6.49
1020;3;4.85
1020;4;6.45
1020;5;6.45
1021;2;6.79
1021;3;4.98
1021;4;6.58
1021;5;6.79
1022;2;6.87
1022;3;4.99
1022;4;6.49
1022;5;6.69
1023;4;6.69
1024;3;4.99
1024;4;6.59
1024;5;6.79
1025;1;6.89
1025;4;6.59
1025;5;6.79
1026;1;6.79
1026;2;6.89
1026;3;4.99
1026;4;6.59
1026;5;6.79
1026;6;3.99
1027;3;5.29
1027;4;6.49
1027;5;6.79
1028;4;6.45
1028;5;6.45
1029;1;6.89
1029;2;6.99
1029;4;6.59
1030;2;6.79
1030;3;5.29
1030;4;6.59
1030;5;6.94
1031;1;6.89
1031;2;6.89
1031;4;6.45
1031;5;6.85
1032;4;6.59
1032;5;6.89
1033;1;7.09
1033;2;7.19
1033;3;5.49
1033;4;6.79
1034;1;6.79
1034;2;6.89
1034;3;4.99
1034;4;6.45
1034;5;6.65
1035;2;7.09
1035;3;4.72
1035;4;6.57
1035;5;6.57
1036;1;6.69
1036;2;6.79
1036;3;4.99
1036;4;6.59
1036;5;6.89
1037;2;6.89
1037;3;4.99
1037;4;6.59
1037;5;6.59
1038;4;6.49
1038;5;6.69
1038;6;3.99
1039;2;6.89
1039;3;4.99
1039;4;6.59
1039;5;6.59
1040;1;6.89
1040;3;5.19
1040;4;6.79
1040;5;6.99
1041;1;6.89
1041;3;4.99
1041;4;6.68
1041;5;7.03
1042;2;6.99
1042;3;4.99
1042;4;6.59
1042;5;6.79
1043;1;7.25
1043;2;7.35
1043;4;6.69
1043;5;6.99
1044;1;7.29
1044;2;7.39
1044;4;6.59
1044;5;6.99
1045;2;6.65
1045;3;4.99
1045;4;6.49
1045;5;6.69
1046;2;6.99
1046;3;4.98
1046;4;6.45
1046;5;6.79
1047;4;6.45
1047;5;6.85
1048;2;6.79
1048;3;4.84
1048;4;6.44
1049;3;5.49
1049;4;6.99
1049;5;7.09
1050;2;6.79
1050;4;6.69
1050;5;6.79
1051;2;6.79
1051;3;4.99
1051;4;6.59
1051;5;6.59
1052;4;6.41
1052;5;6.41
1053;2;6.99
1053;3;4.99
1053;4;6.45
1053;5;6.89
1054;3;4.99
1054;4;6.45
1054;5;6.65
1055;3;4.89
1055;4;6.69
1055;5;6.69
1056;1;6.99
1056;2;7.19
1056;4;6.59
1056;5;6.89
1057;1;6.69
1057;2;6.79
1057;3;4.99
1057;4;6.39
1057;5;6.59
1058;3;4.89
1058;4;6.34
1058;5;6.34
1059;2;6.98
1059;3;4.95
1059;4;6.46
1059;5;6.76
1060;2;6.96
1060;3;4.82
1060;4;6.42
1061;1;6.9
1061;3;4.8
1061;4;6.59
1061;5;6.59
1061;6;4.09
1062;2;6.89
1062;3;4.89
1062;4;6.39
1062;5;6.39
1062;6;3.99
1063;2;6.89
1063;3;4.99
1063;4;6.39
1063;5;6.79
1064;3;4.99
1064;4;6.59
1065;1;6.49
1065;2;6.69
1065;3;4.89
1065;4;6.39
1065;5;6.69
1066;2;7.55
1066;3;4.89
1066;4;6.59
1067;2;6.99
1067;4;6.69
1067;5;6.89
1067;6;3.99
1068;1;6.87
1068;3;4.89
1068;4;6.48
1068;5;6.59
1068;6;3.98
1069;3;5.69
1069;4;6.79
1069;5;6.99
1070;1;6.89
1070;2;6.99
1070;3;4.99
1070;4;6.45
1070;5;6.45
1071;3;4.89
1071;4;6.45
1071;5;6.45
1072;3;4.99
1072;4;6.59
1072;5;6.99
1073;2;7.19
1073;3;5.35
1073;4;6.72
1073;5;6.83
1074;1;6.89
1074;2;6.99
1074;4;6.55
1074;5;6.75
1075;1;6.89
1075;4;6.63
1075;5;6.73
1075;6;4.49
1076;4;6.69
1076;5;6.69
1077;4;6.89
1077;5;6.99
1078;1;6.69
1078;2;6.93
1078;3;5.09
1078;4;6.49
1078;5;6.69
1079;4;7.19
1079;5;7.19
1080;1;7.25
1080;3;5.89
1080;4;6.99
1080;5;6.99
1081;2;7.29
1081;3;5.39
1081;4;6.72
1081;5;6.84
1082;4;7.19
1082;5;7.19
1083;4;7.19
1083;5;7.19
1084;1;6.89
1084;2;6.99
1084;4;6.79
1084;5;6.92
1085;4;6.99
1085;5;7.09
1086;2;7.38
1086;3;5.38
1086;4;6.98
1086;5;6.98
1087;2;7.59
1087;3;5.89
1087;4;7.19
1087;5;7.49
1088;1;6.89
1088;3;5.19
1088;4;6.79
1088;5;6.89
1089;2;6.99
1089;3;5.19
1089;4;6.49
1089;5;6.69
1090;4;6.42
1090;5;6.82
1091;2;7.19
1091;3;5.35
1091;4;6.72
1091;5;6.83
1092;1;6.89
1092;2;6.99
1092;4;6.55
1092;5;6.75
1093;4;6.79
1094;4;6.69
1094;5;6.69
1095;1;6.89
1095;3;5.19
1095;4;6.79
1095;5;6.99
1096;4;6.99
1096;5;7.09
1097;4;7.19
1097;5;7.19
1098;2;6.99
1098;3;4.99
1098;4;6.59
1098;5;6.79
1099;1;6.69
1099;2;6.79
1099;4;6.69
1099;5;6.69
1100;1;6.69
1100;2;6.79
1100;3;4.99
1100;4;6.49
1100;5;6.69
1100;6;3.99
1101;2;6.79
1101;4;6.69
1102;1;7.25
1102;3;5.89
1102;4;6.99
1102;5;6.99
1103;2;6.89
1103;3;4.99
1103;4;6.43
1103;5;6.83
1104;2;6.99
1104;3;4.98
1104;4;6.59
1104;5;6.79
1105;2;6.89
1105;3;4.99
1105;4;6.43
1105;5;6.83
1106;1;6.99
1106;2;7.29
1106;3;4.69
1106;4;6.55
1107;2;7.29
1107;3;5.39
1107;4;6.72
1107;5;6.84
1108;3;4.99
1108;4;6.45
1108;5;6.85
1109;4;7.19
1109;5;7.19
1110;4;7.19
1110;5;7.19
1111;1;6.89
1111;2;6.99
1111;4;6.79
1111;5;6.92
1112;4;6.99
1113;1;6.89
1113;3;5.19
1113;4;6.79
1113;5;6.89
1114;2;7.38
1114;3;5.38
1114;4;6.98
1114;5;6.98
1115;2;6.89
1115;3;4.99
1115;4;6.46
1115;5;6.66
1116;2;7.59
1116;3;5.89
1116;4;7.19
1116;5;7.49
1117;3;4.99
1117;4;6.47
1117;5;6.67
1118;1;6.79
1118;2;6.89
1118;3;4.99
1118;4;6.45
1118;5;6.65
1119;3;4.85
1119;4;6.45
1119;5;6.59
1120;2;6.99
1120;3;4.99
1120;4;6.47
1120;5;6.67
1121;1;6.89
1121;2;6.99
1121;3;4.99
1121;4;6.59
1122;3;4.81
1122;4;6.45
1122;5;6.45
1123;4;6.69
1124;1;6.89
1124;3;5.09
1124;4;6.69
1124;5;7.09
1125;4;6.49
1126;2;6.99
1126;3;5.19
1126;4;6.49
1126;5;6.89
1127;3;4.99
1127;4;6.49
1127;5;6.89
1127;6;3.99
1128;1;6.69
1128;4;6.69
1128;5;6.69
1129;4;6.45
1129;5;6.75
1130;2;7.14
1130;3;4.85
1130;4;6.45
1130;5;6.45
1131;2;7.49
1131;3;4.98
1131;4;6.58
1131;5;6.79
1132;2;6.95
1132;3;4.99
1132;4;6.49
1132;5;6.69
1133;3;4.99
1133;4;6.59
1133;5;6.79
1134;4;6.49
1134;5;6.69
1135;1;6.89
1135;4;6.59
1135;5;6.79
1136;1;6.89
1136;2;6.99
1136;3;4.99
1136;4;6.59
1136;5;6.79
1136;6;3.99
1137;3;5.29
1137;4;6.49
1137;5;6.79
1138;4;6.45
1138;5;6.45
1139;2;6.79
1139;3;5.29
1139;4;6.59
1139;5;6.94
1140;1;6.89
1140;2;6.89
1140;4;6.45
1140;5;6.85
1141;1;6.75
1141;2;6.89
1141;3;4.99
1141;4;6.39
1141;5;6.59
1142;3;4.89
1142;4;6.34
1142;5;6.34
1143;2;6.98
1143;3;4.95
1143;4;6.46
1143;5;6.76
1144;2;6.89
1144;3;4.99
1144;4;6.69
1144;5;6.69
1145;4;6.59
1145;5;6.74
1146;2;6.89
1146;3;4.99
1146;4;6.69
1146;5;6.69
1147;1;6.89
1147;2;6.99
1147;4;6.59
1147;5;6.79
1148;2;6.96
1148;3;4.82
1148;4;6.42
1149;2;6.99
1149;3;4.99
1149;4;6.59
1149;5;6.79
1150;1;7.54
1150;2;7.59
1150;4;6.59
1150;5;6.99
1151;1;6.9
1151;3;4.87
1151;4;6.59
1151;5;6.59
1151;6;4.09
1152;2;6.99
1152;3;4.99
1152;4;6.49
1152;5;6.69
1153;3;4.89
1153;4;6.39
1153;5;6.39
1153;6;3.99
1154;2;6.89
1154;3;4.99
1154;4;6.39
1154;5;6.79
1155;3;4.99
1155;4;6.49
1156;1;6.49
1156;2;6.79
1156;3;4.99
1156;4;6.39
1156;5;6.69
1157;2;7.19
1157;3;4.89
1157;4;6.59
1158;1;6.79
1158;2;6.99
1158;3;4.99
1158;4;6.59
1158;5;6.69
1159;2;6.79
1159;4;6.69
1159;5;6.79
1160;4;6.35
1160;5;6.69
1160;6;3.99
1161;3;4.89
1161;4;6.48
1161;5;6.59
1161;6;3.98
1162;1;6.89
1162;2;6.99
1162;4;6.59
1163;3;5.69
1163;4;6.79
1163;5;6.99
1164;1;6.89
1164;2;6.99
1164;3;4.99
1164;4;6.45
1164;5;6.45
1165;3;4.85
1165;4;6.45
1165;5;6.45
1166;3;4.91
1166;4;6.51
1166;5;6.56
1167;2;7.09
1167;4;6.79
1167;5;6.89
1168;1;6.99
1168;2;7.09
1168;3;5.49
1168;4;6.79
1168;5;6.89
1169;3;4.99
1169;4;6.89
1169;6;4.98
1170;1;7.25
1170;2;7.35
1170;4;6.69
1170;5;6.99
1171;2;6.99
1171;4;6.79
1172;1;6.89
1172;2;6.99
1172;3;5.69
1172;4;6.79
1173;2;6.99
1173;3;5.19
1173;4;6.49
1173;5;6.69
1174;3;4.99
1174;4;6.47
1174;5;6.67
1175;4;6.44
1175;5;6.84
1176;1;6.79
1176;2;6.89
1176;3;4.99
1176;4;6.45
1176;5;6.65
1177;3;4.85
1177;4;6.45
1177;5;6.59
1178;2;6.99
1178;3;4.99
1178;4;6.47
1178;5;6.67
1179;1;6.89
1179;2;6.99
1179;3;4.99
1179;4;6.59
1180;2;6.99
1180;3;4.99
1180;4;6.59
1180;5;6.59
1181;3;4.81
1181;4;6.45
1181;5;6.45
1182;4;6.59
1182;5;6.74
1183;2;6.99
1183;3;4.69
1183;4;6.59
1183;5;6.59
1184;1;6.89
1184;3;5.09
1184;4;6.69
1184;5;7.09
1185;4;6.49
1185;5;6.79
1186;1;6.99
1186;3;5.09
1186;4;6.8
1186;5;6.8
1187;2;6.99
1187;3;4.99
1187;4;6.59
1187;5;6.79
1188;2;6.98
1188;3;4.85
1188;4;6.45
1188;5;6.45
1189;2;6.79
1189;3;4.99
1189;4;6.49
1189;5;6.69
1190;2;7.49
1190;3;4.98
1190;4;6.58
1190;5;6.79
1191;2;6.89
1191;3;4.99
1191;4;6.49
1191;5;6.69
1192;3;4.99
1192;4;6.59
1192;5;6.79
1193;2;6.89
1193;3;4.99
1193;4;6.43
1193;5;6.83
1194;4;6.49
1194;5;6.69
1195;2;6.99
1195;3;5.19
1195;4;6.43
1195;5;6.83
1196;4;6.59
1196;5;6.59
1197;1;6.89
1197;2;6.99
1197;3;4.99
1197;4;6.59
1197;5;6.79
1197;6;3.99
1198;3;5.29
1198;4;6.49
1198;5;6.79
1199;4;6.45
1199;5;6.45
1200;2;6.79
1200;3;5.29
1200;4;6.59
1200;5;6.94
1201;4;6.59
1201;5;6.89
1202;3;4.91
1202;4;6.46
1202;5;6.51
1203;1;6.79
1203;2;6.89
1203;3;4.99
1203;4;6.45
1203;5;6.65
1204;1;6.69
1204;2;6.79
1204;3;4.99
1204;4;6.49
1204;5;6.79
1205;1;6.79
1205;2;6.98
1205;3;4.98
1205;4;6.47
1205;5;6.47
1206;3;4.77
1206;4;6.57
1206;5;6.59
1207;1;6.75
1207;2;6.89
1207;3;4.99
1207;4;6.49
1207;5;6.69
1208;4;6.69
1208;5;6.79
1208;6;4.29
1209;3;4.89
1209;4;6.34
1209;5;6.34
1210;1;6.89
1210;4;6.69
1211;1;6.89
1211;3;5.19
1211;4;6.69
1211;5;6.99
1212;2;6.99
1212;3;4.99
1212;4;6.59
1212;5;6.79
1213;1;6.69
1213;4;6.69
1213;5;6.69
1214;1;6.69
1214;3;4.89
1214;4;6.69
1214;5;6.69
1215;1;7.25
1215;2;7.35
1215;4;6.69
1215;5;6.99
1216;1;6.9
1216;3;4.87
1216;4;6.59
1216;5;6.59
1216;6;4.09
1217;2;7.09
1217;3;4.99
1217;4;6.39
1217;5;6.39
1217;6;3.99
1218;2;6.89
1218;3;4.99
1218;4;6.39
1218;5;6.79
1219;3;4.99
1219;4;6.49
1220;2;6.99
1220;3;4.98
1220;4;6.45
1220;5;6.79
1221;2;7.19
1221;3;4.89
1221;4;6.59
1222;1;6.79
1222;2;6.89
1222;3;4.99
1222;4;6.49
1222;5;6.69
1223;2;6.79
1223;4;6.69
1223;5;6.79
1224;2;6.79
1224;4;6.39
1224;5;6.89
1224;6;3.99
1225;3;4.89
1225;4;6.48
1225;5;6.59
1225;6;3.98
1226;1;6.89
1226;2;6.99
1226;3;4.99
1226;4;6.45
1226;5;6.45
1227;3;4.85
1227;4;6.45
1227;5;6.45
1228;1;7.49
1228;2;7.59
1228;3;5.49
1228;4;6.79
1229;3;4.89
1229;4;6.69
1229;5;6.69
1230;2;6.98
1230;3;4.95
1230;4;6.46
1230;5;6.76
1231;1;6.69
1231;2;6.79
1231;4;6.69
1231;5;6.69
1232;1;6.89
1232;2;6.99
1232;3;5.49
1232;4;6.99
1232;5;7.09
1233;2;6.65
1233;3;4.99
1233;4;6.46
1233;5;6.66
1234;3;4.99
1234;4;6.45
1234;5;6.65
1235;2;7.29
1235;3;4.72
1235;4;6.45
1235;5;6.45
1236;3;4.99
1236;4;6.45
1236;5;6.65
1237;2;7.09
1237;4;6.79
1237;5;6.89
1238;2;7.29
1238;3;5.45
1238;4;6.72
1238;5;6.84
1239;4;6.79
1240;1;6.89
1240;4;6.75
1240;5;6.85
1240;6;4.49
1241;4;6.69
1241;5;6.69
1242;4;6.99
1242;5;7.09
1243;1;6.79
1243;2;6.98
1243;3;5.09
1243;4;6.59
1243;5;6.79
1244;4;7.19
1244;5;7.19
1245;1;6.99
1245;4;6.59
1245;5;6.99
1246;1;7.25
1246;3;5.89
1246;4;6.99
1246;5;6.99
1247;1;6.89
1247;2;6.99
1247;3;4.69
1247;4;6.55
1248;2;7.39
1248;3;5.65
1248;4;6.72
1248;5;6.84
1249;4;7.19
1249;5;7.19
1250;4;7.19
1250;5;7.19
1251;1;6.89
1251;2;6.99
1251;4;6.79
1251;5;6.92
1252;4;6.99
1252;5;7.09
1253;1;6.79
1253;3;5.19
1253;4;6.79
1253;5;6.89
1254;1;6.89
1254;2;6.99
1254;4;6.59
1255;2;6.99
1255;4;6.79
1256;1;6.89
1256;2;6.99
1256;3;5.69
1256;4;6.79
1257;2;7.59
1257;3;5.89
1257;4;7.19
1257;5;7.49
1258;2;6.99
1258;4;6.79
1259;2;6.99
1259;4;6.46
1259;5;6.66
1260;4;6.44
1260;5;6.84
1261;1;6.79
1261;2;6.89
1261;3;4.99
1261;4;6.45
1261;5;6.65
1262;3;4.85
1262;4;6.45
1262;5;6.59
1263;2;7.29
1263;3;5.45
1263;4;6.72
1263;5;6.84
1264;2;6.99
1264;3;4.99
1264;4;6.47
1264;5;6.67
1265;4;6.49
1265;5;6.69
1265;6;3.99
1266;1;6.69
1266;4;6.69
1266;5;6.69
1267;1;6.89
1267;3;5.19
1267;4;6.69
1267;5;6.99
1268;4;6.49
1268;5;6.79
1269;2;6.99
1269;3;5.09
1269;4;6.45
1269;5;6.75
1270;3;4.99
1270;4;6.49
1270;5;6.89
1270;6;3.99
1271;4;7.19
1271;5;7.19
1272;2;6.99
1272;3;4.99
1272;4;6.47
1272;5;6.67
1273;4;6.45
1273;5;6.75
1274;1;6.69
1274;2;6.79
1274;3;4.99
1274;4;6.49
1274;5;6.69
1274;6;3.99
1275;2;6.98
1275;3;4.85
1275;4;6.45
1275;5;6.45
1276;2;7.49
1276;3;4.98
1276;4;6.58
1276;5;6.79
1277;2;6.79
1277;3;4.89
1277;4;6.69
1278;1;7.25
1278;3;5.89
1278;4;6.99
1278;5;6.99
1279;3;4.99
1279;4;6.59
1279;5;6.79
1280;2;6.89
1280;3;4.99
1280;4;6.43
1280;5;6.83
1281;4;6.49
1281;5;6.69
1282;2;6.99
1282;3;4.98
1282;4;6.45
1282;5;6.79
1283;2;6.89
1283;3;4.99
1283;4;6.43
1283;5;6.83
1284;2;7.39
1284;3;5.65
1284;4;6.72
1284;5;6.84
1285;2;6.89
1285;3;4.84
1285;4;6.37
1286;3;5.29
1286;4;6.49
1286;5;6.79
1287;4;7.19
1287;5;7.19
1288;4;7.19
1288;5;7.19
1289;3;4.85
1289;4;6.45
1289;5;6.45
1290;3;5.49
1290;4;6.99
1290;5;7.0
1291;4;6.99
1291;5;7.09
1292;3;5.69
1292;4;6.79
1292;5;6.99
1293;2;6.79
1293;3;5.29
1293;4;6.59
1293;5;6.94
1294;1;6.99
1294;2;6.99
1294;4;6.45
1294;5;6.85
1295;4;6.49
1295;5;6.79
1296;3;4.99
1296;4;6.45
1296;5;6.69
1297;2;7.59
1297;3;5.89
1297;4;7.19
1297;5;7.49
1298;2;6.99
1298;3;4.99
1298;4;6.45
1298;5;6.75
1299;3;4.99
1299;4;6.45
1299;5;6.65
1300;1;6.79
1300;2;6.89
1300;3;4.99
1300;4;6.45
1300;5;6.65
1301;2;6.59
1301;4;6.89
1301;5;6.89
1302;3;4.79
1302;4;6.69
1302;5;6.69
1303;1;6.79
1303;2;6.89
1303;3;4.99
1303;4;6.49
1303;5;6.79
1304;1;6.99
1304;2;7.19
1304;4;6.54
1304;5;6.84
1305;1;6.89
1305;2;6.99
1305;4;6.55
1305;5;6.75
1306;1;6.89
1306;2;6.99
1306;3;4.99
1306;4;6.59
1307;2;6.99
1307;3;4.99
1307;4;6.59
1307;5;6.59
1308;4;6.79
1309;4;6.59
1309;5;6.74
1310;2;6.99
1310;3;4.99
1310;4;6.59
1310;5;6.59
1311;1;6.89
1311;2;6.99
1311;4;6.69
1312;1;6.89
1312;3;5.09
1312;4;6.59
1312;5;7.09
1313;4;6.69
1313;5;6.69
1314;1;6.89
1314;3;5.09
1314;4;6.8
1314;5;6.8
1315;4;6.99
1315;5;7.09
1316;1;6.79
1316;2;6.98
1316;3;5.09
1316;4;6.59
1316;5;6.79
1317;1;6.69
1317;4;6.69
1317;5;6.69
1318;1;6.99
1318;2;7.19
1318;4;6.59
1318;5;6.99
1319;2;6.79
1319;3;4.99
1319;4;6.49
1319;5;6.69
1320;2;6.89
1320;3;4.99
1320;4;6.49
1320;5;6.69
1321;1;6.89
1321;2;6.99
1321;3;4.69
1321;4;6.55
1322;4;6.59
1322;5;6.59
1323;1;6.89
1323;2;6.99
1323;3;4.99
1323;4;6.59
1323;5;6.79
1323;6;3.99
1324;1;6.89
1324;2;6.99
1324;4;6.79
1324;5;6.92
1325;1;6.79
1325;3;5.19
1325;4;6.79
1325;5;6.89
1326;1;6.89
1326;2;6.99
1326;4;6.59
1327;3;4.91
1327;4;6.49
1327;5;6.49
1328;1;6.65
1328;2;6.89
1328;3;4.99
1328;4;6.39
1328;5;6.59
1329;3;4.89
1329;4;6.34
1329;5;6.34
1330;1;6.76
1330;2;6.82
1330;3;4.87
1330;4;6.59
1330;5;6.59
1330;6;4.09
1331;2;7.09
1331;3;4.99
1331;4;6.39
1331;5;6.39
1331;6;3.99
1332;2;6.89
1332;3;4.99
1332;4;6.45
1332;5;6.85
1333;3;4.99
1333;4;6.49
1334;2;6.99
1334;3;4.99
1334;4;6.49
1335;1;6.79
1335;2;6.89
1335;3;4.99
1335;4;6.45
1335;5;6.65
1336;2;6.79
1336;4;6.35
1336;5;6.89
1336;6;3.99
1337;1;6.87
1337;3;4.89
1337;4;6.48
1337;5;6.59
1337;6;3.98
1338;1;6.89
1338;2;6.99
1338;3;4.99
1338;4;6.45
1338;5;6.45
1339;3;4.85
1339;4;6.45
1339;5;6.45
1340;2;6.99
1340;3;5.19
1340;4;6.49
1340;5;6.69
1341;1;6.79
1341;2;6.89
1341;3;4.99
1341;4;6.45
1341;5;6.65
1342;3;4.85
1342;4;6.45
1342;5;6.59
1343;2;6.99
1343;3;4.99
1343;4;6.47
1343;5;6.67
1344;1;6.89
1344;2;6.99
1344;3;4.99
1344;4;6.49
1345;3;4.81
1345;4;6.45
1345;5;6.45
1346;4;6.69
1347;1;6.89
1347;3;5.09
1347;4;6.49
1347;5;6.99
1348;4;6.49
1348;5;6.79
1349;2;6.69
1349;3;4.99
1349;4;6.49
1349;5;6.89
1349;6;3.99
1350;1;6.69
1350;4;6.69
1350;5;6.69
1351;1;6.69
1351;2;6.79
1351;4;6.69
1351;5;6.69
1352;1;6.89
1352;2;6.99
1352;4;6.59
1352;5;6.99
1353;2;6.89
1353;3;4.85
1353;4;6.45
1353;5;6.45
1354;2;7.49
1354;3;4.98
1354;4;6.45
1354;5;6.6
1355;2;6.89
1355;3;4.99
1355;4;6.49
1355;5;6.69
1356;3;4.99
1356;4;6.49
1356;5;6.69
1357;4;6.49
1357;5;6.69
1358;1;6.89
1358;2;6.99
1358;3;4.99
1358;4;6.49
1358;5;6.69
1358;6;3.99
1359;3;5.29
1359;4;6.49
1359;5;6.79
1360;3;4.85
1360;4;6.45
1360;5;6.45
1361;1;6.89
1361;2;6.99
1361;4;6.59
1362;2;6.79
1362;3;5.29
1362;4;6.79
1362;5;7.14
1363;1;6.99
1363;2;6.99
1363;4;6.45
1363;5;6.85
1364;4;6.49
1364;5;6.79
1365;1;6.79
1365;2;6.89
1365;3;4.99
1365;4;6.45
1365;5;6.65
1366;1;6.65
1366;2;6.89
1366;3;4.89
1366;4;6.39
1366;5;6.59
1367;2;6.89
1367;4;6.46
1367;5;6.66
1368;4;6.39
1368;5;6.79
1369;3;4.99
1369;4;6.34
1369;5;6.39
1370;2;6.98
1370;3;5.09
1370;4;6.46
1370;5;6.76
1371;2;6.99
1371;3;4.99
1371;4;6.49
1371;5;6.69
1372;4;6.59
1372;5;6.74
1373;2;6.99
1373;3;4.99
1373;4;6.49
1373;5;6.69
1374;1;6.89
1374;3;5.19
1374;4;6.59
1374;5;6.89
1375;1;6.89
1375;3;5.09
1375;4;6.8
1375;5;6.8
1376;2;6.99
1376;3;5.09
1376;4;6.45
1376;5;6.65
1377;2;6.99
1377;3;4.99
1377;4;6.59
1377;5;6.79
1378;2;6.99
1378;3;4.99
1378;4;6.47
1378;5;6.67
1379;4;6.45
1379;5;6.75
1380;1;6.76
1380;2;6.82
1380;3;4.87
1380;4;6.59
1380;5;6.59
1380;6;4.09
1381;2;6.79
1381;3;4.99
1381;4;6.49
1381;5;6.69
1382;2;7.09
1382;3;4.99
1382;4;6.39
1382;5;6.39
1382;6;3.99
1383;2;6.89
1383;3;4.99
1383;4;6.45
1383;5;6.85
1384;2;6.89
1384;3;4.99
1384;4;6.43
1384;5;6.83
1385;3;4.99
1385;4;6.49
1386;2;6.88
1386;3;4.98
1386;4;6.45
1386;5;6.79
1387;2;6.89
1387;3;4.99
1387;4;6.43
1387;5;6.83
1388;2;6.99
1388;3;4.99
1388;4;6.49
1389;1;6.74
1389;2;6.84
1389;3;4.89
1389;4;6.39
1389;5;6.69
1390;2;6.79
1390;4;6.35
1390;5;6.89
1390;6;3.99
1391;3;4.89
1391;4;6.48
1391;5;6.59
1391;6;3.98
1392;1;6.89
1392;2;6.99
1392;3;4.99
1392;4;6.45
1392;5;6.45
1393;3;4.85
1393;4;6.45
1393;5;6.45
1394;2;6.78
1394;3;4.99
1394;4;6.46
1394;5;6.66
1395;3;4.91
1395;4;6.49
1395;5;6.49
1396;2;6.97
1396;3;4.97
1396;4;6.46
1396;5;6.76
1397;2;6.99
1397;3;4.69
1397;4;6.42
1397;5;6.45
1398;2;6.82
1398;3;4.77
1398;4;6.36
1399;2;6.79
1399;4;6.69
1399;5;6.79
1400;2;7.29
1400;3;5.45
1400;4;6.72
1400;5;6.84
1401;1;6.89
1401;2;6.99
1401;4;6.55
1401;5;6.75
1402;4;6.69
1403;4;6.69
1403;5;6.69
1404;4;6.89
1404;5;6.99
1405;1;6.78
1405;2;6.88
1405;3;5.14
1405;4;6.64
1405;5;6.79
1406;4;7.19
1406;5;7.19
1407;1;6.99
1407;2;7.09
1407;4;6.69
1407;5;6.99
1408;1;7.25
1408;3;5.99
1408;4;7.09
1408;5;7.09
1409;1;6.89
1409;2;6.99
1409;3;4.69
1409;4;6.55
1410;2;7.39
1410;3;5.65
1410;4;6.72
1410;5;6.84
1411;4;7.19
1411;5;7.19
1412;4;7.19
1412;5;7.19
1413;1;6.89
1413;2;6.99
1413;4;6.79
1413;5;6.92
1414;4;6.99
1414;5;7.09
1415;2;7.59
1415;3;5.89
1415;4;7.19
1415;5;7.49
1416;1;6.89
1416;2;6.99
1416;3;5.09
1416;4;6.64
1416;5;6.94
1417;1;6.79
1417;2;6.89
1417;3;5.19
1417;4;6.79
1417;5;6.89
1418;3;4.85
1418;4;6.47
1418;5;6.67
1419;4;6.39
1419;5;6.79
1420;1;6.69
1420;2;6.79
1420;3;4.99
1420;4;6.45
1420;5;6.65
1421;3;4.85
1421;4;6.45
1421;5;6.59
1422;2;7.29
1422;3;5.45
1422;4;6.72
1422;5;6.84
1423;2;6.99
1423;3;4.99
1423;4;6.47
1423;5;6.67
1424;3;4.81
1424;4;6.45
1424;5;6.45
1425;4;6.49
1425;5;6.79
1426;3;4.99
1426;4;6.49
1426;5;6.89
1426;6;3.99
1427;4;7.19
1427;5;7.19
1428;2;6.99
1428;3;4.99
1428;4;6.59
1428;5;6.79
1429;2;6.89
1429;3;4.85
1429;4;6.45
1429;5;6.45
1430;2;7.49
1430;3;4.98
1430;4;6.45
1430;5;6.6
1431;2;7.19
1431;3;5.99
1431;4;7.09
1431;5;7.09
1432;3;4.99
1432;4;6.49
1432;5;6.69
1433;2;6.79
1433;3;4.89
1433;4;6.42
1433;5;6.82
1434;4;6.49
1434;5;6.69
1435;2;7.39
1435;3;5.65
1435;4;6.72
1435;5;6.84
1436;3;4.99
1436;4;6.47
1436;5;6.77
1437;4;7.19
1437;5;7.19
1438;4;7.19
1438;5;7.19
1439;3;4.85
1439;4;6.45
1439;5;6.45
1440;4;6.99
1440;5;7.09
1441;2;6.79
1441;3;5.19
1441;4;6.49
1441;5;6.84
1442;1;6.89
1442;2;6.89
1442;4;6.45
1442;5;6.85
1443;2;7.59
1443;3;5.89
1443;4;7.19
1443;5;7.49
1444;3;4.89
1444;4;6.49
1444;5;6.49
1445;1;6.79
1445;2;6.89
1445;3;4.72
1445;4;6.39
1445;5;6.59
1446;2;6.99
1446;3;4.69
1446;4;6.42
1446;5;6.45
1447;1;6.89
1447;2;6.99
1447;3;4.99
1447;4;6.49
1447;5;6.79
1448;2;6.99
1448;3;5.19
1448;4;6.49
1448;5;6.69
1449;2;6.89
1449;4;6.46
1449;5;6.66
1450;2;6.98
1450;3;5.09
1450;4;6.46
1450;5;6.76
1451;1;6.78
1451;2;6.88
1451;3;4.99
1451;4;6.45
1452;2;6.99
1452;3;4.99
1452;4;6.49
1452;5;6.69
1453;4;6.59
1453;5;6.74
1454;2;6.99
1454;3;4.99
1454;4;6.49
1454;5;6.69
1455;1;6.89
1455;3;5.09
1455;4;6.49
1455;5;6.69
1456;1;6.89
1456;3;5.09
1456;4;6.8
1456;5;6.8
1457;2;6.99
1457;3;5.09
1457;4;6.45
1457;5;6.65
1458;4;6.45
1458;5;6.75
1459;2;6.79
1459;3;4.99
1459;4;6.39
1459;5;6.59
1460;2;6.87
1460;3;4.99
1460;4;6.49
1460;5;6.69
1461;4;6.59
1461;5;6.59
1462;1;6.79
1462;2;6.89
1462;3;4.99
1462;4;6.49
1462;5;6.69
1462;6;3.99
1463;2;6.78
1463;3;4.87
1463;4;6.46
1463;5;6.66
1464;2;6.97
1464;3;4.97
1464;4;6.46
1464;5;6.76
1465;2;7.09
1465;4;6.79
1465;5;6.89
1466;2;6.69
1466;3;5.19
1466;4;7.08
1467;2;6.79
1467;3;4.99
1467;4;7.29
1467;5;7.49
1468;3;5.39
1468;4;7.44
1468;5;7.74
1469;1;6.89
1469;2;6.99
1469;4;6.89
1469;5;6.99
1470;1;6.99
1470;2;7.09
1470;3;5.49
1470;4;6.79
1470;5;6.89
1471;1;6.98
1471;2;7.14
1471;3;4.76
1471;4;7.21
1471;5;7.31
1472;2;6.79
1472;3;4.79
1472;4;7.09
1473;1;6.69
1473;4;6.69
1473;5;6.69
1474;1;6.89
1474;3;5.19
1474;4;6.59
1474;5;6.89
1475;2;6.99
1475;3;4.99
1475;4;6.47
1475;5;6.67
1476;2;6.79
1476;3;4.79
1476;4;6.69
1477;2;6.88
1477;3;4.98
1477;4;6.45
1477;5;6.79
1478;2;6.89
1478;4;6.99
1478;5;7.14
1479;1;6.84
1479;2;6.94
1479;3;5.39
1479;4;7.39
1479;5;7.69
1480;1;7.69
1480;2;7.79
1480;4;7.29
1481;2;6.89
1481;3;5.39
1481;4;7.29
1481;5;7.34
1481;6;4.59
1482;2;6.79
1482;4;6.79
1482;5;6.79
1483;2;6.99
1483;4;6.79
1484;1;6.89
1484;2;6.99
1484;3;5.69
1484;4;6.79
1485;2;7.44
1485;4;6.89
1485;5;7.19
1486;1;6.69
1486;2;6.79
1486;3;5.05
1486;4;7.26
1486;5;7.56
1487;3;4.79
1487;4;6.69
1487;5;6.69
1488;1;6.65
1488;2;6.89
1488;3;4.89
1488;4;6.39
1488;5;6.59
1489;3;4.99
1489;4;6.34
1489;5;6.39
1490;1;6.89
1490;2;6.99
1490;4;6.55
1490;5;6.75
1491;4;6.69
1492;4;6.69
1493;1;6.89
1493;4;6.69
1493;5;6.79
1493;6;4.49
1494;4;6.69
1494;5;6.69
1495;4;6.89
1495;5;6.99
1496;1;6.78
1496;2;6.88
1496;3;5.14
1496;4;6.64
1496;5;6.79
1497;1;6.69
1497;4;6.69
1497;5;6.69
1498;1;6.69
1498;4;6.69
1498;5;6.69
1499;1;6.99
1499;2;7.09
1499;4;6.69
1499;5;6.99
1500;1;6.76
1500;2;6.82
1500;3;4.87
1500;4;6.59
1500;5;6.59
1500;6;4.09
1501;2;6.99
1501;3;4.89
1501;4;6.39
1501;5;6.39
1501;6;3.99
1502;2;6.89
1502;3;4.79
1502;4;6.45
1502;5;6.85
1503;3;4.89
1503;4;6.49
1504;1;6.89
1504;2;6.99
1504;3;4.69
1504;4;6.55
1505;2;6.99
1505;3;4.89
1505;4;6.49
1506;1;6.74
1506;2;6.84
1506;4;6.39
1506;5;6.69
1507;1;6.89
1507;2;6.99
1507;4;6.69
1507;5;6.79
1508;2;6.79
1508;4;6.35
1508;5;6.89
1508;6;3.99
1509;1;6.87
1509;3;4.89
1509;4;6.48
1509;5;6.59
1509;6;3.98
1510;1;6.89
1510;2;6.99
1510;3;4.79
1510;4;6.45
1510;5;6.45
1511;3;4.79
1511;4;6.45
1511;5;6.45
1512;1;6.89
1512;2;6.99
1512;4;6.64
1512;5;6.94
1513;3;4.99
1513;4;6.89
1513;6;4.98
1514;2;7.19
1514;3;5.5
1514;4;6.79
1515;2;6.99
1515;3;5.19
1515;4;6.49
1515;5;6.69
1516;2;6.89
1516;4;6.46
1516;5;6.66
1517;1;6.69
1517;2;6.79
1517;3;4.99
1517;4;6.34
1517;5;6.54
1518;3;4.85
1518;4;6.45
1518;5;6.59
1519;2;6.98
1519;3;5.09
1519;4;6.46
1519;5;6.76
1520;2;6.99
1520;3;4.99
1520;4;6.47
1520;5;6.67
1521;1;6.78
1521;2;6.88
1521;3;4.99
1521;4;6.45
1522;3;4.81
1522;4;6.45
1522;5;6.45
1523;4;6.49
1523;5;6.79
1524;3;4.99
1524;4;6.49
1524;5;6.89
1524;6;3.99
1525;2;6.89
1525;3;4.85
1525;4;6.45
1525;5;6.45
1526;2;7.49
1526;3;4.98
1526;4;6.45
1526;5;6.6
1527;2;6.87
1527;3;4.99
1527;4;6.49
1527;5;6.69
1528;3;4.99
1528;4;6.49
1528;5;6.69
1529;4;6.49
1529;5;6.69
1530;1;6.79
1530;2;6.89
1530;3;4.99
1530;4;6.49
1530;5;6.69
1530;6;3.99
1531;3;4.99
1531;4;6.47
1531;5;6.77
1532;3;4.85
1532;4;6.45
1532;5;6.45
1533;2;6.79
1533;3;5.19
1533;4;6.49
1533;5;6.84
1534;1;6.89
1534;2;6.89
1534;4;6.45
1534;5;6.85
1535;4;6.49
1535;5;6.79
1536;2;6.78
1536;3;4.87
1536;4;6.46
1536;5;6.66
1537;1;6.79
1537;2;6.89
1537;3;4.72
1537;4;6.39
1537;5;6.59
1538;2;6.59
1538;4;6.89
1538;5;6.89
1539;1;6.89
1539;3;4.99
1539;4;6.49
1539;5;6.79
1540;1;6.89
1540;2;6.99
1540;4;6.55
1540;5;6.75
1541;2;6.99
1541;3;4.99
1541;4;6.49
1541;5;6.49
1542;4;6.69
1543;4;6.59
1543;5;6.74
1544;2;6.99
1544;3;4.99
1544;4;6.49
1544;5;6.49
1545;4;6.69
1546;4;6.69
1546;5;6.69
1547;1;6.89
1547;3;5.19
1547;4;6.89
1547;5;7.19
1548;1;6.89
1548;3;4.99
1548;4;6.8
1548;5;6.8
1549;2;6.99
1549;3;5.09
1549;4;6.45
1549;5;6.65
1550;4;6.89
1550;5;6.99
1551;1;6.78
1551;2;6.88
1551;3;5.19
1551;4;6.69
1551;5;6.79
1552;2;6.99
1552;3;4.99
1552;4;6.85
1552;5;7.05
1553;2;6.69
1553;4;6.69
1553;5;6.69
1554;4;6.45
1554;5;6.75
1555;1;6.99
1555;2;7.09
1555;4;6.69
1555;5;6.99
1556;2;6.88
1556;3;4.98
1556;4;6.45
1556;5;6.79
1557;1;6.89
1557;2;6.99
1557;3;4.69
1557;4;6.55
1558;4;6.59
1558;5;6.59
1559;4;6.85
1559;5;7.15
1560;1;6.09
1560;2;6.19
1560;3;4.69
1560;4;6.59
1560;5;6.59
1561;1;6.89
1561;2;6.99
1561;4;6.69
1561;5;6.79
1562;1;6.79
1562;3;5.19
1562;4;6.79
1562;5;6.89
1563;3;4.89
1563;4;6.44
1563;5;6.44
1564;2;7.09
1564;3;4.99
1564;4;6.43
1564;5;6.65
1565;2;6.99
1565;4;6.79
1566;1;6.65
1566;2;6.89
1566;3;4.89
1566;4;6.39
1566;5;6.59
1567;2;7.09
1567;4;6.79
1567;5;6.89
1568;4;6.39
1568;5;6.59
1568;6;3.99
1569;1;6.76
1569;2;6.82
1569;3;4.87
1569;4;6.59
1569;5;6.59
1569;6;4.09
1570;2;6.99
1570;3;4.89
1570;4;6.39
1570;5;6.39
1570;6;3.99
1571;4;6.69
1572;2;6.89
1572;3;4.79
1572;4;6.45
1572;5;6.85
1573;3;4.89
1573;4;6.49
1574;2;6.76
1574;3;4.62
1574;4;6.37
1575;2;6.89
1575;3;4.89
1575;4;6.49
1576;1;6.69
1576;2;6.79
1576;3;4.69
1576;4;6.39
1576;5;6.49
1577;2;6.79
1577;4;6.69
1577;5;6.79
1578;2;6.79
1578;4;6.35
1578;5;6.69
1578;6;3.99
1579;1;6.87
1579;4;6.48
1579;6;3.98
1580;2;6.79
1580;4;6.49
1581;1;6.69
1581;2;6.79
1581;3;4.99
1581;4;6.49
1582;1;6.89
1582;2;6.99
1582;3;4.79
1582;4;6.45
1582;5;6.45
1583;3;4.79
1583;4;6.45
1583;5;6.45
1584;3;4.99
1584;4;6.49
1584;5;6.99
1585;2;6.99
1585;3;4.99
1585;4;6.45
1585;5;6.75
1586;3;4.62
1586;4;6.37
1586;5;6.57
1587;2;7.29
1587;3;5.37
1587;4;6.68
1587;5;6.8
1588;1;6.99
1588;2;7.09
1588;3;5.49
1588;4;6.79
1588;5;6.89
1589;4;6.99
1589;5;7.19
1590;3;4.99
1590;4;6.89
1590;6;4.98
1591;1;6.99
1591;3;5.89
1591;4;6.89
1591;5;7.09
1592;2;7.39
1592;3;5.39
1592;4;6.69
1592;5;6.84
1593;4;6.99
1593;5;7.19
1594;4;6.99
1594;5;7.19
1595;4;6.99
1595;5;7.09
1596;2;7.19
1596;3;5.5
1596;4;6.79
1597;2;6.99
1597;3;5.49
1597;4;6.79
1597;5;6.99
1598;2;7.39
1598;3;5.89
1598;4;6.99
1598;5;7.39
1599;2;6.99
1599;3;5.19
1599;4;6.49
1599;5;6.69
1600;4;6.39
1600;5;6.79
1601;2;7.29
1601;3;5.37
1601;4;6.68
1601;5;6.8
1602;4;6.69
1603;1;6.89
1603;3;5.19
1603;4;6.85
1603;5;7.19
1604;4;6.99
1604;5;7.19
1605;3;4.99
1605;4;6.89
1605;6;4.98
1606;2;6.99
1606;3;4.99
1606;4;6.49
1606;5;6.7
1607;1;6.69
1607;4;6.69
1607;5;6.69
1608;1;6.69
1608;2;6.79
1608;3;4.99
1608;4;6.39
1608;5;6.59
1608;6;3.99
1609;4;6.69
1610;1;6.99
1610;3;5.89
1610;4;6.89
1610;5;7.09
1611;2;6.79
1611;3;4.89
1611;4;6.42
1611;5;6.82
1612;2;6.88
1612;3;4.69
1612;4;6.85
1612;5;7.05
1613;2;6.79
1613;3;4.79
1613;4;6.42
1613;5;6.82
1614;2;7.39
1614;3;5.39
1614;4;6.69
1614;5;6.84
1615;4;6.85
1615;5;7.15
1616;4;6.99
1616;5;7.19
1617;4;6.99
1617;5;7.19
1618;4;6.99
1618;5;7.09
1619;2;7.19
1619;3;5.5
1619;4;6.79
1620;1;6.89
1620;2;6.99
1620;3;4.99
1620;4;6.79
1621;2;7.39
1621;3;5.89
1621;4;6.99
1621;5;7.39
1622;2;6.97
1622;3;4.97
1622;4;6.46
1623;2;6.99
1623;3;4.65
1623;4;6.42
1623;5;6.45
1624;1;6.79
1624;2;6.89
1624;3;4.99
1624;4;6.49
1624;5;6.79
1625;1;6.69
1625;3;4.89
1625;4;7.08
1626;1;6.69
1626;2;6.79
1626;3;4.59
1626;4;6.29
1626;5;6.49
1627;3;4.85
1627;4;6.45
1627;5;6.59
1628;1;6.65
1628;2;6.79
1628;3;4.69
1628;4;7.25
1628;5;7.31
1629;2;6.99
1629;3;4.99
1629;4;6.47
1629;5;6.67
1630;1;6.78
1630;2;6.88
1630;3;4.99
1630;4;6.39
1631;2;6.79
1631;3;4.79
1631;4;7.09
1632;3;4.81
1632;4;6.45
1632;5;6.45
1633;1;6.69
1633;4;6.69
1633;5;6.69
1634;1;6.89
1634;3;5.09
1634;4;6.39
1634;5;6.89
1635;4;6.39
1635;5;6.69
1636;3;4.99
1636;4;6.49
1636;5;6.89
1636;6;3.99
1637;2;6.99
1637;3;4.99
1637;4;6.49
1637;5;6.79
1638;4;6.39
1638;5;6.69
1639;1;6.99
1639;2;7.09
1639;4;6.69
1639;5;6.99
1640;2;6.89
1640;3;4.75
1640;4;6.45
1640;5;6.45
1641;2;6.98
1641;3;4.98
1641;4;6.45
1641;5;6.6
1642;2;6.89
1642;3;4.89
1642;4;6.35
1642;5;6.65
1643;3;4.99
1643;4;6.49
1643;5;6.69
1644;4;6.49
1644;5;6.69
1645;1;6.84
1645;2;6.94
1645;3;5.39
1645;4;7.39
1645;5;7.69
1646;1;6.79
1646;2;6.89
1646;3;4.99
1646;4;6.49
1646;5;6.69
1646;6;3.99
1647;3;4.99
1647;4;6.47
1647;5;6.77
1648;3;4.75
1648;4;6.45
1648;5;6.45
1649;1;6.89
1649;3;5.39
1649;4;7.29
1649;5;7.34
1649;6;4.59
1650;2;6.74
1650;4;6.69
1650;5;6.79
1651;2;6.79
1651;3;5.19
1651;4;6.49
1651;5;6.84
1652;1;6.89
1652;2;6.89
1652;4;6.39
1652;5;6.79
1653;2;6.99
1653;4;6.49
1653;5;6.79
1654;2;6.78
1654;3;4.77
1654;4;6.39
1654;5;6.59
1655;1;6.66
1655;2;6.78
1655;3;4.62
1655;4;6.37
1655;5;6.57
1656;3;4.74
1656;4;6.69
1656;5;6.69
1657;2;6.99
1657;4;6.79
1658;1;6.69
1658;2;6.79
1658;3;4.99
1658;4;7.29
1658;5;7.49
1659;2;6.99
1659;3;4.99
1659;4;6.49
1659;5;6.49
1660;4;6.59
1660;5;6.74
1661;2;6.99
1661;3;4.99
1661;4;6.49
1661;5;6.49
1662;1;6.89
1662;3;4.99
1662;4;6.8
1662;5;6.8
1663;2;6.99
1663;3;5.09
1663;4;6.45
1663;5;6.65
1664;4;6.89
1664;5;7.09
1665;1;6.69
1665;2;6.79
1665;3;5.05
1665;4;7.26
1665;5;7.56
1666;3;4.89
1666;4;6.38
1666;5;6.38
1667;1;6.65
1667;2;6.89
1667;3;4.89
1667;4;6.39
1667;5;6.59
1668;3;4.99
1668;4;6.34
1668;5;6.39
1669;1;6.89
1669;2;6.99
1669;4;6.55
1669;5;6.75
1670;4;6.69
1671;4;6.59
1671;5;6.59
1672;4;6.98
1672;5;6.99
1673;1;6.78
1673;2;6.84
1673;3;4.99
1673;4;6.63
1673;5;6.79
1674;1;6.76
1674;2;6.82
1674;3;4.87
1674;4;6.59
1674;5;6.59
1674;6;4.09
1675;2;6.99
1675;3;4.89
1675;4;6.39
1675;5;6.39
1675;6;4.09
1676;2;6.89
1676;3;4.79
1676;4;6.39
1677;3;4.69
1677;4;6.39
1678;1;6.89
1678;2;6.99
1678;3;4.69
1678;4;6.55
1679;2;6.89
1679;3;4.69
1679;4;6.39
1680;1;6.69
1680;2;6.79
1680;3;4.69
1680;4;6.39
1680;5;6.49
1681;1;6.89
1681;2;6.99
1681;4;6.69
1681;5;6.79
1682;1;7.39
1682;2;7.49
1682;4;7.25
1683;2;6.79
1683;4;6.39
1683;5;6.69
1683;6;3.99
1684;3;4.89
1684;4;6.48
1684;5;6.59
1684;6;3.98
1685;1;6.89
1685;2;6.99
1685;3;4.79
1685;4;6.39
1685;5;6.39
1686;3;4.75
1686;4;6.39
1686;5;6.39
1687;1;6.89
1687;2;6.99
1687;3;5.09
1687;4;6.64
1687;5;6.94
1688;1;6.89
1688;2;6.99
1688;3;4.99
1688;4;6.69
1688;5;6.79
1689;1;6.69
1689;3;4.89
1689;4;7.08
1690;2;6.99
1690;3;5.19
1690;4;6.49
1690;5;6.69
1691;4;6.39
1691;5;6.79
1692;1;6.69
1692;2;6.79
1692;3;4.55
1692;4;6.25
1692;5;6.45
1693;3;4.69
1693;4;6.38
1693;5;6.52
1694;1;6.69
1694;2;6.79
1694;3;4.99
1694;4;7.29
1694;5;7.49
1695;1;6.65
1695;2;6.79
1695;3;4.59
1695;4;7.25
1695;5;7.31
1696;2;6.98
1696;3;5.09
1696;4;6.69
1696;5;6.69
1697;2;6.99
1697;3;4.99
1697;4;6.47
1697;5;6.67
1698;1;6.78
1698;2;6.88
1698;3;4.99
1698;4;6.39
1699;3;4.69
1699;4;6.38
1699;5;6.38
1700;1;6.89
1700;3;5.09
1700;4;6.39
1700;5;6.89
1701;4;6.39
1701;5;6.69
1702;3;4.99
1702;4;6.45
1702;5;6.75
1702;6;3.99
1703;2;6.89
1703;3;4.69
1703;4;6.38
1703;5;6.38
1704;2;6.98
1704;3;4.98
1704;4;6.45
1704;5;6.79
1705;2;6.89
1705;3;4.89
1705;4;6.35
1705;5;6.65
1706;3;4.99
1706;4;6.49
1706;5;6.69
1707;2;6.79
1707;3;4.75
1707;4;6.39
1707;5;6.79
1708;4;6.49
1708;5;6.69
1709;2;6.79
1709;3;4.75
1709;4;6.39
1709;5;6.79
1710;1;6.69
1710;2;6.79
1710;3;5.39
1710;4;7.39
1710;5;7.69
1711;1;6.79
1711;2;6.89
1711;3;4.99
1711;4;6.49
1711;5;6.69
1711;6;3.99
1712;3;4.99
1712;4;6.47
1712;5;6.77
1713;3;4.69
1713;4;6.38
1713;5;6.38
1714;2;6.79
1714;3;5.19
1714;4;6.49
1714;5;6.84
1715;1;6.89
1715;2;6.89
1715;3;4.89
1715;4;6.39
1715;5;6.79
1716;4;6.49
1716;5;6.79
1717;1;6.69
1717;2;6.79
1717;3;5.05
1717;4;7.26
1717;5;7.56
1718;2;7.39
1718;3;5.39
1718;4;7.3
1718;5;7.6
1719;2;6.99
1719;3;4.99
1719;4;6.29
1719;5;6.29
1720;2;6.79
1720;3;4.69
1720;4;7.09
1721;4;6.39
1721;5;6.59
1721;6;3.99
1722;4;6.59
1722;5;6.74
1723;2;6.99
1723;3;4.99
1723;4;6.29
1723;5;6.29
1724;1;6.89
1724;3;4.99
1724;4;6.45
1724;5;6.8
1725;1;6.89
1725;3;4.99
1725;4;6.64
1725;5;6.64
1726;2;6.99
1726;3;4.99
1726;4;6.37
1726;5;6.57
1727;2;6.99
1727;3;4.99
1727;4;6.39
1727;5;6.59
1728;4;6.39
1728;5;6.69
1729;2;6.88
1729;3;4.65
1729;4;6.28
1729;5;6.49
1730;4;6.89
1730;5;7.09
1731;4;6.29
1731;5;6.59
1732;2;6.75
1732;3;4.61
1732;4;6.36
1733;2;6.78
1733;3;4.67
1733;4;6.39
1733;5;6.59
1734;2;6.99
1734;4;6.79
1735;1;6.65
1735;2;6.89
1735;3;4.89
1735;4;6.39
1735;5;6.59
1736;3;4.79
1736;4;6.34
1736;5;6.36
1737;2;7.09
1737;3;5.24
1737;4;6.68
1737;5;6.8
1738;1;6.89
1738;2;6.99
1738;4;6.55
1738;5;6.75
1739;4;6.69
1740;1;6.89
1740;2;6.99
1740;4;6.59
1740;5;6.79
1741;2;6.69
1741;3;4.59
1741;4;6.36
1742;4;6.89
1742;5;6.99
1743;4;6.99
1743;5;7.39
1744;1;6.76
1744;2;6.82
1744;3;4.87
1744;4;6.59
1744;5;6.59
1744;6;4.09
1745;1;6.69
1745;2;6.79
1745;3;4.69
1745;4;6.39
1745;5;6.59
1745;6;3.99
1746;2;6.99
1746;3;4.79
1746;4;6.39
1746;5;6.39
1746;6;4.09
1747;2;6.89
1747;3;4.69
1747;4;6.39
1747;5;6.79
1748;1;7.09
1748;3;5.09
1748;4;6.89
1748;5;7.09
1749;3;4.69
1749;4;6.39
1750;1;6.59
1750;2;6.89
1750;3;4.59
1750;4;6.37
1750;5;6.67
1751;1;6.89
1751;4;6.99
1751;5;7.14
1752;2;7.09
1752;3;5.24
1752;4;6.68
1752;5;6.83
1753;2;6.89
1753;3;4.69
1753;4;6.39
1754;1;6.69
1754;2;6.79
1754;3;4.69
1754;4;6.39
1754;5;6.49
1755;4;6.99
1755;5;7.39
1756;1;6.89
1756;2;6.99
1756;4;6.69
1756;5;6.79
1757;1;7.39
1757;2;7.49
1757;4;7.45
1758;4;6.99
1758;5;7.09
1759;1;6.89
1759;3;4.99
1759;4;6.69
1759;5;6.79
1760;2;6.79
1760;4;6.39
1760;5;6.69
1760;6;3.99
1761;3;4.89
1761;4;6.48
1761;6;3.98
1762;2;7.38
1762;3;5.38
1762;4;6.98
1762;5;6.98
1763;3;5.29
1763;4;6.79
1763;5;6.89
1764;1;6.89
1764;2;6.99
1764;3;4.79
1764;4;6.39
1764;5;6.39
1765;3;4.75
1765;4;6.39
1765;5;6.39
1766;2;6.99
1766;3;5.69
1766;4;6.69
1767;1;6.89
1767;2;6.99
1767;3;4.99
1767;4;6.69
1768;2;7.39
1768;3;5.85
1768;4;6.99
1768;5;7.29
1769;2;6.59
1769;4;6.89
1769;5;6.99
1770;1;6.99
1770;2;7.09
1770;3;5.49
1770;4;6.79
1770;5;6.89
1771;2;6.89
1771;3;4.99
1771;4;6.89
1771;6;4.98
1772;1;6.89
1772;3;5.39
1772;4;7.29
1772;5;7.29
1773;2;7.19
1773;3;5.5
1773;4;6.79
1774;1;6.69
1774;2;6.79
1774;3;5.29
1774;4;7.04
1774;5;7.24
1774;6;4.59
1775;2;6.89
1775;3;4.69
1775;4;6.39
1776;1;6.99
1776;2;7.09
1776;4;6.69
1776;5;6.99
1777;2;6.99
1777;3;5.19
1777;4;6.39
1777;5;6.59
1778;2;6.89
1778;4;6.39
1778;5;6.59
1779;4;6.39
1779;5;6.79
1780;1;6.59
1780;2;6.69
1780;3;4.55
1780;4;6.25
1780;5;6.45
1781;3;4.69
1781;4;6.38
1781;5;6.52
1782;2;7.09
1782;3;5.24
1782;4;6.68
1782;5;6.8
1783;2;6.99
1783;3;4.99
1783;4;6.47
1783;5;6.67
1784;3;4.69
1784;4;6.38
1784;5;6.38
1785;1;6.89
1785;3;4.79
1785;4;6.45
1785;5;6.8
1786;4;6.39
1786;5;6.69
1787;2;7.29
1787;3;4.99
1787;4;6.37
1787;5;6.57
1788;3;4.99
1788;4;6.39
1788;5;6.69
1788;6;3.99
1789;4;6.99
1789;5;7.39
1790;2;6.99
1790;3;4.99
1790;4;6.39
1790;5;6.59
1791;4;6.39
1791;5;6.69
1792;1;6.69
1792;2;6.79
1792;3;4.69
1792;4;6.39
1792;5;6.59
1792;6;3.99
1793;2;6.89
1793;3;4.69
1793;4;6.38
1793;5;6.38
1794;2;6.98
1794;3;4.98
1794;4;6.45
1794;5;6.79
1795;1;7.09
1795;3;5.89
1795;4;6.89
1795;5;7.09
1796;3;4.99
1796;4;6.49
1796;5;6.69
1797;2;6.79
1797;3;4.75
1797;4;6.39
1797;5;6.79
1798;2;6.88
1798;3;4.55
1798;4;6.25
1798;5;6.45
1799;2;6.79
1799;3;4.75
1799;4;6.39
1799;5;6.79
1800;2;7.09
1800;3;5.24
1800;4;6.68
1800;5;6.83
1801;3;4.75
1801;4;6.39
1801;5;6.69
1802;4;6.99
1802;5;7.39
1803;4;6.99
1803;5;7.39
1804;3;4.69
1804;4;6.38
1804;5;6.38
1805;4;6.99
1805;5;7.09
1806;2;6.79
1806;3;5.19
1806;4;6.39
1806;5;6.74
1807;4;6.39
1807;5;6.79
1808;2;6.99
1808;4;6.49
1808;5;6.79
1809;3;4.59
1809;4;6.38
1809;5;6.69
1810;2;6.78
1810;3;4.59
1810;4;6.35
1810;5;6.55
1811;2;7.39
1811;3;5.85
1811;4;6.99
1811;5;7.29
1812;2;6.74
1812;3;4.68
1812;4;6.69
1812;5;6.69
1813;2;6.89
1813;3;4.99
1813;4;6.29
1813;5;6.59
1813;6;3.99
1814;1;6.78
1814;2;6.88
1814;3;4.55
1814;4;6.25
1815;2;6.99
1815;3;4.99
1815;4;6.29
1815;5;6.29
1816;4;6.39
1816;5;6.59
1816;6;3.99
1817;4;6.39
1817;5;6.54
1818;2;6.99
1818;3;4.99
1818;4;6.29
1818;5;6.29
1819;1;6.89
1819;3;5.09
1819;4;6.39
1819;5;6.89
1820;1;6.89
1820;3;4.99
1820;4;6.64
1820;5;6.64
1821;2;6.99
1821;3;4.99
1821;4;6.49
1821;5;6.79
1822;2;6.89
1822;3;4.89
1822;4;6.29
1822;5;6.65
1823;1;6.79
1823;2;6.89
1823;3;4.79
1823;4;6.39
1823;5;6.59
1823;6;3.99
1824;2;6.75
1824;3;4.54
1824;4;6.34
1825;2;6.99
1825;4;6.79
1826;1;6.65
1826;2;6.89
1826;3;4.89
1826;4;6.39
1826;5;6.59
1827;1;6.69
1827;3;4.89
1827;4;7.12
1828;3;4.79
1828;4;6.35
1828;5;6.35
1829;1;6.59
1829;2;6.69
1829;3;4.99
1829;4;7.29
1829;5;7.49
1830;2;7.39
1830;3;5.39
1830;4;7.3
1830;5;7.6
1831;1;6.99
1831;2;7.09
1831;3;5.49
1831;4;6.79
1831;5;6.99
1832;1;6.65
1832;2;6.79
1832;3;4.59
1832;4;7.25
1832;5;7.37
1833;2;6.79
1833;3;4.69
1833;4;7.09
1834;2;6.59
1834;3;4.52
1834;4;6.32
1835;3;4.99
1835;4;6.89
1835;6;4.98
1836;1;6.76
1836;2;6.82
1836;3;4.87
1836;4;6.39
1836;5;6.39
1836;6;4.09
1837;2;6.99
1837;3;4.69
1837;4;6.39
1837;5;6.39
1837;6;4.09
1838;2;6.89
1838;3;4.69
1838;4;6.35
1838;5;6.75
1839;3;4.69
1839;4;6.39
1840;1;6.89
1840;2;6.99
1840;3;5.19
1840;4;6.99
1840;5;7.14
1841;4;6.89
1841;5;7.09
1842;1;7.29
1842;2;7.39
1842;3;5.39
1842;4;7.39
1842;5;7.69
1843;2;6.89
1843;3;4.69
1843;4;6.39
1844;1;6.59
1844;2;6.69
1844;3;4.55
1844;4;6.25
1844;5;6.45
1845;1;7.39
1845;2;7.49
1845;4;7.25
1846;1;6.89
1846;3;5.39
1846;4;7.29
1846;5;7.29
1846;6;4.59
1847;3;4.75
1847;4;6.36
1847;5;6.39
1848;1;7.19
1848;4;6.89
1848;5;7.19
1849;2;7.19
1849;3;5.5
1849;4;6.79
1850;2;6.99
1850;3;5.49
1850;4;6.79
1850;5;6.99
1851;1;6.89
1851;2;6.99
1851;3;4.89
1851;4;6.59
1852;1;6.69
1852;2;6.79
1852;3;5.05
1852;4;7.26
1852;5;7.56
1853;1;6.79
1853;2;6.87
1853;3;4.88
1853;4;6.39
1853;5;6.39
1853;6;4.09
1854;1;6.69
1854;2;6.79
1854;4;6.39
1855;2;6.59
1855;4;6.89
1855;5;6.99
1856;2;6.75
1856;3;4.58
1856;4;6.32
1857;1;6.59
1857;2;6.69
1857;3;5.29
1857;4;7.04
1857;5;7.24
1857;6;4.59
1858;2;6.69
1858;3;4.59
1858;4;6.39
1859;1;6.89
1859;2;6.99
1859;4;6.55
1859;5;6.75
1860;4;6.69
1861;1;6.89
1861;4;6.69
1861;5;6.79
1862;4;6.69
1862;5;6.69
1863;4;6.89
1863;5;6.99
1864;1;6.78
1864;2;6.84
1864;3;4.98
1864;4;6.63
1864;5;6.79
1865;1;6.89
1865;2;6.99
1865;3;4.69
1865;4;6.55
1866;1;6.89
1866;2;6.99
1866;4;6.69
1866;5;6.79
1867;1;6.89
1867;2;6.99
1867;3;5.09
1867;4;6.64
1867;5;6.94
1868;4;6.39
1868;5;6.79
1869;1;6.59
1869;2;6.69
1869;3;4.55
1869;4;6.22
1869;5;6.42
1870;2;6.74
1870;3;4.68
1870;4;6.69
1870;5;6.69
1871;1;6.78
1871;2;6.88
1871;3;4.55
1871;4;6.25
1872;1;6.89
1872;3;5.09
1872;4;6.39
1872;5;6.89
1873;2;6.99
1873;3;4.99
1873;4;6.37
1873;5;6.57
1874;4;6.39
1874;5;6.69
1875;2;6.89
1875;3;4.89
1875;4;6.29
1875;5;6.65
1876;2;6.74
1876;3;4.59
1876;4;6.35
1876;5;6.75
1877;2;6.74
1877;3;4.59
1877;4;6.35
1877;5;6.75
1878;1;6.79
1878;2;6.89
1878;3;4.79
1878;4;6.39
1878;5;6.59
1878;6;4.29
1879;2;6.78
1879;3;4.59
1879;4;6.35
1879;5;6.55
1880;2;6.97
1880;3;4.97
1880;4;6.39
1880;5;6.69
1881;2;6.89
1881;4;6.39
1881;5;6.59
1882;1;6.79
1882;3;4.99
1882;4;6.34
1882;5;6.74
1883;3;4.69
1883;4;6.38
1883;5;6.52
1884;2;6.99
1884;3;4.99
1884;4;6.47
1884;5;6.67
1885;3;4.69
1885;4;6.38
1885;5;6.38
1886;4;6.39
1886;5;6.69
1887;3;4.99
1887;4;6.39
1887;5;6.69
1887;6;3.99
1888;1;6.99
1888;2;7.09
1888;4;6.69
1888;5;6.99
1889;2;6.89
1889;3;4.69
1889;4;6.38
1889;5;6.38
1890;2;6.98
1890;3;4.98
1890;4;6.45
1890;5;6.79
1891;3;4.79
1891;4;6.49
1891;5;6.69
1892;4;6.38
1892;5;6.59
1893;3;4.75
1893;4;6.39
1893;5;6.39
1894;3;4.69
1894;4;6.38
1894;5;6.38
1895;2;6.79
1895;3;5.19
1895;4;6.39
1895;5;6.74
1896;1;6.89
1896;2;6.89
1896;4;6.39
1896;5;6.79
1897;4;6.49
1897;5;6.79
1898;1;6.66
1898;2;6.78
1898;3;4.52
1898;4;6.32
1898;5;6.52
1899;1;6.89
1899;2;6.99
1899;4;6.55
1899;5;6.75
1900;2;6.89
1900;3;4.99
1900;4;6.29
1900;5;6.59
1900;6;4.29
1901;3;4.85
1901;4;6.29
1901;5;6.29
1902;4;6.34
1902;5;6.54
1903;2;6.99
1903;3;4.85
1903;4;6.29
1903;5;6.29
1904;4;6.69
1904;5;6.69
1905;1;6.89
1905;3;4.59
1905;4;6.25
1905;5;6.6
1906;1;6.89
1906;3;4.99
1906;4;6.64
1906;5;6.64
1907;4;6.89
1907;5;6.99
1908;1;6.78
1908;2;6.84
1908;3;4.98
1908;4;6.63
1908;5;6.79
1909;2;6.99
1909;3;4.99
1909;4;6.49
1909;5;6.79
1910;1;6.89
1910;2;6.99
1910;3;4.69
1910;4;6.55
1911;4;6.49
1911;5;6.89
1912;1;6.09
1912;2;6.19
1912;3;4.99
1912;4;6.59
1912;5;6.59
1913;1;7.15
1913;2;7.19
1913;3;4.99
1913;4;6.59
1913;5;6.65
1913;6;4.09
1914;1;6.89
1914;2;6.99
1914;4;6.69
1914;5;6.79
1915;1;6.89
1915;3;4.99
1915;4;6.69
1915;5;6.79
1916;3;5.29
1916;4;6.79
1916;5;6.89
1917;3;4.89
1917;4;6.38
1917;5;6.38
1918;1;6.65
1918;2;6.89
1918;3;4.59
1918;4;6.39
1918;5;6.59
1919;3;4.79
1919;4;6.35
1919;5;6.35
1920;2;7.09
1920;3;5.24
1920;4;6.68
1920;5;6.83
1921;4;6.99
1921;5;7.39
1922;1;6.76
1922;2;6.82
1922;3;4.87
1922;4;6.39
1922;5;6.39
1922;6;4.29
1923;1;6.69
1923;2;6.79
1923;3;4.69
1923;4;6.39
1923;5;6.59
1923;6;4.29
1924;2;6.99
1924;3;4.69
1924;4;6.39
1924;5;6.39
1924;6;4.27
1925;2;6.89
1925;3;4.69
1925;4;6.35
1925;5;6.75
1926;1;7.09
1926;3;5.89
1926;4;6.89
1926;5;7.09
1927;3;4.69
1927;4;6.39
1928;2;7.09
1928;3;5.24
1928;4;6.68
1928;5;6.83
1929;2;6.89
1929;3;4.69
1929;4;6.39
1930;1;6.59
1930;2;6.69
1930;3;4.55
1930;4;6.25
1930;5;6.45
1931;4;6.99
1931;5;7.39
1932;4;6.99
1932;5;7.39
1933;4;6.99
1933;5;7.09
1934;2;6.79
1934;4;6.39
1934;5;6.69
1934;6;4.29
1935;3;4.89
1935;4;6.48
1935;5;6.59
1935;6;4.28
1936;1;6.89
1936;2;6.99
1936;3;4.69
1936;4;6.36
1936;5;6.39
1937;3;4.75
1937;4;6.36
1937;5;6.39
1938;2;7.39
1938;3;5.29
1938;4;6.99
1938;5;7.39
1939;2;6.99
1939;4;6.79
1940;1;6.89
1940;2;6.99
1940;3;4.89
1940;4;6.59
1941;2;6.59
1941;4;6.89
1941;5;6.99
1942;2;6.99
1942;3;4.89
1942;4;6.39
1942;5;6.59
1943;4;6.39
1943;5;6.79
1944;2;7.09
1944;3;5.24
1944;4;6.68
1944;5;6.83
1945;1;6.89
1945;3;4.69
1945;4;6.64
1945;5;6.99
1946;4;6.99
1946;5;7.39
1947;2;6.99
1947;3;4.79
1947;4;6.67
1947;5;6.87
1948;1;7.09
1948;3;5.89
1948;4;6.89
1948;5;7.09
1949;2;6.74
1949;3;4.59
1949;4;6.35
1949;5;6.75
1950;2;6.88
1950;3;4.69
1950;4;6.64
1950;5;6.84
1951;2;6.74
1951;3;4.59
1951;4;6.35
1951;5;6.75
1952;2;7.09
1952;3;5.24
1952;4;6.68
1952;5;6.83
1953;4;6.99
1953;5;7.39
1954;4;6.99
1954;5;7.39
1955;4;6.99
1955;5;7.09
1956;2;7.39
1956;3;5.29
1956;4;6.99
1956;5;7.39
1957;1;6.78
1957;3;4.59
1957;4;6.32
1957;5;6.72
1958;1;6.59
1958;2;6.69
1958;3;4.69
1958;4;6.64
1958;5;6.84
1959;3;4.69
1959;4;6.38
1959;5;6.52
1960;1;6.99
1960;2;7.09
1960;3;5.49
1960;4;6.79
1960;5;6.89
1961;2;6.99
1961;3;4.99
1961;4;6.39
1961;5;6.59
1962;1;6.78
1962;2;6.88
1962;3;4.69
1962;4;6.64
1963;3;4.55
1963;4;6.38
1963;5;6.38
1964;1;6.89
1964;3;5.09
1964;4;6.64
1964;5;7.14
1965;4;6.67
1965;5;6.97
1966;3;4.99
1966;4;6.69
1966;5;6.99
1966;6;3.99
1967;2;6.99
1967;3;4.99
1967;4;6.69
1967;5;6.89
1968;2;6.89
1968;3;4.59
1968;4;6.38
1968;5;6.38
1969;2;6.87
1969;3;4.68
1969;4;6.37
1969;5;6.74
1970;2;6.89
1970;3;4.79
1970;4;6.64
1970;5;6.94
1971;3;4.79
1971;4;6.49
1971;5;6.69
1972;4;6.67
1972;5;6.87
1973;4;6.49
1973;5;6.89
1974;1;6.79
1974;2;6.89
1974;3;4.69
1974;4;6.69
1974;5;6.89
1974;6;4.29
1975;3;4.99
1975;4;6.69
1975;5;6.89
1976;4;6.38
1976;5;6.38
1977;2;6.79
1977;3;5.19
1977;4;6.69
1977;5;7.04
1978;1;6.89
1978;2;6.89
1978;4;6.39
1978;5;6.79
1979;4;6.69
1979;5;6.99
1980;2;6.99
1980;3;5.49
1980;4;6.79
1980;5;6.99
1981;2;6.78
1981;3;4.55
1981;4;6.35
1981;5;6.55
1982;3;4.89
1982;4;6.58
1982;5;6.58
1983;2;6.69
1983;3;4.59
1983;4;6.69
1984;2;6.79
1984;4;6.69
1984;5;6.89
1985;1;6.89
1985;2;6.99
1985;4;6.55
1985;5;6.75
1986;2;6.74
1986;3;4.59
1986;4;6.34
1986;5;6.59
1987;2;6.89
1987;3;4.99
1987;4;6.69
1987;5;6.94
1987;6;4.29
1988;2;6.99
1988;3;4.85
1988;4;6.64
1988;5;6.84
1989;4;6.69
1990;4;6.69
1990;5;6.89
1990;6;4.29
1991;4;6.39
1991;5;6.54
1992;2;6.99
1992;3;4.85
1992;4;6.64
1992;5;6.84
1993;1;6.89
1993;4;6.69
1993;5;6.79
1993;6;4.79
1994;1;6.77
1994;3;4.99
1994;4;6.99
1994;5;6.99
1995;2;6.99
1995;3;4.99
1995;4;6.69
1995;5;6.99
1996;4;6.89
1996;5;6.99
1997;4;6.69
1997;5;6.99
1998;1;6.89
1998;2;6.99
1998;3;4.69
1998;4;6.65
1999;2;6.59
1999;3;4.49
1999;4;6.69
2000;1;6.89
2000;2;6.99
2000;4;6.69
2000;5;6.79
2001;3;5.29
2001;4;6.79
2001;5;6.89
2002;1;6.89
2002;3;4.99
2002;4;6.69
2002;5;6.79
2003;2;6.99
2003;4;6.79
2004;1;6.65
2004;2;6.89
2004;3;4.49
2004;4;6.29
2004;5;6.59
2005;1;6.75
2005;3;4.89
2005;4;7.16
2006;3;4.79
2006;4;6.35
2006;5;6.35
2007;1;6.59
2007;2;6.69
2007;3;4.99
2007;4;7.29
2007;5;7.49
2008;2;7.39
2008;3;5.39
2008;4;7.3
2008;5;7.6
2009;1;6.65
2009;2;6.79
2009;3;4.71
2009;4;7.25
2009;5;7.37
2010;2;6.79
2010;3;4.59
2010;4;7.09
2011;1;6.76
2011;2;6.82
2011;3;4.87
2011;4;6.59
2011;5;6.59
2011;6;4.29
2012;2;6.99
2012;3;4.69
2012;4;6.39
2012;5;6.59
2012;6;4.27
2013;2;6.89
2013;3;4.69
2013;4;6.35
2013;5;6.75
2014;3;4.69
2014;4;6.39
2015;1;6.89
2015;2;6.99
2015;3;5.19
2015;4;6.99
2015;5;7.14
2016;1;6.69
2016;2;6.79
2016;3;5.05
2016;4;7.26
2016;5;7.56
2017;2;6.89
2017;3;4.69
2017;4;6.39
2018;1;6.59
2018;2;6.69
2018;3;4.59
2018;4;6.29
2018;5;6.49
2019;1;7.39
2019;2;7.49
2019;4;7.45
2020;1;6.89
2020;3;5.19
2020;4;7.29
2020;5;7.29
2020;6;4.59
2021;2;6.79
2021;4;6.64
2021;5;6.84
2021;6;4.29
2022;3;4.89
2022;4;6.48
2022;6;4.28
2023;1;6.89
2023;2;6.99
2023;3;4.69
2023;4;6.36
2023;5;6.39
2024;3;4.49
2024;4;6.36
2024;5;6.36
2025;1;7.19
2025;2;7.29
2025;4;6.89
2025;5;7.19
2026;1;6.89
2026;2;6.99
2026;3;4.79
2026;4;6.99
2027;1;6.69
2027;2;6.79
2027;3;5.05
2027;4;7.26
2027;5;7.56
2028;1;6.59
2028;2;6.69
2028;3;4.99
2028;4;7.04
2028;5;7.24
2028;6;4.59
2029;1;6.89
2029;2;6.99
2029;3;5.09
2029;4;6.64
2029;5;6.94
2030;2;6.99
2030;3;4.89
2030;4;6.69
2030;5;6.89
2031;1;6.79
2031;3;4.59
2031;4;6.69
2031;5;7.09
2032;2;6.69
2032;3;4.69
2033;3;4.55
2033;4;6.38
2033;5;6.52
2034;2;6.74
2034;3;4.59
2034;4;6.67
2034;5;6.92
2035;2;6.99
2035;3;4.99
2035;4;6.69
2035;5;6.89
2036;1;6.78
2036;2;6.88
2036;3;4.69
2036;4;6.64
2037;3;4.55
2037;4;6.65
2037;5;6.65
2038;1;6.89
2038;3;5.09
2038;4;6.64
2038;5;7.14
2039;3;4.99
2039;4;6.69
2039;5;6.99
2039;6;4.29
2040;4;6.69
2040;5;6.99
2041;2;6.89
2041;3;4.55
2041;4;6.38
2041;5;6.38
2042;2;6.87
2042;3;4.68
2042;4;6.64
2042;5;6.74
2043;2;6.85
2043;3;4.79
2043;4;6.64
2043;5;6.94
2044;3;4.79
2044;4;6.69
2044;5;6.89
2045;2;6.74
2045;3;4.54
2045;4;6.67
2045;5;7.07
2046;4;6.67
2046;5;6.87
2047;2;6.74
2047;3;4.54
2047;4;6.67
2047;5;7.07
2048;1;6.79
2048;2;6.89
2048;3;4.69
2048;4;6.69
2048;5;6.89
2048;6;4.29
2049;3;4.75
2049;4;6.69
2049;5;6.89
2050;3;4.55
2050;4;6.38
2050;5;6.38
2051;4;6.69
2051;5;7.04
2052;1;6.89
2052;2;6.89
2052;4;6.67
2052;5;7.07
2053;4;6.69
2053;5;6.99
2054;2;6.78
2054;3;4.55
2054;4;6.67
2054;5;6.87
2055;2;6.79
2055;4;6.69
2055;5;6.89
2056;3;4.79
2056;4;6.35
2056;5;6.35
2057;2;6.89
2057;3;4.99
2057;4;6.69
2057;5;6.94
2057;6;4.29
2058;2;6.99
2058;3;4.85
2058;4;6.64
2058;5;6.84
2059;4;6.39
2059;5;6.54
2060;2;6.99
2060;3;4.85
2060;4;6.64
2060;5;6.84
2061;1;6.59
2061;2;6.89
2061;3;4.59
2061;4;6.69
2061;5;6.89
2062;2;6.86
2062;3;4.45
2062;4;6.55
2063;1;6.89
2063;3;4.69
2063;4;6.64
2063;5;6.99
2064;4;6.67
2064;5;6.97
2065;2;6.99
2065;3;4.99
2065;4;6.65
2065;5;6.95
2066;2;6.99
2066;3;4.99
2066;4;6.69
2066;5;6.89
2067;2;6.99
2067;3;4.79
2067;4;6.67
2067;5;6.87
2068;1;6.76
2068;2;6.82
2068;3;4.87
2068;4;6.69
2068;5;6.69
2068;6;4.29
2069;2;6.99
2069;3;4.69
2069;4;6.49
2069;5;6.59
2069;6;4.27
2070;2;6.89
2070;3;4.59
2070;4;6.67
2070;5;7.07
2071;3;4.69
2071;4;6.39
2072;2;6.88
2072;3;4.65
2072;4;6.64
2072;5;6.84
2073;1;6.47
2073;2;6.65
2073;3;4.55
2073;4;6.49
2073;5;6.79
2074;4;6.69
2074;5;6.89
2075;4;6.64
2075;5;6.99
2076;2;6.89
2076;3;4.69
2076;4;6.39
2077;2;6.79
2077;4;6.69
2077;5;6.89
2077;6;4.29
2078;3;4.89
2078;4;6.61
2078;6;4.28
2079;3;4.89
2079;4;6.59
2079;5;6.99
2080;1;6.65
2080;2;6.89
2080;3;4.49
2080;4;6.29
2080;5;6.59
2081;1;6.59
2081;2;6.69
2081;3;4.59
2081;4;6.29
2081;5;6.49
2082;1;6.69
2082;2;6.79
2082;3;4.59
2082;4;6.35
2082;5;6.35
2083;2;6.99
2083;4;6.79
2084;1;6.75
2084;3;4.89
2084;4;7.16
2085;1;6.59
2085;2;6.69
2085;3;4.99
2085;4;7.29
2085;5;7.49
2086;2;7.39
2086;3;5.39
2086;4;7.3
2086;5;7.6
2087;2;7.09
2087;3;5.15
2087;4;6.68
2087;5;6.83
2088;1;6.65
2088;2;6.79
2088;3;4.71
2088;4;7.25
2088;5;7.37
2089;1;6.89
2089;2;6.99
2089;4;6.55
2089;5;6.75
2090;2;6.79
2090;3;4.59
2090;4;7.09
2091;4;6.69
2092;4;6.69
2092;5;6.69
2093;4;6.89
2093;5;6.99
2094;1;6.78
2094;2;6.84
2094;3;4.98
2094;4;6.63
2094;5;6.77
2095;4;6.79
2095;5;7.39
2096;1;6.99
2096;2;7.09
2096;4;6.69
2096;5;6.99
2097;1;6.69
2097;2;6.79
2097;3;4.69
2097;4;6.69
2097;5;6.89
2097;6;4.29
2098;1;7.09
2098;3;5.19
2098;4;6.69
2098;5;7.09
2099;1;6.89
2099;2;6.99
2099;3;4.69
2099;4;6.65
2100;1;6.89
2100;3;5.19
2100;4;6.99
2101;1;6.69
2101;2;6.79
2101;3;5.05
2101;4;7.26
2101;5;7.56
2102;2;7.29
2102;3;5.17
2102;4;6.68
2102;5;6.83
2103;4;6.79
2103;5;7.39
2104;4;6.79
2104;5;7.39
2105;1;6.89
2105;2;6.99
2105;4;6.69
2105;5;6.79
2106;1;7.39
2106;2;7.49
2106;4;7.45
2107;1;6.89
2107;3;5.19
2107;4;7.29
2107;5;7.29
2107;6;4.59
2108;4;6.79
2108;5;7.09
2109;1;7.19
2109;2;7.29
2109;4;6.89
2109;5;7.19
2110;1;6.69
2110;2;6.79
2110;3;5.05
2110;4;7.26
2110;5;7.56
2111;2;7.39
2111;3;5.19
2111;4;6.79
2111;5;7.19
2112;1;6.59
2112;2;6.69
2112;3;4.99
2112;4;7.04
2112;5;7.24
2112;6;4.59
2113;1;6.89
2113;2;6.99
2113;3;4.99
2113;4;6.69
2113;5;6.79
2114;2;6.99
2114;3;4.89
2114;4;6.69
2114;5;6.89
2115;4;6.49
2115;5;6.89
2116;1;6.79
2116;3;4.59
2116;4;6.56
2116;5;6.96
2117;1;6.59
2117;2;6.69
2117;3;4.49
2117;4;6.59
2117;5;6.79
2118;3;4.55
2118;4;6.37
2118;5;6.49
2119;2;7.09
2119;3;5.15
2119;4;6.68
2119;5;6.83
2120;2;6.74
2120;3;4.59
2120;4;6.67
2120;5;6.92
2121;2;6.99
2121;3;4.59
2121;4;6.65
2121;5;6.85
2122;3;4.48
2122;4;6.37
2122;5;6.37
2123;1;6.89
2123;3;4.69
2123;4;6.64
2123;5;6.99
2124;4;6.59
2124;5;6.89
2125;3;4.99
2125;4;6.69
2125;5;6.99
2125;6;4.29
2126;4;6.79
2126;5;7.39
2127;2;6.99
2127;3;4.79
2127;4;6.59
2127;5;6.79
2128;1;7.09
2128;3;5.19
2128;4;6.69
2128;5;7.09
2129;3;4.79
2129;4;6.69
2129;5;6.89
2130;2;6.74
2130;3;4.54
2130;4;6.67
2130;5;7.07
2131;4;6.49
2131;5;6.69
2132;2;6.78
2132;3;4.65
2132;4;6.59
2132;5;6.79
2133;2;6.74
2133;3;4.54
2133;4;6.67
2133;5;7.07
2134;4;6.69
2134;5;6.89
2135;2;7.29
2135;3;5.17
2135;4;6.68
2135;5;6.83
2136;3;4.75
2136;4;6.69
2136;5;6.89
2137;4;6.79
2137;5;7.39
2138;4;6.79
2138;5;7.39
2139;3;4.55
2139;4;6.37
2139;5;6.37
2140;3;5.79
2140;4;6.79
2140;5;7.09
2141;2;6.79
2141;3;4.99
2141;4;6.69
2141;5;7.04
2142;4;6.65
2142;5;6.95
2143;3;4.59
2143;4;6.37
2143;5;6.57
2144;4;6.69
2144;5;6.69
2144;6;4.29
2145;2;7.39
2145;3;5.19
2145;4;6.79
2145;5;7.19
2146;1;6.75
2146;3;4.89
2146;4;7.16
2147;2;6.79
2147;4;6.56
2147;5;6.76
2148;1;6.49
2148;2;6.69
2148;3;4.89
2148;4;7.19
2148;5;7.39
2149;2;7.39
2149;3;5.39
2149;4;7.3
2149;5;7.6
2150;1;6.65
2150;2;6.79
2150;3;4.71
2150;4;7.25
2150;5;7.37
2151;2;6.89
2151;3;4.99
2151;4;6.64
2151;5;6.89
2151;6;4.29
2152;1;6.78
2152;2;6.88
2152;3;4.69
2152;4;6.64
2153;2;6.99
2153;3;4.85
2153;4;6.64
2153;5;6.84
2154;2;6.79
2154;3;4.59
2154;4;7.09
2155;4;6.49
2155;5;6.69
2155;6;4.29
2156;4;6.39
2156;5;6.54
2157;2;6.99
2157;3;4.85
2157;4;6.64
2157;5;6.64
2158;1;6.89
2158;3;4.69
2158;4;6.64
2158;5;7.14
2159;1;6.69
2159;3;4.99
2159;4;6.94
2159;5;6.94
2160;2;6.99
2160;3;4.99
2160;4;6.54
2160;5;6.84
2161;2;6.99
2161;3;4.99
2161;4;6.69
2161;5;6.89
2162;4;6.59
2162;5;6.86
2163;1;6.76
2163;2;6.82
2163;3;4.87
2163;4;6.69
2163;5;6.69
2163;6;4.29
2164;2;6.79
2164;3;4.79
2164;4;6.59
2164;5;6.89
2165;2;6.89
2165;3;4.59
2165;4;6.67
2165;5;7.07
2166;1;6.79
2166;2;6.89
2166;3;5.19
2166;4;6.99
2166;5;7.14
2167;1;6.49
2167;2;6.69
2167;3;4.99
2167;4;7.26
2167;5;7.56
2168;1;6.79
2168;2;6.89
2168;3;4.69
2168;4;6.65
2168;5;6.85
2168;6;4.29
2169;2;6.59
2169;3;4.45
2169;4;6.49
2170;1;7.39
2170;2;7.49
2170;4;7.25
2171;1;6.89
2171;3;4.89
2171;4;7.19
2171;5;7.19
2171;6;4.59
2172;1;7.09
2172;2;7.29
2172;4;6.89
2172;5;7.19
2173;2;6.99
2173;3;5.49
2173;4;6.79
2173;5;6.99
2174;1;6.69
2174;2;6.79
2174;3;4.89
2174;4;7.19
2174;5;7.49
2175;1;6.59
2175;2;6.69
2175;3;4.99
2175;4;7.04
2175;5;7.24
2175;6;4.59
2176;2;6.69
2176;3;4.59
2176;4;6.63
