cnpj;id_servico
00345721000133;4
05349237000104;6
05349237000104;2
05609081000145;5
05609081000145;6
05609081000145;2
05609081000145;1
09369995000137;5
09369995000137;6
09369995000137;4
10223356000148;1
10331576000195;4
10331576000195;2
10331576000195;6
10331576000195;1
13602147000101;1
13602147000101;2
14509900000173;5
14509900000173;3
14509900000173;2
14509900000173;6
27303411000102;4
27303411000374;2
27303411000374;5
27664597000710;4
27664597000710;1
27664597000710;3
29937036000188;3
29937036000188;4
30578975000162;3
30690682000172;6
30690682000172;3
37361618000197;2
37361618000197;3
47674687000104;3
47674687000104;2
07470392000100;1
10197775000152;2
10197775000152;4
17375525000104;6
17375525000104;3
17375525000104;1
17375525000104;2
00762780000298;1
01514752000133;2
01823633000162;1
01823633000162;3
04228463000166;2
04228463000166;6
04361389000151;3
04361389000151;1
04361389000232;1
04361389000232;2
04361389000232;6
04960337000100;1
04960337000100;3
04994796000104;1
04994796000104;3
04994796000104;6
04994796000104;2
05393247000139;1
05393247000139;2
05393247000139;3
05738923000169;4
05738923000169;1
05738923000169;2
05738923000169;3
07571908000102;1
07571908000102;5
07571908000102;4
07830414000197;3
07830414000197;6
07830414000197;1
08788618000170;1
08788618000170;2
08788618000170;6
11222333000343;4
11222333000343;1
11222333000424;6
11942147000117;4
11942147000117;2
11942147000117;6
12535572000154;1
12535572000154;3
12535572000154;6
14806977000105;1
16577742000114;6
16577742000114;2
22356015000120;6
22356015000120;1
22356015000120;5
22356015000120;4
26980450000181;2
27066273000276;5
27066273000276;6
27066273000276;1
27493675000176;1
27493675000176;4
27493675000176;6
27664597000630;6
27664597000630;5
27664597000630;3
27664597000982;4
27664597000982;1
27664597000982;5
27734094000189;1
27734094000189;3
28059632000140;2
28059632000140;1
28059632000140;6
28413219000131;5
31465040000132;3
31465040000132;5
00580488000173;6
00580488000173;1
00580488000173;2
01496517000186;4
01496517000186;1
01496517000186;2
01496517000186;3
01557127000179;1
01557127000179;2
02582857000192;5
04145589001149;5
04145589001149;6
04145589001149;1
04850382000101;2
04850382000101;5
05892261000187;3
06073382000160;2
06073382000160;3
06073382000160;5
06073382000160;1
09167931000153;3
09167931000153;4
09167931000153;2
10569345000114;2
10569345000114;6
10569345000114;5
10569345000114;3
11222333000181;4
11222333000181;6
11222333000181;2
11222333000181;1
11222333000505;4
13814642000176;6
13814642000176;3
13814642000176;2
13814642000176;4
15010530000198;4
15226314000184;1
15226314000184;5
15226314000184;4
15226314000184;3
23314250000100;4
23314250000100;1
23314250000100;3
24145665000151;4
24145665000151;2
27016518000170;1
27394378000173;3
27394378000173;2
27396415000182;2
27396415000182;1
27396415000182;4
27926384000124;2
27926384000124;4
27926384000124;1
27926384000124;3
28344206000158;6
28344206000158;4
28344206000158;5
28344206000158;1
36004950000131;3
36004950000131;5
36004950000131;6
36751443000161;3
36751443000161;1
36751443000161;2
42176421000118;6
42176421000118;1
42176421000118;3
42176421000118;4
45543915004683;4
45543915004683;3
01283262000173;2
01503536000192;2
01503536000192;1
02583872000155;2
02583872000155;5
02583872000155;4
02665124000111;2
02665124000111;4
02665124000111;3
02665124000111;1
02802986000149;1
02802986000149;2
02802986000149;5
03408609000192;4
03408609000192;3
03948877000369;3
03948877000369;5
03948877000369;6
04411606000170;4
04411606000170;6
04411606000170;1
04814652000110;3
04814652000110;5
04814652000110;4
05791319000104;1
05791319000104;3
07381843000124;1
08519545000110;2
08519545000110;6
08519545000110;4
08971375000100;5
08971375000100;6
09076862000172;2
10813831000136;6
10813831000136;2
10813831000136;1
10813831000136;5
14096313000108;4
20246670000108;6
20246670000108;3
20863591000138;3
20863591000138;6
20863591000138;1
20863591000138;4
21931941000119;5
21931941000119;3
21931941000119;1
21931941000119;6
23238396000105;2
27020445000190;3
27020445000190;4
27020445000513;2
27020445000513;1
27124023000164;1
27124023000164;5
27179654000342;5
27179654000342;4
27179654000342;2
27179654000342;6
27316819000119;5
27316819000119;4
28505616000133;1
28505616000133;6
31284466000190;1
32248017000159;2
32248017000159;5
36411940000200;3
36411940000200;2
36411940000200;4
39281274000131;4
02567214000170;4
02567214000170;1
02567214000170;3
11222333000262;4
11222333000262;2
11222333000262;6
17753176000117;6
17753176000117;4
17753176000117;3
17753176000117;5
21246940000135;3
21246940000135;4
32467417000155;5
32467417000155;1
32467417000155;3
32467417000155;2
36336386000154;2
36336386000154;1
08022304000161;1
26058218000190;6
27025907000161;3
27664597001288;1
27664597001288;5
28037679000102;2
28037679000102;4
34387806000104;4
34387806000104;5
34387806000104;2
34387806000104;3
27085240000192;5
27085240000192;3
30869047000157;5
30869047000157;6
30869047000157;2
18366697000184;4
34765133000170;1
38530950000109;2
38530950000109;1
38530950000109;5
23305603000105;1
02468894000174;5
02468894000174;6
02468894000174;2
27495696000120;4
27495696000120;1
27495696000120;6
27352004000195;5
27352004000195;1
30538318000191;3
28761038000104;5
39814835000110;4
36309276000101;3
36309276000101;1
29326587000105;2
29326587000105;6
29326587000105;1
29326587000105;4
32311728000120;4
33869754000131;5
33869754000131;4
35798964000101;2
35798964000101;5
35798964000101;3
39383880000168;1
39383880000168;2
39383880000168;6
39383880000168;5
39343553000182;3
39343553000182;2
39383377000102;3
29986296000143;1
29986296000143;5
31815194000107;5
38023401000130;1
38023401000130;4
39275615000166;6
39277771000166;6
39277771000166;1
39277771000166;2
02806627000160;1
02806627000160;4
18526631000104;4
03348196000106;5
03348196000106;4
31727338000173;1
31727338000173;2
31727338000173;5
31727338000173;4
39400494000137;3
39400494000137;1
39400494000137;6
39400494000137;4
34034823000150;4
34034823000150;2
34034823000150;6
34034823000150;3
36675989000180;5
36675989000180;6
36675989000180;3
30456018000163;1
30456018000163;6
30456018000163;5
30456018000163;4
27664597000559;5
27664597000559;2
27664597000559;6
11217185000107;3
11217185000107;5
11217185000107;1
97538270000192;3
97538270000192;2
97538270000192;1
03058196000163;1
04145589001491;2
31717226000131;4
31717226000131;5
31717226000131;2
32546684000118;3
01635041000206;6
01635041000206;3
01635041000206;5
01635041000206;4
27023308000109;2
