gerente;telefone
Paulo Ferraz;(27) 99945-7810
Paulo Ferraz;(27) 3226-4410
Renata Alves;(27) 99633-9021
Carlos Menezes;(27) 99811-2041
Carlos Menezes;(27) 3334-1100
Marcos Lyrio;(27) 99890-1276
Marcos Lyrio;(27) 3345-0098
Juliana Rocha;(27) 99702-3355
Paulo Ferraz;(27) 99945-7810
Paulo Ferraz;(27) 3226-4410
Renata Alves;(27) 99633-9021
Carlos Menezes;(27) 99811-2041
Carlos Menezes;(27) 3334-1100
Marcos Lyrio;(27) 99890-1276
Marcos Lyrio;(27) 3345-0098
Carlos Menezes;(27) 99811-2041
Carlos Menezes;(27) 3334-1100
Marcos Lyrio;(27) 99890-1276
Marcos Lyrio;(27) 3345-0098
Paulo Ferraz;(27) 99945-7810
Paulo Ferraz;(27) 3226-4410
Renata Alves;(27) 99633-9021
Juliana Rocha;(27) 99702-3355
Carlos Menezes;(27) 99811-2041
Carlos Menezes;(27) 3334-1100
Paulo Ferraz;(27) 99945-7810
Paulo Ferraz;(27) 3226-4410
Renata Alves;(27) 99633-9021
Marcos Lyrio;(27) 99890-1276
Marcos Lyrio;(27) 3345-0098
Carlos Menezes;(27) 99811-2041
Carlos Menezes;(27) 3334-1100
Marcos Lyrio;(27) 99890-1276
Marcos Lyrio;(27) 3345-0098
Juliana Rocha;(27) 99702-3355
Paulo Ferraz;(27) 99945-7810
Paulo Ferraz;(27) 3226-4410
Renata Alves;(27) 99633-9021
Carlos Menezes;(27) 99811-2041
Carlos Menezes;(27) 3334-1100
Marcos Lyrio;(27) 99890-1276
Marcos Lyrio;(27) 3345-0098
Paulo Ferraz;(27) 99945-7810
Paulo Ferraz;(27) 3226-4410
Renata Alves;(27) 99633-9021
Carlos Menezes;(27) 99811-2041
Carlos Menezes;(27) 3334-1100
Marcos Lyrio;(27) 99890-1276
Marcos Lyrio;(27) 3345-0098
Juliana Rocha;(27) 99702-3355
Paulo Ferraz;(27) 99945-7810
Paulo Ferraz;(27) 3226-4410
Carlos Menezes;(27) 99811-2041
Carlos Menezes;(27) 3334-1100
Marcos Lyrio;(27) 99890-1276
Marcos Lyrio;(27) 3345-0098
Carlos Menezes;(27) 99811-2041
Carlos Menezes;(27) 3334-1100
Paulo Ferraz;(27) 99945-7810
Paulo Ferraz;(27) 3226-4410
Marcos Lyrio;(27) 99890-1276
Marcos Lyrio;(27) 3345-0098
Juliana Rocha;(27) 99702-3355
Juliana Rocha;(27) 99702-3355
Renata Alves;(27) 99633-9021
Carlos Menezes;(27) 99811-2041
Carlos Menezes;(27) 3334-1100
Marcos Lyrio;(27) 99890-1276
Marcos Lyrio;(27) 3345-0098
Carlos Menezes;(27) 99811-2041
Carlos Menezes;(27) 3334-1100
Renata Alves;(27) 99633-9021
Marcos Lyrio;(27) 99890-1276
Marcos Lyrio;(27) 3345-0098
Carlos Menezes;(27) 99811-2041
Carlos Menezes;(27) 3334-1100
Juliana Rocha;(27) 99702-3355
Marcos Lyrio;(27) 99890-1276
Marcos Lyrio;(27) 3345-0098
Renata Alves;(27) 99633-9021
Paulo Ferraz;(27) 99945-7810
Paulo Ferraz;(27) 3226-4410
Renata Alves;(27) 99633-9021
Carlos Menezes;(27) 99811-2041
Carlos Menezes;(27) 3334-1100
Marcos Lyrio;(27) 99890-1276
Marcos Lyrio;(27) 3345-0098
Juliana Rocha;(27) 99702-3355
Paulo Ferraz;(27) 99945-7810
Paulo Ferraz;(27) 3226-4410
Carlos Menezes;(27) 99811-2041
Carlos Menezes;(27) 3334-1100
Renata Alves;(27) 99633-9021
Marcos Lyrio;(27) 99890-1276
Marcos Lyrio;(27) 3345-0098
Paulo Ferraz;(27) 99945-7810
Paulo Ferraz;(27) 3226-4410
Renata Alves;(27) 99633-9021
Carlos Menezes;(27) 99811-2041
Carlos Menezes;(27) 3334-1100
Marcos Lyrio;(27) 99890-1276
Marcos Lyrio;(27) 3345-0098
Juliana Rocha;(27) 99702-3355
Paulo Ferraz;(27) 99945-7810
Paulo Ferraz;(27) 3226-4410
Renata Alves;(27) 99633-9021
Carlos Menezes;(27) 99811-2041
Carlos Menezes;(27) 3334-1100
Marcos Lyrio;(27) 99890-1276
Marcos Lyrio;(27) 3345-0098
Paulo Ferraz;(27) 99945-7810
Paulo Ferraz;(27) 3226-4410
Fernanda Castro;(27) 99720-4488
Renata Alves;(27) 99633-9021
Marcos Lyrio;(27) 99890-1276
Marcos Lyrio;(27) 3345-0098
Paulo Ferraz;(27) 99945-7810
Paulo Ferraz;(27) 3226-4410
Renata Alves;(27) 99633-9021
Fernanda Castro;(27) 99720-4488
Marcos Lyrio;(27) 99890-1276
Marcos Lyrio;(27) 3345-0098
Paulo Ferraz;(27) 99945-7810
Paulo Ferraz;(27) 3226-4410
Fernanda Castro;(27) 99720-4488
Marcos Lyrio;(27) 99890-1276
Marcos Lyrio;(27) 3345-0098
Juliana Rocha;(27) 99702-3355
Paulo Ferraz;(27) 99945-7810
Paulo Ferraz;(27) 3226-4410
Fernanda Castro;(27) 99720-4488
Marcos Lyrio;(27) 99890-1276
Marcos Lyrio;(27) 3345-0098
Paulo Ferraz;(27) 99945-7810
Paulo Ferraz;(27) 3226-4410
Carlos Menezes;(27) 99811-2041
Carlos Menezes;(27) 3334-1100
Juliana Rocha;(27) 99702-3355
Marcos Lyrio;(27) 99890-1276
Marcos Lyrio;(27) 3345-0098
Juliana Rocha;(27) 99702-3355
Paulo Ferraz;(27) 99945-7810
Paulo Ferraz;(27) 3226-4410
Fernanda Castro;(27) 99720-4488
Marcos Lyrio;(27) 99890-1276
Marcos Lyrio;(27) 3345-0098
Paulo Ferraz;(27) 99945-7810
Paulo Ferraz;(27) 3226-4410
Fernanda Castro;(27) 99720-4488
Juliana Rocha;(27) 99702-3355
Marcos Lyrio;(27) 99890-1276
Marcos Lyrio;(27) 3345-0098
Paulo Ferraz;(27) 99945-7810
Paulo Ferraz;(27) 3226-4410
Fernanda Castro;(27) 99720-4488
Marcos Lyrio;(27) 99890-1276
Marcos Lyrio;(27) 3345-0098
Paulo Ferraz;(27) 99945-7810
Paulo Ferraz;(27) 3226-4410
Carlos Menezes;(27) 99811-2041
Carlos Menezes;(27) 3334-1100
Marcos Lyrio;(27) 99890-1276
Marcos Lyrio;(27) 3345-0098
Juliana Rocha;(27) 99702-3355
Fernanda Castro;(27) 99720-4488
