id_coleta;cnpj;data_coleta;id_bandeira;observacao
1;00345721000133;2026-01-02;4;
2;05349237000104;2026-01-02;6;
3;05609081000145;2026-01-02;6;
4;09369995000137;2026-01-02;3;
5;10223356000148;2026-01-02;4;ver com gerente
6;10331576000195;2026-01-02;4;
7;13602147000101;2026-01-02;4;
8;14509900000173;2026-01-02;3;
9;27303411000102;2026-01-02;4;
10;27303411000374;2026-01-02;1;
11;27664597000710;2026-01-02;4;
12;29937036000188;2026-01-02;3;
13;30578975000162;2026-01-02;4;
14;30690682000172;2026-01-02;4;
15;37361618000197;2026-01-02;3;
16;47674687000104;2026-01-02;2;
17;07470392000100;2026-01-05;5;
18;10197775000152;2026-01-05;2;
19;17375525000104;2026-01-05;1;
20;00762780000298;2026-01-06;6;
21;01514752000133;2026-01-06;6;
22;01823633000162;2026-01-06;4;
23;04228463000166;2026-01-06;2;
24;04361389000151;2026-01-06;1;
25;04361389000232;2026-01-06;1;
26;04960337000100;2026-01-06;3;
27;04994796000104;2026-01-06;6;
28;05393247000139;2026-01-06;1;
29;05738923000169;2026-01-06;5;
30;07571908000102;2026-01-06;6;
31;07830414000197;2026-01-06;5;
32;08788618000170;2026-01-06;5;
33;11222333000343;2026-01-06;3;
34;11222333000424;2026-01-06;3;
35;11942147000117;2026-01-06;1;
36;12535572000154;2026-01-06;4;
37;14806977000105;2026-01-06;4;
38;16577742000114;2026-01-06;6;
39;22356015000120;2026-01-06;4;
40;26980450000181;2026-01-06;6;
41;27066273000276;2026-01-06;3;
42;27493675000176;2026-01-06;3;
43;27664597000630;2026-01-06;1;ATUALIZAR!!
44;27664597000982;2026-01-06;4;
45;27734094000189;2026-01-06;5;
46;28059632000140;2026-01-06;5;
47;28413219000131;2026-01-06;6;
48;31465040000132;2026-01-06;4;
49;47674687000104;2026-01-06;2;
50;00580488000173;2026-01-07;4;preco conferido por telefone
51;01496517000186;2026-01-07;6;
52;01557127000179;2026-01-07;6;
53;02582857000192;2026-01-07;2;
54;04145589001149;2026-01-07;3;
55;04850382000101;2026-01-07;6;
56;05609081000145;2026-01-07;6;
57;05892261000187;2026-01-07;6;
58;06073382000160;2026-01-07;3;
59;09167931000153;2026-01-07;4;
60;09369995000137;2026-01-07;3;promo fim de semana?
61;10223356000148;2026-01-07;4;
62;10331576000195;2026-01-07;4;
63;10569345000114;2026-01-07;6;
64;11222333000181;2026-01-07;3;
65;11222333000505;2026-01-07;3;
66;13602147000101;2026-01-07;4;
67;13814642000176;2026-01-07;5;
68;14509900000173;2026-01-07;3;
69;15010530000198;2026-01-07;5;
70;15226314000184;2026-01-07;3;
71;23314250000100;2026-01-07;3;
72;24145665000151;2026-01-07;2;
73;27016518000170;2026-01-07;1;
74;27303411000374;2026-01-07;1;
75;27394378000173;2026-01-07;4;
76;27396415000182;2026-01-07;6;
77;27664597000710;2026-01-07;4;
78;27926384000124;2026-01-07;4;
79;28344206000158;2026-01-07;3;
80;29937036000188;2026-01-07;3;
81;30578975000162;2026-01-07;4;promo fim de semana?
82;36004950000131;2026-01-07;4;
83;36751443000161;2026-01-07;1;
84;37361618000197;2026-01-07;3;
85;42176421000118;2026-01-07;4;
86;45543915004683;2026-01-07;3;
87;01283262000173;2026-01-08;3;
88;01503536000192;2026-01-08;6;preco conferido por telefone
89;02583872000155;2026-01-08;6;
90;02665124000111;2026-01-08;5;
91;02802986000149;2026-01-08;2;
92;03408609000192;2026-01-08;4;
93;03948877000369;2026-01-08;1;
94;04411606000170;2026-01-08;3;
95;04814652000110;2026-01-08;6;
96;05349237000104;2026-01-08;6;
97;05791319000104;2026-01-08;6;
98;07381843000124;2026-01-08;3;
99;08519545000110;2026-01-08;6;
100;08971375000100;2026-01-08;4;
101;09076862000172;2026-01-08;6;
102;10813831000136;2026-01-08;5;
103;14096313000108;2026-01-08;5;
104;20246670000108;2026-01-08;3;
105;20863591000138;2026-01-08;6;
106;21931941000119;2026-01-08;4;preco conferido por telefone
107;23238396000105;2026-01-08;2;
108;27020445000190;2026-01-08;6;
109;27020445000513;2026-01-08;6;preco conferido por telefone
110;27124023000164;2026-01-08;3;
111;27179654000342;2026-01-08;2;
112;27303411000102;2026-01-08;4;
113;27316819000119;2026-01-08;5;
114;28505616000133;2026-01-08;6;
115;31284466000190;2026-01-08;5;
116;32248017000159;2026-01-08;4;
117;36411940000200;2026-01-08;6;
118;39281274000131;2026-01-08;6;
119;01514752000133;2026-01-12;6;
120;01557127000179;2026-01-12;6;conferir bandeira
121;02567214000170;2026-01-12;4;
122;02802986000149;2026-01-12;2;ver com gerente
123;04228463000166;2026-01-12;2;
124;04960337000100;2026-01-12;3;
125;08788618000170;2026-01-12;5;
126;09076862000172;2026-01-12;6;
127;09167931000153;2026-01-12;4;
128;11222333000262;2026-01-12;3;
129;11222333000343;2026-01-12;3;
130;11942147000117;2026-01-12;1;
131;14096313000108;2026-01-12;5;
132;14806977000105;2026-01-12;4;preco conferido por telefone
133;15010530000198;2026-01-12;5;
134;16577742000114;2026-01-12;6;
135;17753176000117;2026-01-12;1;
136;21246940000135;2026-01-12;6;
137;23238396000105;2026-01-12;2;
138;27020445000190;2026-01-12;6;
139;27020445000513;2026-01-12;6;
140;27066273000276;2026-01-12;3;
141;27316819000119;2026-01-12;5;
142;28059632000140;2026-01-12;5;
143;32248017000159;2026-01-12;4;
144;32467417000155;2026-01-12;6;
145;36336386000154;2026-01-12;4;
146;01823633000162;2026-01-13;4;
147;04361389000151;2026-01-13;1;
148;05738923000169;2026-01-13;5;
149;12535572000154;2026-01-13;4;
150;22356015000120;2026-01-13;4;
151;00762780000298;2026-01-14;6;
152;01496517000186;2026-01-14;6;
153;01503536000192;2026-01-14;6;
154;04145589001149;2026-01-14;3;
155;04361389000232;2026-01-14;1;
156;04994796000104;2026-01-14;6;
157;05393247000139;2026-01-14;1;
158;07571908000102;2026-01-14;6;
159;08022304000161;2026-01-14;3;
160;10569345000114;2026-01-14;6;
161;11222333000424;2026-01-14;3;
162;26058218000190;2026-01-14;4;
163;26980450000181;2026-01-14;6;
164;27025907000161;2026-01-14;1;
165;27664597000630;2026-01-14;1;
166;27664597000982;2026-01-14;4;
167;27664597001288;2026-01-14;4;
168;27734094000189;2026-01-14;5;
169;28037679000102;2026-01-14;5;
170;31465040000132;2026-01-14;4;
171;34387806000104;2026-01-14;1;
172;00345721000133;2026-01-15;4;
173;00580488000173;2026-01-15;4;
174;02582857000192;2026-01-15;2;
175;03948877000369;2026-01-15;1;
176;04814652000110;2026-01-15;6;
177;05349237000104;2026-01-15;6;
178;05609081000145;2026-01-15;6;
179;05791319000104;2026-01-15;6;
180;07381843000124;2026-01-15;3;
181;08519545000110;2026-01-15;6;
182;08971375000100;2026-01-15;4;
183;09369995000137;2026-01-15;3;
184;10223356000148;2026-01-15;4;
185;10331576000195;2026-01-15;4;
186;10813831000136;2026-01-15;5;
187;11222333000181;2026-01-15;3;
188;11222333000505;2026-01-15;3;
189;13602147000101;2026-01-15;4;
190;13814642000176;2026-01-15;5;
191;14509900000173;2026-01-15;3;
192;15226314000184;2026-01-15;3;
193;20246670000108;2026-01-15;3;
194;24145665000151;2026-01-15;2;
195;27016518000170;2026-01-15;1;
196;27085240000192;2026-01-15;1;
197;27303411000102;2026-01-15;4;
198;27303411000374;2026-01-15;1;
199;27394378000173;2026-01-15;4;ATUALIZAR!!
200;27396415000182;2026-01-15;6;
201;27664597000710;2026-01-15;4;promo fim de semana?
202;27926384000124;2026-01-15;4;
203;28344206000158;2026-01-15;3;
204;29937036000188;2026-01-15;3;
205;30578975000162;2026-01-15;4;
206;30869047000157;2026-01-15;3;
207;36751443000161;2026-01-15;1;
208;37361618000197;2026-01-15;3;
209;00580488000173;2026-01-19;4;
210;02582857000192;2026-01-19;2;
211;04850382000101;2026-01-19;6;
212;05892261000187;2026-01-19;6;
213;06073382000160;2026-01-19;3;
214;11222333000181;2026-01-19;3;
215;11222333000505;2026-01-19;3;
216;13814642000176;2026-01-19;5;
217;15010530000198;2026-01-19;5;
218;15226314000184;2026-01-19;3;
219;17753176000117;2026-01-19;1;
220;18366697000184;2026-01-19;6;
221;23314250000100;2026-01-19;3;
222;24145665000151;2026-01-19;2;
223;27016518000170;2026-01-19;1;
224;27394378000173;2026-01-19;4;
225;27396415000182;2026-01-19;6;
226;27926384000124;2026-01-19;4;
227;28344206000158;2026-01-19;3;
228;34765133000170;2026-01-19;4;preco conferido por telefone
229;36004950000131;2026-01-19;4;
230;36336386000154;2026-01-19;4;
231;38530950000109;2026-01-19;3;
232;42176421000118;2026-01-19;4;
233;45543915004683;2026-01-19;3;
234;01514752000133;2026-01-20;6;
235;01823633000162;2026-01-20;4;
236;02567214000170;2026-01-20;4;
237;04228463000166;2026-01-20;2;
238;04361389000232;2026-01-20;1;
239;04960337000100;2026-01-20;3;
240;04994796000104;2026-01-20;6;
241;05393247000139;2026-01-20;1;
242;07470392000100;2026-01-20;5;
243;07571908000102;2026-01-20;6;
244;08788618000170;2026-01-20;5;
245;10197775000152;2026-01-20;2;
246;11222333000343;2026-01-20;3;
247;11222333000424;2026-01-20;3;
248;11942147000117;2026-01-20;1;
249;14806977000105;2026-01-20;4;
250;16577742000114;2026-01-20;6;
251;17375525000104;2026-01-20;1;
252;23305603000105;2026-01-20;6;
253;26058218000190;2026-01-20;4;
254;26980450000181;2026-01-20;6;
255;27025907000161;2026-01-20;1;
256;27066273000276;2026-01-20;3;
257;27664597001288;2026-01-20;4;
258;27734094000189;2026-01-20;5;
259;28037679000102;2026-01-20;5;
260;28059632000140;2026-01-20;5;
261;00345721000133;2026-01-21;4;
262;09369995000137;2026-01-21;3;
263;29937036000188;2026-01-21;3;
264;30869047000157;2026-01-21;3;
265;01496517000186;2026-01-22;6;preco conferido por telefone
266;02468894000174;2026-01-22;6;
267;02802986000149;2026-01-22;2;
268;05609081000145;2026-01-22;6;
269;09076862000172;2026-01-22;6;
270;10223356000148;2026-01-22;4;
271;10331576000195;2026-01-22;4;
272;10813831000136;2026-01-22;5;
273;14096313000108;2026-01-22;5;
274;14509900000173;2026-01-22;3;
275;20246670000108;2026-01-22;3;
276;23238396000105;2026-01-22;2;
277;27020445000190;2026-01-22;6;
278;27020445000513;2026-01-22;6;
279;27085240000192;2026-01-22;1;
280;27316819000119;2026-01-22;5;
281;27495696000120;2026-01-22;4;
282;27664597000710;2026-01-22;4;
283;30578975000162;2026-01-22;4;
284;32248017000159;2026-01-22;4;
285;00762780000298;2026-01-23;6;
286;01503536000192;2026-01-23;6;
287;03948877000369;2026-01-23;1;
288;08971375000100;2026-01-23;4;
289;27352004000195;2026-01-23;6;
290;27493675000176;2026-01-23;3;
291;27664597000630;2026-01-23;1;preco conferido por telefone
292;27664597000982;2026-01-23;4;
293;30538318000191;2026-01-23;5;
294;36411940000200;2026-01-23;6;
295;47674687000104;2026-01-23;2;
296;01496517000186;2026-01-26;6;
297;01557127000179;2026-01-26;6;
298;02802986000149;2026-01-26;2;
299;07470392000100;2026-01-26;5;
300;09076862000172;2026-01-26;6;
301;10197775000152;2026-01-26;2;
302;11222333000262;2026-01-26;3;
303;14096313000108;2026-01-26;5;
304;15010530000198;2026-01-26;5;
305;17375525000104;2026-01-26;1;
306;17753176000117;2026-01-26;1;
307;23238396000105;2026-01-26;2;
308;27020445000190;2026-01-26;6;
309;27020445000513;2026-01-26;6;
310;27316819000119;2026-01-26;5;
311;32248017000159;2026-01-26;4;
312;00580488000173;2026-01-27;4;
313;01823633000162;2026-01-27;4;
314;02567214000170;2026-01-27;4;
315;02582857000192;2026-01-27;2;
316;04228463000166;2026-01-27;2;
317;04361389000151;2026-01-27;1;
318;04361389000232;2026-01-27;1;
319;04960337000100;2026-01-27;3;
320;04994796000104;2026-01-27;6;
321;05393247000139;2026-01-27;1;
322;05738923000169;2026-01-27;5;
323;05892261000187;2026-01-27;6;
324;06073382000160;2026-01-27;3;conferir bandeira
325;07571908000102;2026-01-27;6;
326;07830414000197;2026-01-27;5;
327;08022304000161;2026-01-27;4;
328;08788618000170;2026-01-27;5;
329;09167931000153;2026-01-27;4;
330;10569345000114;2026-01-27;6;
331;10813831000136;2026-01-27;5;
332;11222333000181;2026-01-27;3;
333;11222333000343;2026-01-27;3;
334;11222333000424;2026-01-27;3;
335;11222333000505;2026-01-27;3;
336;11942147000117;2026-01-27;1;
337;12535572000154;2026-01-27;4;
338;13814642000176;2026-01-27;5;
339;15226314000184;2026-01-27;3;
340;18366697000184;2026-01-27;6;
341;21246940000135;2026-01-27;6;
342;22356015000120;2026-01-27;4;
343;24145665000151;2026-01-27;2;
344;26980450000181;2026-01-27;6;
345;27016518000170;2026-01-27;1;
346;27394378000173;2026-01-27;4;
347;27396415000182;2026-01-27;6;
348;27664597000710;2026-01-27;4;
349;27734094000189;2026-01-27;5;
350;27926384000124;2026-01-27;4;
351;28344206000158;2026-01-27;3;
352;28413219000131;2026-01-27;6;
353;30869047000157;2026-01-27;3;ver com gerente
354;36751443000161;2026-01-27;1;
355;01503536000192;2026-01-28;6;
356;04145589001149;2026-01-28;3;
357;09369995000137;2026-01-28;3;
358;14806977000105;2026-01-28;4;
359;27066273000276;2026-01-28;3;
360;28059632000140;2026-01-28;5;
361;28761038000104;2026-01-28;6;
362;29937036000188;2026-01-28;3;
363;31465040000132;2026-01-28;4;promo fim de semana?
364;03948877000369;2026-01-29;1;
365;04814652000110;2026-01-29;6;
366;05349237000104;2026-01-29;6;
367;05609081000145;2026-01-29;6;
368;07381843000124;2026-01-29;3;
369;08519545000110;2026-01-29;6;
370;08971375000100;2026-01-29;4;
371;10223356000148;2026-01-29;4;
372;10331576000195;2026-01-29;4;conferir bandeira
373;13602147000101;2026-01-29;4;
374;14509900000173;2026-01-29;3;
375;20246670000108;2026-01-29;3;
376;27085240000192;2026-01-29;1;
377;27303411000374;2026-01-29;1;
378;30578975000162;2026-01-29;4;
379;37361618000197;2026-01-29;3;
380;39814835000110;2026-01-29;6;
381;01514752000133;2026-02-02;6;
382;01823633000162;2026-02-02;4;
383;02567214000170;2026-02-02;4;
384;04145589001149;2026-02-02;3;
385;04228463000166;2026-02-02;2;
386;04361389000151;2026-02-02;1;
387;04960337000100;2026-02-02;3;
388;05738923000169;2026-02-02;5;
389;09167931000153;2026-02-02;4;
390;11942147000117;2026-02-02;1;
391;12535572000154;2026-02-02;4;
392;22356015000120;2026-02-02;4;
393;28059632000140;2026-02-02;5;
394;28413219000131;2026-02-02;6;
395;36309276000101;2026-02-02;6;
396;01496517000186;2026-02-03;6;
397;01557127000179;2026-02-03;6;
398;04361389000232;2026-02-03;1;
399;04994796000104;2026-02-03;6;
400;05393247000139;2026-02-03;1;
401;07470392000100;2026-02-03;5;
402;07571908000102;2026-02-03;6;
403;10197775000152;2026-02-03;2;
404;14509900000173;2026-02-03;3;
405;15010530000198;2026-02-03;5;
406;16577742000114;2026-02-03;6;
407;17375525000104;2026-02-03;1;
408;17753176000117;2026-02-03;1;
409;21246940000135;2026-02-03;6;
410;23305603000105;2026-02-03;6;
411;29326587000105;2026-02-03;6;
412;32311728000120;2026-02-03;2;
413;33869754000131;2026-02-03;5;
414;35798964000101;2026-02-03;3;
415;39383880000168;2026-02-03;6;
416;01503536000192;2026-02-04;6;
417;04850382000101;2026-02-04;6;
418;05609081000145;2026-02-04;6;
419;08022304000161;2026-02-04;4;
420;10331576000195;2026-02-04;4;
421;10569345000114;2026-02-04;6;
422;13602147000101;2026-02-04;4;
423;23314250000100;2026-02-04;3;ver com gerente
424;00580488000173;2026-02-05;4;
425;02582857000192;2026-02-05;2;
426;02802986000149;2026-02-05;2;
427;05349237000104;2026-02-05;6;ATUALIZAR!!
428;05892261000187;2026-02-05;6;
429;06073382000160;2026-02-05;3;
430;09076862000172;2026-02-05;6;
431;10223356000148;2026-02-05;4;
432;10813831000136;2026-02-05;5;
433;11222333000181;2026-02-05;3;
434;11222333000505;2026-02-05;3;
435;13814642000176;2026-02-05;5;
436;14096313000108;2026-02-05;5;
437;15226314000184;2026-02-05;3;
438;18366697000184;2026-02-05;6;
439;23238396000105;2026-02-05;2;
440;24145665000151;2026-02-05;2;
441;27016518000170;2026-02-05;1;
442;27020445000190;2026-02-05;6;
443;27020445000513;2026-02-05;6;
444;27303411000102;2026-02-05;4;
445;27303411000374;2026-02-05;1;
446;27316819000119;2026-02-05;5;
447;27394378000173;2026-02-05;4;
448;27396415000182;2026-02-05;6;
449;27664597000710;2026-02-05;4;
450;27926384000124;2026-02-05;4;
451;28344206000158;2026-02-05;3;conferir bandeira
452;30578975000162;2026-02-05;4;
453;30869047000157;2026-02-05;3;
454;32248017000159;2026-02-05;4;conferir bandeira
455;36751443000161;2026-02-05;1;
456;37361618000197;2026-02-05;3;
457;01503536000192;2026-02-09;6;
458;01557127000179;2026-02-09;6;
459;02802986000149;2026-02-09;2;
460;04960337000100;2026-02-09;3;
461;08022304000161;2026-02-09;4;
462;09076862000172;2026-02-09;6;ATUALIZAR!!
463;10569345000114;2026-02-09;6;
464;11222333000262;2026-02-09;3;
465;14096313000108;2026-02-09;5;
466;15010530000198;2026-02-09;5;
467;17753176000117;2026-02-09;1;
468;23238396000105;2026-02-09;2;
469;27020445000190;2026-02-09;6;
470;27020445000513;2026-02-09;6;
471;27316819000119;2026-02-09;5;
472;32248017000159;2026-02-09;4;
473;36336386000154;2026-02-09;4;
474;39343553000182;2026-02-09;2;
475;45543915004683;2026-02-09;3;
476;00345721000133;2026-02-10;4;
477;01496517000186;2026-02-10;6;
478;01823633000162;2026-02-10;4;
479;02567214000170;2026-02-10;4;
480;04228463000166;2026-02-10;2;
481;04361389000151;2026-02-10;1;
482;05349237000104;2026-02-10;6;
483;05738923000169;2026-02-10;5;
484;08788618000170;2026-02-10;5;
485;09167931000153;2026-02-10;4;
486;11222333000343;2026-02-10;3;
487;11942147000117;2026-02-10;1;
488;12535572000154;2026-02-10;4;
489;13602147000101;2026-02-10;4;
490;14509900000173;2026-02-10;3;
491;14806977000105;2026-02-10;4;
492;16577742000114;2026-02-10;6;
493;21246940000135;2026-02-10;6;
494;22356015000120;2026-02-10;4;
495;27066273000276;2026-02-10;3;
496;27303411000102;2026-02-10;4;
497;28059632000140;2026-02-10;5;
498;28413219000131;2026-02-10;6;
499;32467417000155;2026-02-10;6;
500;39383377000102;2026-02-10;3;
501;04361389000232;2026-02-11;1;
502;04994796000104;2026-02-11;6;
503;05393247000139;2026-02-11;1;
504;07470392000100;2026-02-11;5;
505;07571908000102;2026-02-11;6;
506;07830414000197;2026-02-11;5;
507;10197775000152;2026-02-11;2;
508;10813831000136;2026-02-11;5;
509;11222333000424;2026-02-11;3;
510;17375525000104;2026-02-11;1;
511;26980450000181;2026-02-11;6;
512;27734094000189;2026-02-11;5;
513;00580488000173;2026-02-12;4;
514;02582857000192;2026-02-12;2;
515;02583872000155;2026-02-12;6;
516;04411606000170;2026-02-12;3;
517;05791319000104;2026-02-12;6;
518;08519545000110;2026-02-12;6;
519;08971375000100;2026-02-12;4;
520;11222333000181;2026-02-12;3;
521;11222333000505;2026-02-12;3;
522;13814642000176;2026-02-12;5;
523;15226314000184;2026-02-12;3;
524;20246670000108;2026-02-12;3;
525;21931941000119;2026-02-12;4;
526;27085240000192;2026-02-12;1;
527;27124023000164;2026-02-12;3;conferir bandeira
528;27352004000195;2026-02-12;6;
529;27926384000124;2026-02-12;4;
530;29986296000143;2026-02-12;5;
531;31815194000107;2026-02-12;3;
532;38023401000130;2026-02-12;1;
533;39275615000166;2026-02-12;3;
534;39277771000166;2026-02-12;5;
535;02806627000160;2026-02-13;5;
536;05609081000145;2026-02-13;6;
537;10223356000148;2026-02-13;4;
538;10331576000195;2026-02-13;4;
539;18526631000104;2026-02-13;5;
540;00345721000133;2026-02-16;4;
541;01557127000179;2026-02-16;6;
542;01823633000162;2026-02-16;4;
543;03348196000106;2026-02-16;6;
544;04361389000151;2026-02-16;1;
545;05738923000169;2026-02-16;5;
546;08022304000161;2026-02-16;4;
547;09167931000153;2026-02-16;4;
548;10569345000114;2026-02-16;6;
549;12535572000154;2026-02-16;4;
550;17753176000117;2026-02-16;1;
551;22356015000120;2026-02-16;4;
552;27664597000710;2026-02-16;4;
553;30690682000172;2026-02-16;4;
554;30869047000157;2026-02-16;3;
555;31727338000173;2026-02-16;5;
556;36751443000161;2026-02-16;1;
557;39343553000182;2026-02-16;2;
558;47674687000104;2026-02-16;2;
559;01496517000186;2026-02-17;6;
560;01514752000133;2026-02-17;6;
561;02567214000170;2026-02-17;4;
562;04228463000166;2026-02-17;2;conferir bandeira
563;04361389000232;2026-02-17;1;
564;04960337000100;2026-02-17;3;
565;04994796000104;2026-02-17;6;
566;05393247000139;2026-02-17;1;
567;07830414000197;2026-02-17;5;
568;08788618000170;2026-02-17;5;
569;11222333000343;2026-02-17;3;
570;11222333000424;2026-02-17;3;
571;11942147000117;2026-02-17;1;
572;14806977000105;2026-02-17;4;
573;26058218000190;2026-02-17;4;
574;26980450000181;2026-02-17;6;
575;27664597001288;2026-02-17;4;
576;29937036000188;2026-02-17;3;
577;33869754000131;2026-02-17;5;
578;38530950000109;2026-02-17;3;
579;39383880000168;2026-02-17;6;
580;39400494000137;2026-02-17;6;
581;02802986000149;2026-02-18;2;
582;02806627000160;2026-02-18;5;
583;04145589001149;2026-02-18;3;
584;05609081000145;2026-02-18;6;conferir bandeira
585;09076862000172;2026-02-18;6;
586;10223356000148;2026-02-18;4;
587;10331576000195;2026-02-18;4;
588;13602147000101;2026-02-18;4;
589;14096313000108;2026-02-18;5;
590;14509900000173;2026-02-18;3;ver com gerente
591;15010530000198;2026-02-18;5;
592;18526631000104;2026-02-18;5;
593;27020445000190;2026-02-18;6;
594;27020445000513;2026-02-18;6;
595;27316819000119;2026-02-18;5;
596;30578975000162;2026-02-18;4;
597;32248017000159;2026-02-18;4;
598;34034823000150;2026-02-18;4;
599;36675989000180;2026-02-18;3;
600;01503536000192;2026-02-19;6;
601;03948877000369;2026-02-19;1;
602;04814652000110;2026-02-19;6;
603;04850382000101;2026-02-19;6;
604;05349237000104;2026-02-19;6;
605;07381843000124;2026-02-19;3;
606;07470392000100;2026-02-19;5;
607;08519545000110;2026-02-19;6;
608;08971375000100;2026-02-19;4;
609;10813831000136;2026-02-19;5;
610;27303411000102;2026-02-19;4;
611;37361618000197;2026-02-19;3;
612;39814835000110;2026-02-19;6;
613;00580488000173;2026-02-20;4;
614;02582857000192;2026-02-20;2;
615;05892261000187;2026-02-20;6;
616;06073382000160;2026-02-20;3;
617;11222333000181;2026-02-20;3;
618;11222333000505;2026-02-20;3;
619;15226314000184;2026-02-20;3;
620;18366697000184;2026-02-20;6;
621;24145665000151;2026-02-20;2;
622;27016518000170;2026-02-20;1;
623;27394378000173;2026-02-20;4;
624;27396415000182;2026-02-20;6;
625;27926384000124;2026-02-20;4;
626;28344206000158;2026-02-20;3;
627;29986296000143;2026-02-20;5;
628;01823633000162;2026-02-23;4;
629;02567214000170;2026-02-23;4;
630;02802986000149;2026-02-23;2;
631;04228463000166;2026-02-23;2;
632;07470392000100;2026-02-23;5;
633;07571908000102;2026-02-23;6;
634;08788618000170;2026-02-23;5;
635;09076862000172;2026-02-23;6;
636;10197775000152;2026-02-23;2;
637;11222333000262;2026-02-23;3;
638;11222333000343;2026-02-23;3;
639;11942147000117;2026-02-23;1;
640;14096313000108;2026-02-23;5;
641;14806977000105;2026-02-23;4;
642;15010530000198;2026-02-23;5;
643;17375525000104;2026-02-23;1;
644;17753176000117;2026-02-23;1;preco conferido por telefone
645;23238396000105;2026-02-23;2;
646;23305603000105;2026-02-23;6;
647;26980450000181;2026-02-23;6;
648;27020445000190;2026-02-23;6;
649;27020445000513;2026-02-23;6;
650;27066273000276;2026-02-23;3;
651;27316819000119;2026-02-23;5;
652;27734094000189;2026-02-23;5;
653;28059632000140;2026-02-23;5;
654;28413219000131;2026-02-23;6;
655;28761038000104;2026-02-23;6;
656;29326587000105;2026-02-23;6;
657;32248017000159;2026-02-23;4;
658;01503536000192;2026-02-24;6;
659;04145589001149;2026-02-24;3;
660;04361389000151;2026-02-24;1;
661;04361389000232;2026-02-24;1;
662;04994796000104;2026-02-24;6;
663;05393247000139;2026-02-24;1;
664;05738923000169;2026-02-24;5;
665;07830414000197;2026-02-24;5;
666;08022304000161;2026-02-24;4;
667;10569345000114;2026-02-24;6;
668;12535572000154;2026-02-24;4;ATUALIZAR!!
669;13602147000101;2026-02-24;4;
670;22356015000120;2026-02-24;4;
671;31465040000132;2026-02-24;4;
672;32467417000155;2026-02-24;6;
673;00580488000173;2026-02-25;4;
674;05892261000187;2026-02-25;6;
675;06073382000160;2026-02-25;3;
676;10813831000136;2026-02-25;5;ver com gerente
677;11222333000181;2026-02-25;3;
678;11222333000505;2026-02-25;3;
679;13814642000176;2026-02-25;5;conferir bandeira
680;15226314000184;2026-02-25;3;
681;18366697000184;2026-02-25;6;
682;24145665000151;2026-02-25;2;
683;27016518000170;2026-02-25;1;
684;27303411000374;2026-02-25;1;
685;27394378000173;2026-02-25;4;
686;27396415000182;2026-02-25;6;
687;27926384000124;2026-02-25;4;
688;28344206000158;2026-02-25;3;
689;29986296000143;2026-02-25;5;
690;37361618000197;2026-02-25;3;
691;03948877000369;2026-02-26;1;
692;04814652000110;2026-02-26;6;
693;04850382000101;2026-02-26;6;
694;05791319000104;2026-02-26;6;
695;07381843000124;2026-02-26;3;
696;08519545000110;2026-02-26;6;
697;08971375000100;2026-02-26;4;
698;14509900000173;2026-02-26;3;
699;20246670000108;2026-02-26;3;
700;21246940000135;2026-02-26;6;
701;23314250000100;2026-02-26;3;
702;27085240000192;2026-02-26;1;
703;09369995000137;2026-02-27;3;
704;30869047000157;2026-02-27;3;
705;00580488000173;2026-03-02;4;
706;01514752000133;2026-03-02;6;
707;01823633000162;2026-03-02;4;
708;02567214000170;2026-03-02;4;
709;02582857000192;2026-03-02;2;
710;04228463000166;2026-03-02;2;
711;04361389000151;2026-03-02;1;
712;04960337000100;2026-03-02;3;
713;05738923000169;2026-03-02;5;
714;05892261000187;2026-03-02;6;
715;06073382000160;2026-03-02;3;
716;07571908000102;2026-03-02;6;
717;08788618000170;2026-03-02;5;
718;10813831000136;2026-03-02;5;
719;11222333000181;2026-03-02;3;
720;11222333000343;2026-03-02;3;
721;11222333000505;2026-03-02;3;
722;12535572000154;2026-03-02;4;
723;13814642000176;2026-03-02;5;
724;14806977000105;2026-03-02;4;
725;15226314000184;2026-03-02;3;
726;16577742000114;2026-03-02;6;
727;18366697000184;2026-03-02;6;
728;22356015000120;2026-03-02;4;
729;24145665000151;2026-03-02;2;
730;26980450000181;2026-03-02;6;
731;27016518000170;2026-03-02;1;
732;27025907000161;2026-03-02;1;
733;27394378000173;2026-03-02;4;
734;27396415000182;2026-03-02;6;
735;27664597001288;2026-03-02;4;
736;27734094000189;2026-03-02;5;
737;27926384000124;2026-03-02;4;
738;28037679000102;2026-03-02;5;
739;28344206000158;2026-03-02;3;
740;28413219000131;2026-03-02;6;
741;28761038000104;2026-03-02;6;
742;31727338000173;2026-03-02;5;
743;36336386000154;2026-03-02;4;
744;38530950000109;2026-03-02;3;
745;45543915004683;2026-03-02;3;
746;03948877000369;2026-03-03;1;
747;04145589001149;2026-03-03;3;
748;04361389000232;2026-03-03;1;
749;04814652000110;2026-03-03;6;
750;04994796000104;2026-03-03;6;
751;05393247000139;2026-03-03;1;
752;05791319000104;2026-03-03;6;
753;07381843000124;2026-03-03;3;
754;08022304000161;2026-03-03;4;
755;08519545000110;2026-03-03;6;
756;08971375000100;2026-03-03;4;
757;10569345000114;2026-03-03;6;conferir bandeira
758;20246670000108;2026-03-03;3;
759;26058218000190;2026-03-03;4;
760;27085240000192;2026-03-03;1;
761;31465040000132;2026-03-03;4;
762;34387806000104;2026-03-03;1;
763;36675989000180;2026-03-03;3;
764;39383377000102;2026-03-03;3;
765;01283262000173;2026-03-04;3;
766;05609081000145;2026-03-04;6;
767;10223356000148;2026-03-04;4;
768;10331576000195;2026-03-04;4;
769;13602147000101;2026-03-04;4;
770;14509900000173;2026-03-04;3;
771;21931941000119;2026-03-04;4;
772;27179654000342;2026-03-04;2;
773;30578975000162;2026-03-04;4;
774;31284466000190;2026-03-04;5;
775;01557127000179;2026-03-05;6;
776;05349237000104;2026-03-05;6;
777;09076862000172;2026-03-05;6;
778;11222333000262;2026-03-05;3;
779;14096313000108;2026-03-05;5;
780;15010530000198;2026-03-05;5;
781;23238396000105;2026-03-05;2;
782;27020445000190;2026-03-05;6;
783;27020445000513;2026-03-05;6;
784;27303411000102;2026-03-05;4;
785;27303411000374;2026-03-05;1;
786;27316819000119;2026-03-05;5;
787;32248017000159;2026-03-05;4;
788;34034823000150;2026-03-05;4;
789;37361618000197;2026-03-05;3;
790;01496517000186;2026-03-09;6;
791;01514752000133;2026-03-09;6;promo fim de semana?
792;01557127000179;2026-03-09;6;promo fim de semana?
793;02567214000170;2026-03-09;4;
794;02802986000149;2026-03-09;2;
795;04228463000166;2026-03-09;2;
796;04960337000100;2026-03-09;3;
797;07470392000100;2026-03-09;5;
798;07571908000102;2026-03-09;6;
799;08788618000170;2026-03-09;5;
800;09076862000172;2026-03-09;6;
801;10197775000152;2026-03-09;2;
802;11222333000262;2026-03-09;3;
803;11942147000117;2026-03-09;1;
804;14096313000108;2026-03-09;5;
805;14806977000105;2026-03-09;4;
806;16577742000114;2026-03-09;6;
807;17375525000104;2026-03-09;1;preco conferido por telefone
808;23238396000105;2026-03-09;2;
809;23305603000105;2026-03-09;6;
810;26980450000181;2026-03-09;6;
811;27020445000190;2026-03-09;6;
812;27020445000513;2026-03-09;6;
813;27066273000276;2026-03-09;3;
814;27316819000119;2026-03-09;5;
815;27734094000189;2026-03-09;5;
816;28059632000140;2026-03-09;5;
817;28413219000131;2026-03-09;6;
818;32248017000159;2026-03-09;4;
819;36336386000154;2026-03-09;4;
820;38530950000109;2026-03-09;3;
821;45543915004683;2026-03-09;3;
822;01823633000162;2026-03-10;4;
823;04361389000151;2026-03-10;1;
824;04361389000232;2026-03-10;1;
825;04994796000104;2026-03-10;6;
826;05393247000139;2026-03-10;1;
827;05738923000169;2026-03-10;5;
828;11222333000424;2026-03-10;3;
829;12535572000154;2026-03-10;4;
830;22356015000120;2026-03-10;4;
831;10813831000136;2026-03-11;5;
832;15010530000198;2026-03-11;5;
833;17753176000117;2026-03-11;1;
834;21246940000135;2026-03-11;6;
835;00580488000173;2026-03-12;4;
836;02582857000192;2026-03-12;2;
837;03948877000369;2026-03-12;1;
838;04814652000110;2026-03-12;6;
839;05791319000104;2026-03-12;6;
840;05892261000187;2026-03-12;6;
841;06073382000160;2026-03-12;3;
842;07381843000124;2026-03-12;3;
843;08022304000161;2026-03-12;4;
844;08519545000110;2026-03-12;6;
845;08971375000100;2026-03-12;4;
846;11222333000181;2026-03-12;3;
847;11222333000505;2026-03-12;3;
848;13814642000176;2026-03-12;5;
849;15226314000184;2026-03-12;3;
850;20246670000108;2026-03-12;3;
851;24145665000151;2026-03-12;2;
852;27016518000170;2026-03-12;1;
853;27085240000192;2026-03-12;1;
854;27394378000173;2026-03-12;4;
855;27396415000182;2026-03-12;6;
856;27926384000124;2026-03-12;4;
857;28344206000158;2026-03-12;3;
858;01503536000192;2026-03-13;6;
859;04145589001149;2026-03-13;3;
860;04850382000101;2026-03-13;6;
861;01496517000186;2026-03-16;6;
862;01514752000133;2026-03-16;6;
863;01557127000179;2026-03-16;6;
864;01823633000162;2026-03-16;4;
865;02567214000170;2026-03-16;4;
866;03948877000369;2026-03-16;1;
867;04361389000151;2026-03-16;1;
868;04814652000110;2026-03-16;6;
869;04960337000100;2026-03-16;3;
870;05738923000169;2026-03-16;5;
871;07381843000124;2026-03-16;3;
872;07571908000102;2026-03-16;6;ATUALIZAR!!
873;08519545000110;2026-03-16;6;
874;08788618000170;2026-03-16;5;
875;08971375000100;2026-03-16;4;
876;11942147000117;2026-03-16;1;
877;12535572000154;2026-03-16;4;
878;14806977000105;2026-03-16;4;
879;15010530000198;2026-03-16;5;
880;16577742000114;2026-03-16;6;
881;17753176000117;2026-03-16;1;
882;20246670000108;2026-03-16;3;
883;22356015000120;2026-03-16;4;
884;26980450000181;2026-03-16;6;
885;27066273000276;2026-03-16;3;
886;27085240000192;2026-03-16;1;
887;27352004000195;2026-03-16;6;
888;27734094000189;2026-03-16;5;ATUALIZAR!!
889;28059632000140;2026-03-16;5;
890;28413219000131;2026-03-16;6;
891;29326587000105;2026-03-16;6;
892;00580488000173;2026-03-17;4;
893;01503536000192;2026-03-17;6;
894;02582857000192;2026-03-17;2;
895;04361389000232;2026-03-17;1;
896;04994796000104;2026-03-17;6;
897;05393247000139;2026-03-17;1;
898;05892261000187;2026-03-17;6;
899;06073382000160;2026-03-17;3;
900;07470392000100;2026-03-17;5;
901;08022304000161;2026-03-17;4;preco conferido por telefone
902;09167931000153;2026-03-17;4;
903;10197775000152;2026-03-17;2;
904;10569345000114;2026-03-17;6;
905;10813831000136;2026-03-17;5;
906;11222333000181;2026-03-17;3;
907;11222333000424;2026-03-17;3;
908;11222333000505;2026-03-17;3;
909;13814642000176;2026-03-17;5;
910;15226314000184;2026-03-17;3;
911;17375525000104;2026-03-17;1;
912;18366697000184;2026-03-17;6;
913;21246940000135;2026-03-17;6;
914;23305603000105;2026-03-17;6;
915;24145665000151;2026-03-17;2;
916;27016518000170;2026-03-17;3;
917;27394378000173;2026-03-17;4;
918;27396415000182;2026-03-17;6;
919;27926384000124;2026-03-17;4;
920;28344206000158;2026-03-17;3;
921;30869047000157;2026-03-17;3;
922;04145589001149;2026-03-18;3;
923;04850382000101;2026-03-18;6;
924;23314250000100;2026-03-18;3;
925;02802986000149;2026-03-19;2;
926;09076862000172;2026-03-19;6;
927;14096313000108;2026-03-19;5;
928;23238396000105;2026-03-19;2;
929;27020445000190;2026-03-19;6;
930;27020445000513;2026-03-19;6;
931;32248017000159;2026-03-19;4;
932;34034823000150;2026-03-19;4;
933;00580488000173;2026-03-23;4;
934;01514752000133;2026-03-23;6;
935;01557127000179;2026-03-23;6;
936;01823633000162;2026-03-23;4;
937;02567214000170;2026-03-23;4;
938;02582857000192;2026-03-23;2;
939;02802986000149;2026-03-23;2;
940;04145589001149;2026-03-23;3;
941;04960337000100;2026-03-23;3;
942;07470392000100;2026-03-23;5;
943;07571908000102;2026-03-23;6;
944;08788618000170;2026-03-23;5;
945;09076862000172;2026-03-23;6;
946;10197775000152;2026-03-23;2;
947;11222333000181;2026-03-23;3;
948;11222333000262;2026-03-23;3;
949;11222333000505;2026-03-23;3;
950;11942147000117;2026-03-23;1;
951;13814642000176;2026-03-23;5;
952;14096313000108;2026-03-23;5;
953;14806977000105;2026-03-23;4;
954;15010530000198;2026-03-23;5;
955;15226314000184;2026-03-23;3;
956;17375525000104;2026-03-23;1;
957;17753176000117;2026-03-23;1;
958;23238396000105;2026-03-23;2;
959;23305603000105;2026-03-23;6;
960;24145665000151;2026-03-23;2;ATUALIZAR!!
961;26980450000181;2026-03-23;6;
962;27016518000170;2026-03-23;3;
963;27020445000190;2026-03-23;6;
964;27020445000513;2026-03-23;6;
965;27066273000276;2026-03-23;3;
966;27316819000119;2026-03-23;5;
967;27394378000173;2026-03-23;4;
968;27396415000182;2026-03-23;6;
969;27734094000189;2026-03-23;5;
970;27926384000124;2026-03-23;4;
971;28059632000140;2026-03-23;5;
972;28344206000158;2026-03-23;3;
973;28413219000131;2026-03-23;6;
974;29326587000105;2026-03-23;6;
975;30456018000163;2026-03-23;5;
976;32248017000159;2026-03-23;4;
977;36336386000154;2026-03-23;4;
978;38530950000109;2026-03-23;3;
979;45543915004683;2026-03-23;3;
980;04361389000151;2026-03-24;1;
981;04361389000232;2026-03-24;1;
982;04994796000104;2026-03-24;6;
983;05393247000139;2026-03-24;1;
984;05738923000169;2026-03-24;5;
985;11222333000424;2026-03-24;3;
986;12535572000154;2026-03-24;4;
987;22356015000120;2026-03-24;4;
988;31465040000132;2026-03-24;4;
989;00345721000133;2026-03-25;4;ver com gerente
990;01503536000192;2026-03-25;6;
991;05892261000187;2026-03-25;6;
992;06073382000160;2026-03-25;3;
993;09369995000137;2026-03-25;3;
994;18366697000184;2026-03-25;6;promo fim de semana?
995;29937036000188;2026-03-25;3;
996;30869047000157;2026-03-25;3;
997;03948877000369;2026-03-26;1;
998;04814652000110;2026-03-26;6;
999;04850382000101;2026-03-26;6;
1000;07381843000124;2026-03-26;3;
1001;08519545000110;2026-03-26;6;
1002;08971375000100;2026-03-26;4;
1003;20246670000108;2026-03-26;3;
1004;27085240000192;2026-03-26;1;
1005;39814835000110;2026-03-26;6;
1006;42176421000118;2026-03-26;4;
1007;01503536000192;2026-03-30;6;
1008;01514752000133;2026-03-30;6;
1009;01823633000162;2026-03-30;4;
1010;02567214000170;2026-03-30;4;
1011;04228463000166;2026-03-30;2;
1012;04361389000151;2026-03-30;1;
1013;04960337000100;2026-03-30;3;
1014;05609081000145;2026-03-30;6;
1015;05738923000169;2026-03-30;5;
1016;07571908000102;2026-03-30;6;
1017;08788618000170;2026-03-30;5;
1018;10331576000195;2026-03-30;4;
1019;10569345000114;2026-03-30;6;preco conferido por telefone
1020;11222333000343;2026-03-30;3;
1021;11942147000117;2026-03-30;1;
1022;12535572000154;2026-03-30;4;
1023;13602147000101;2026-03-30;4;
1024;14806977000105;2026-03-30;4;
1025;21246940000135;2026-03-30;6;
1026;22356015000120;2026-03-30;4;
1027;26980450000181;2026-03-30;6;
1028;27066273000276;2026-03-30;3;
1029;27664597000559;2026-03-30;1;
1030;27734094000189;2026-03-30;5;
1031;28059632000140;2026-03-30;5;
1032;28413219000131;2026-03-30;6;
1033;30869047000157;2026-03-30;3;
1034;36336386000154;2026-03-30;4;
1035;36675989000180;2026-03-30;3;
1036;38530950000109;2026-03-30;3;
1037;04361389000232;2026-03-31;1;
1038;04850382000101;2026-03-31;6;
1039;05393247000139;2026-03-31;1;
1040;07470392000100;2026-03-31;5;
1041;07830414000197;2026-03-31;5;
1042;10197775000152;2026-03-31;2;
1043;10813831000136;2026-03-31;5;
1044;11217185000107;2026-03-31;5;
1045;11222333000424;2026-03-31;3;
1046;17375525000104;2026-03-31;1;
1047;23305603000105;2026-03-31;6;
1048;23314250000100;2026-03-31;3;
1049;27303411000102;2026-03-31;4;
1050;27303411000374;2026-03-31;1;
1051;31465040000132;2026-03-31;4;
1052;32467417000155;2026-03-31;6;
1053;34765133000170;2026-03-31;4;
1054;36004950000131;2026-03-31;4;
1055;37361618000197;2026-03-31;3;
1056;97538270000192;2026-03-31;5;
1057;00580488000173;2026-04-01;4;
1058;02582857000192;2026-04-01;2;
1059;04145589001149;2026-04-01;3;
1060;06073382000160;2026-04-01;3;
1061;11222333000181;2026-04-01;3;
1062;11222333000505;2026-04-01;3;
1063;13814642000176;2026-04-01;5;
1064;15226314000184;2026-04-01;3;
1065;18366697000184;2026-04-01;6;
1066;24145665000151;2026-04-01;2;
1067;27394378000173;2026-04-01;4;
1068;27396415000182;2026-04-01;6;
1069;27664597000710;2026-04-01;4;
1070;27926384000124;2026-04-01;4;
1071;28344206000158;2026-04-01;3;
1072;29986296000143;2026-04-01;5;
1073;02802986000149;2026-04-02;2;
1074;03948877000369;2026-04-02;1;
1075;05791319000104;2026-04-02;6;
1076;07381843000124;2026-04-02;3;
1077;08519545000110;2026-04-02;6;
1078;08971375000100;2026-04-02;4;
1079;09076862000172;2026-04-02;6;
1080;14096313000108;2026-04-02;5;
1081;23238396000105;2026-04-02;2;
1082;27020445000190;2026-04-02;6;
1083;27020445000513;2026-04-02;6;
1084;27085240000192;2026-04-02;1;
1085;27316819000119;2026-04-02;5;
1086;27493675000176;2026-04-02;3;
1087;32248017000159;2026-04-02;4;
1088;39814835000110;2026-04-02;6;
1089;01496517000186;2026-04-06;6;
1090;01557127000179;2026-04-06;6;
1091;02802986000149;2026-04-06;2;
1092;03948877000369;2026-04-06;1;
1093;04814652000110;2026-04-06;6;
1094;07381843000124;2026-04-06;3;
1095;07470392000100;2026-04-06;5;
1096;08519545000110;2026-04-06;6;
1097;09076862000172;2026-04-06;6;
1098;10197775000152;2026-04-06;2;
1099;10331576000195;2026-04-06;4;
1100;11222333000262;2026-04-06;3;
1101;13602147000101;2026-04-06;4;
1102;14096313000108;2026-04-06;5;
1103;15010530000198;2026-04-06;5;
1104;17375525000104;2026-04-06;1;
1105;17753176000117;2026-04-06;1;
1106;20246670000108;2026-04-06;3;
1107;23238396000105;2026-04-06;2;
1108;23305603000105;2026-04-06;6;
1109;27020445000190;2026-04-06;6;
1110;27020445000513;2026-04-06;6;
1111;27085240000192;2026-04-06;1;
1112;27316819000119;2026-04-06;5;
1113;27352004000195;2026-04-06;6;
1114;27493675000176;2026-04-06;3;
1115;31465040000132;2026-04-06;4;
1116;32248017000159;2026-04-06;4;
1117;01514752000133;2026-04-07;6;
1118;01823633000162;2026-04-07;4;
1119;02567214000170;2026-04-07;4;
1120;04228463000166;2026-04-07;2;promo fim de semana?
1121;04361389000151;2026-04-07;1;
1122;04960337000100;2026-04-07;3;
1123;05609081000145;2026-04-07;6;
1124;05738923000169;2026-04-07;5;
1125;07571908000102;2026-04-07;6;conferir bandeira
1126;08022304000161;2026-04-07;4;
1127;08788618000170;2026-04-07;5;
1128;10223356000148;2026-04-07;4;
1129;10569345000114;2026-04-07;6;
1130;11222333000343;2026-04-07;3;
1131;11942147000117;2026-04-07;1;
1132;12535572000154;2026-04-07;4;
1133;14806977000105;2026-04-07;4;
1134;16577742000114;2026-04-07;6;
1135;21246940000135;2026-04-07;6;
1136;22356015000120;2026-04-07;4;
1137;26980450000181;2026-04-07;6;
1138;27066273000276;2026-04-07;3;
1139;27734094000189;2026-04-07;5;
1140;28059632000140;2026-04-07;5;
1141;00580488000173;2026-04-08;4;
1142;02582857000192;2026-04-08;2;
1143;04145589001149;2026-04-08;3;
1144;04361389000232;2026-04-08;1;
1145;04994796000104;2026-04-08;6;
1146;05393247000139;2026-04-08;1;
1147;05892261000187;2026-04-08;6;
1148;06073382000160;2026-04-08;3;
1149;09167931000153;2026-04-08;4;
1150;11217185000107;2026-04-08;5;
1151;11222333000181;2026-04-08;3;
1152;11222333000424;2026-04-08;3;
1153;11222333000505;2026-04-08;3;
1154;13814642000176;2026-04-08;5;
1155;15226314000184;2026-04-08;3;
1156;18366697000184;2026-04-08;6;
1157;24145665000151;2026-04-08;2;
1158;27016518000170;2026-04-08;3;
1159;27303411000374;2026-04-08;1;
1160;27394378000173;2026-04-08;4;
1161;27396415000182;2026-04-08;6;
1162;27664597000559;2026-04-08;1;
1163;27664597000710;2026-04-08;4;
1164;27926384000124;2026-04-08;4;
1165;28344206000158;2026-04-08;3;
1166;32467417000155;2026-04-08;6;
1167;00762780000298;2026-04-09;6;
1168;03348196000106;2026-04-09;6;
1169;09369995000137;2026-04-09;3;
1170;10813831000136;2026-04-09;5;
1171;27664597000630;2026-04-09;1;
1172;27664597000982;2026-04-09;4;
1173;01496517000186;2026-04-13;6;
1174;01514752000133;2026-04-13;6;
1175;01557127000179;2026-04-13;6;preco conferido por telefone
1176;01823633000162;2026-04-13;4;
1177;02567214000170;2026-04-13;4;
1178;04228463000166;2026-04-13;2;
1179;04361389000151;2026-04-13;1;
1180;04361389000232;2026-04-13;1;
1181;04960337000100;2026-04-13;3;
1182;04994796000104;2026-04-13;6;
1183;05393247000139;2026-04-13;1;
1184;05738923000169;2026-04-13;5;
1185;07571908000102;2026-04-13;6;
1186;07830414000197;2026-04-13;5;
1187;09167931000153;2026-04-13;4;
1188;11222333000343;2026-04-13;3;
1189;11222333000424;2026-04-13;3;
1190;11942147000117;2026-04-13;1;
1191;12535572000154;2026-04-13;4;
1192;14806977000105;2026-04-13;4;
1193;15010530000198;2026-04-13;5;
1194;16577742000114;2026-04-13;6;
1195;17753176000117;2026-04-13;1;
1196;21246940000135;2026-04-13;6;
1197;22356015000120;2026-04-13;4;
1198;26980450000181;2026-04-13;6;
1199;27066273000276;2026-04-13;3;
1200;27734094000189;2026-04-13;5;
1201;28413219000131;2026-04-13;6;
1202;32467417000155;2026-04-13;6;
1203;36336386000154;2026-04-13;4;
1204;38530950000109;2026-04-13;3;
1205;39343553000182;2026-04-13;2;
1206;45543915004683;2026-04-13;3;
1207;00580488000173;2026-04-14;4;
1208;02468894000174;2026-04-14;6;
1209;02582857000192;2026-04-14;2;
1210;05609081000145;2026-04-14;6;
1211;07470392000100;2026-04-14;5;
1212;10197775000152;2026-04-14;2;
1213;10223356000148;2026-04-14;4;
1214;10331576000195;2026-04-14;4;
1215;10813831000136;2026-04-14;5;
1216;11222333000181;2026-04-14;3;
1217;11222333000505;2026-04-14;3;
1218;13814642000176;2026-04-14;5;
1219;15226314000184;2026-04-14;3;
1220;17375525000104;2026-04-14;1;
1221;24145665000151;2026-04-14;2;
1222;27016518000170;2026-04-14;3;
1223;27303411000374;2026-04-14;1;
1224;27394378000173;2026-04-14;4;
1225;27396415000182;2026-04-14;6;
1226;27926384000124;2026-04-14;4;
1227;28344206000158;2026-04-14;3;
1228;30869047000157;2026-04-14;3;
1229;37361618000197;2026-04-14;3;
1230;04145589001149;2026-04-15;3;
1231;05349237000104;2026-04-15;6;
1232;27303411000102;2026-04-15;4;
1233;31465040000132;2026-04-15;4;
1234;36004950000131;2026-04-15;4;
1235;36675989000180;2026-04-15;3;
1236;42176421000118;2026-04-15;4;
1237;00762780000298;2026-04-16;6;
1238;02802986000149;2026-04-16;2;
1239;04814652000110;2026-04-16;6;
1240;05791319000104;2026-04-16;6;
1241;07381843000124;2026-04-16;1;
1242;08519545000110;2026-04-16;6;
1243;08971375000100;2026-04-16;4;
1244;09076862000172;2026-04-16;6;preco conferido por telefone
1245;11217185000107;2026-04-16;5;
1246;14096313000108;2026-04-16;5;ATUALIZAR!!
1247;20246670000108;2026-04-16;3;
1248;23238396000105;2026-04-16;2;
1249;27020445000190;2026-04-16;6;
1250;27020445000513;2026-04-16;6;
1251;27085240000192;2026-04-16;1;
1252;27316819000119;2026-04-16;5;
1253;27352004000195;2026-04-16;6;
1254;27664597000559;2026-04-16;1;
1255;27664597000630;2026-04-16;1;
1256;27664597000982;2026-04-16;4;
1257;32248017000159;2026-04-16;4;
1258;00345721000133;2026-04-17;4;
1259;01503536000192;2026-04-20;6;
1260;01557127000179;2026-04-20;6;
1261;01823633000162;2026-04-20;4;
1262;02567214000170;2026-04-20;4;
1263;02802986000149;2026-04-20;2;
1264;04228463000166;2026-04-20;2;
1265;04850382000101;2026-04-20;6;
1266;05349237000104;2026-04-20;6;
1267;07470392000100;2026-04-20;5;
1268;07571908000102;2026-04-20;6;
1269;08022304000161;2026-04-20;4;
1270;08788618000170;2026-04-20;5;preco conferido por telefone
1271;09076862000172;2026-04-20;6;
1272;10197775000152;2026-04-20;2;
1273;10569345000114;2026-04-20;6;
1274;11222333000262;2026-04-20;3;
1275;11222333000343;2026-04-20;3;
1276;11942147000117;2026-04-20;1;
1277;13602147000101;2026-04-20;4;
1278;14096313000108;2026-04-20;5;ver com gerente
1279;14806977000105;2026-04-20;4;
1280;15010530000198;2026-04-20;5;
1281;16577742000114;2026-04-20;6;
1282;17375525000104;2026-04-20;1;
1283;17753176000117;2026-04-20;1;
1284;23238396000105;2026-04-20;2;
1285;23314250000100;2026-04-20;3;
1286;26980450000181;2026-04-20;6;
1287;27020445000190;2026-04-20;6;
1288;27020445000513;2026-04-20;6;
1289;27066273000276;2026-04-20;3;
1290;27303411000102;2026-04-20;4;
1291;27316819000119;2026-04-20;5;
1292;27664597000710;2026-04-20;4;
1293;27734094000189;2026-04-20;5;
1294;28059632000140;2026-04-20;5;
1295;28413219000131;2026-04-20;6;
1296;28761038000104;2026-04-20;6;
1297;32248017000159;2026-04-20;4;
1298;34765133000170;2026-04-20;4;
1299;36004950000131;2026-04-20;4;
1300;36336386000154;2026-04-20;4;
1301;36751443000161;2026-04-20;1;
1302;37361618000197;2026-04-20;3;
1303;38530950000109;2026-04-20;3;
1304;97538270000192;2026-04-20;5;
1305;03948877000369;2026-04-21;1;
1306;04361389000151;2026-04-21;1;
1307;04361389000232;2026-04-21;1;
1308;04814652000110;2026-04-21;6;
1309;04994796000104;2026-04-21;6;
1310;05393247000139;2026-04-21;1;
1311;05609081000145;2026-04-21;6;
1312;05738923000169;2026-04-21;5;
1313;07381843000124;2026-04-21;1;
1314;07830414000197;2026-04-21;5;
1315;08519545000110;2026-04-21;6;
1316;08971375000100;2026-04-21;4;
1317;10223356000148;2026-04-21;4;
1318;11217185000107;2026-04-21;5;
1319;11222333000424;2026-04-21;3;conferir bandeira
1320;12535572000154;2026-04-21;4;
1321;20246670000108;2026-04-21;3;
1322;21246940000135;2026-04-21;6;
1323;22356015000120;2026-04-21;4;
1324;27085240000192;2026-04-21;1;
1325;27352004000195;2026-04-21;6;
1326;27664597000559;2026-04-21;1;
1327;32467417000155;2026-04-21;6;
1328;00580488000173;2026-04-22;4;
1329;02582857000192;2026-04-22;2;
1330;11222333000181;2026-04-22;3;
1331;11222333000505;2026-04-22;3;
1332;13814642000176;2026-04-22;5;
1333;15226314000184;2026-04-22;3;
1334;24145665000151;2026-04-22;2;
1335;27016518000170;2026-04-22;3;
1336;27394378000173;2026-04-22;4;preco conferido por telefone
1337;27396415000182;2026-04-22;6;
1338;27926384000124;2026-04-22;4;
1339;28344206000158;2026-04-22;3;
1340;01496517000186;2026-04-27;6;
1341;01823633000162;2026-04-27;4;
1342;02567214000170;2026-04-27;4;
1343;04228463000166;2026-04-27;2;
1344;04361389000151;2026-04-27;1;preco conferido por telefone
1345;04960337000100;2026-04-27;3;
1346;05609081000145;2026-04-27;6;
1347;05738923000169;2026-04-27;5;
1348;07571908000102;2026-04-27;6;
1349;08788618000170;2026-04-27;5;
1350;10223356000148;2026-04-27;4;
1351;10331576000195;2026-04-27;4;
1352;11217185000107;2026-04-27;5;
1353;11222333000343;2026-04-27;3;preco conferido por telefone
1354;11942147000117;2026-04-27;1;
1355;12535572000154;2026-04-27;4;
1356;14806977000105;2026-04-27;4;
1357;16577742000114;2026-04-27;6;
1358;22356015000120;2026-04-27;4;
1359;26980450000181;2026-04-27;6;
1360;27066273000276;2026-04-27;3;
1361;27664597000559;2026-04-27;1;
1362;27734094000189;2026-04-27;5;
1363;28059632000140;2026-04-27;5;
1364;28413219000131;2026-04-27;6;
1365;36336386000154;2026-04-27;4;
1366;00580488000173;2026-04-28;4;
1367;01503536000192;2026-04-28;6;
1368;01557127000179;2026-04-28;6;
1369;02582857000192;2026-04-28;2;
1370;04145589001149;2026-04-28;3;
1371;04361389000232;2026-04-28;1;
1372;04994796000104;2026-04-28;6;
1373;05393247000139;2026-04-28;1;
1374;07470392000100;2026-04-28;5;
1375;07830414000197;2026-04-28;5;
1376;08022304000161;2026-04-28;4;
1377;09167931000153;2026-04-28;4;
1378;10197775000152;2026-04-28;2;
1379;10569345000114;2026-04-28;6;
1380;11222333000181;2026-04-28;3;
1381;11222333000424;2026-04-28;3;
1382;11222333000505;2026-04-28;3;
1383;13814642000176;2026-04-28;5;
1384;15010530000198;2026-04-28;5;
1385;15226314000184;2026-04-28;3;
1386;17375525000104;2026-04-28;1;
1387;17753176000117;2026-04-28;1;
1388;24145665000151;2026-04-28;2;
1389;27016518000170;2026-04-28;3;
1390;27394378000173;2026-04-28;4;
1391;27396415000182;2026-04-28;6;
1392;27926384000124;2026-04-28;4;
1393;28344206000158;2026-04-28;3;
1394;31465040000132;2026-04-28;4;
1395;32467417000155;2026-04-28;6;
1396;34387806000104;2026-04-28;1;
1397;36675989000180;2026-04-28;3;
1398;06073382000160;2026-04-29;3;
1399;27303411000374;2026-04-29;1;
1400;02802986000149;2026-04-30;2;
1401;03948877000369;2026-04-30;1;
1402;04814652000110;2026-04-30;6;
1403;07381843000124;2026-04-30;1;
1404;08519545000110;2026-04-30;6;
1405;08971375000100;2026-04-30;4;
1406;09076862000172;2026-04-30;6;promo fim de semana?
1407;10813831000136;2026-04-30;5;
1408;14096313000108;2026-04-30;5;ver com gerente
1409;20246670000108;2026-04-30;3;
1410;23238396000105;2026-04-30;2;
1411;27020445000190;2026-04-30;6;
1412;27020445000513;2026-04-30;6;
1413;27085240000192;2026-04-30;1;
1414;27316819000119;2026-04-30;5;
1415;32248017000159;2026-04-30;4;
1416;36411940000200;2026-04-30;6;
1417;39814835000110;2026-04-30;6;
1418;01514752000133;2026-05-04;6;
1419;01557127000179;2026-05-04;6;
1420;01823633000162;2026-05-04;4;
1421;02567214000170;2026-05-04;4;
1422;02802986000149;2026-05-04;2;
1423;04228463000166;2026-05-04;2;
1424;04960337000100;2026-05-04;3;
1425;07571908000102;2026-05-04;6;
1426;08788618000170;2026-05-04;5;
1427;09076862000172;2026-05-04;6;
1428;09167931000153;2026-05-04;4;
1429;11222333000343;2026-05-04;3;
1430;11942147000117;2026-05-04;1;
1431;14096313000108;2026-05-04;5;
1432;14806977000105;2026-05-04;4;ver com gerente
1433;15010530000198;2026-05-04;5;
1434;16577742000114;2026-05-04;6;
1435;23238396000105;2026-05-04;2;
1436;26980450000181;2026-05-04;6;
1437;27020445000190;2026-05-04;6;
1438;27020445000513;2026-05-04;6;
1439;27066273000276;2026-05-04;3;
1440;27316819000119;2026-05-04;5;
1441;27734094000189;2026-05-04;5;
1442;28059632000140;2026-05-04;5;
1443;32248017000159;2026-05-04;4;
1444;32467417000155;2026-05-04;6;
1445;36336386000154;2026-05-04;4;
1446;36675989000180;2026-05-04;3;
1447;38530950000109;2026-05-04;3;
1448;01496517000186;2026-05-05;6;
1449;01503536000192;2026-05-05;6;
1450;04145589001149;2026-05-05;3;ATUALIZAR!!
1451;04361389000151;2026-05-05;1;
1452;04361389000232;2026-05-05;1;
1453;04994796000104;2026-05-05;6;
1454;05393247000139;2026-05-05;1;
1455;05738923000169;2026-05-05;5;
1456;07830414000197;2026-05-05;5;
1457;08022304000161;2026-05-05;4;
1458;10569345000114;2026-05-05;6;
1459;11222333000424;2026-05-05;3;
1460;12535572000154;2026-05-05;4;
1461;21246940000135;2026-05-05;6;
1462;22356015000120;2026-05-05;4;
1463;31465040000132;2026-05-05;4;
1464;34387806000104;2026-05-05;1;
1465;00762780000298;2026-05-06;6;
1466;01283262000173;2026-05-06;3;
1467;02583872000155;2026-05-06;6;
1468;02665124000111;2026-05-06;5;
1469;03058196000163;2026-05-06;2;
1470;03348196000106;2026-05-06;6;
1471;03408609000192;2026-05-06;4;
1472;04411606000170;2026-05-06;3;
1473;05349237000104;2026-05-06;6;
1474;07470392000100;2026-05-06;5;
1475;10197775000152;2026-05-06;2;
1476;13602147000101;2026-05-06;4;
1477;17375525000104;2026-05-06;1;
1478;20863591000138;2026-05-06;6;
1479;21931941000119;2026-05-06;4;
1480;27124023000164;2026-05-06;3;
1481;27179654000342;2026-05-06;2;
1482;27303411000374;2026-05-06;1;
1483;27664597000630;2026-05-06;1;
1484;27664597000982;2026-05-06;4;
1485;28505616000133;2026-05-06;6;
1486;31284466000190;2026-05-06;5;
1487;37361618000197;2026-05-06;3;
1488;00580488000173;2026-05-07;4;
1489;02582857000192;2026-05-07;2;
1490;03948877000369;2026-05-07;1;conferir bandeira
1491;04814652000110;2026-05-07;6;
1492;05609081000145;2026-05-07;6;
1493;05791319000104;2026-05-07;6;
1494;07381843000124;2026-05-07;1;
1495;08519545000110;2026-05-07;6;
1496;08971375000100;2026-05-07;4;
1497;10223356000148;2026-05-07;4;
1498;10331576000195;2026-05-07;4;ver com gerente
1499;10813831000136;2026-05-07;5;
1500;11222333000181;2026-05-07;3;
1501;11222333000505;2026-05-07;3;ATUALIZAR!!
1502;13814642000176;2026-05-07;5;
1503;15226314000184;2026-05-07;3;
1504;20246670000108;2026-05-07;3;
1505;24145665000151;2026-05-07;2;
1506;27016518000170;2026-05-07;3;
1507;27085240000192;2026-05-07;1;
1508;27394378000173;2026-05-07;4;
1509;27396415000182;2026-05-07;6;
1510;27926384000124;2026-05-07;4;preco conferido por telefone
1511;28344206000158;2026-05-07;3;
1512;36411940000200;2026-05-07;6;ATUALIZAR!!
1513;09369995000137;2026-05-08;3;
1514;29937036000188;2026-05-08;3;
1515;01496517000186;2026-05-11;6;
1516;01503536000192;2026-05-11;6;
1517;01823633000162;2026-05-11;4;
1518;02567214000170;2026-05-11;4;
1519;04145589001149;2026-05-11;3;
1520;04228463000166;2026-05-11;2;
1521;04361389000151;2026-05-11;1;conferir bandeira
1522;04960337000100;2026-05-11;3;
1523;07571908000102;2026-05-11;6;
1524;08788618000170;2026-05-11;5;
1525;11222333000343;2026-05-11;3;
1526;11942147000117;2026-05-11;1;
1527;12535572000154;2026-05-11;4;
1528;14806977000105;2026-05-11;4;
1529;16577742000114;2026-05-11;6;
1530;22356015000120;2026-05-11;4;
1531;26980450000181;2026-05-11;6;
1532;27066273000276;2026-05-11;3;conferir bandeira
1533;27734094000189;2026-05-11;5;
1534;28059632000140;2026-05-11;5;
1535;28413219000131;2026-05-11;6;
1536;31465040000132;2026-05-11;4;
1537;36336386000154;2026-05-11;4;
1538;36751443000161;2026-05-11;1;
1539;38530950000109;2026-05-11;3;
1540;03948877000369;2026-05-12;1;
1541;04361389000232;2026-05-12;1;
1542;04814652000110;2026-05-12;6;ver com gerente
1543;04994796000104;2026-05-12;6;
1544;05393247000139;2026-05-12;1;
1545;05609081000145;2026-05-12;6;
1546;07381843000124;2026-05-12;1;
1547;07470392000100;2026-05-12;5;
1548;07830414000197;2026-05-12;5;
1549;08022304000161;2026-05-12;4;
1550;08519545000110;2026-05-12;6;
1551;08971375000100;2026-05-12;4;
1552;10197775000152;2026-05-12;2;
1553;10331576000195;2026-05-12;4;
1554;10569345000114;2026-05-12;6;
1555;10813831000136;2026-05-12;5;
1556;17375525000104;2026-05-12;1;
1557;20246670000108;2026-05-12;3;
1558;21246940000135;2026-05-12;6;
1559;23305603000105;2026-05-12;6;
1560;26058218000190;2026-05-12;4;
1561;27085240000192;2026-05-12;1;promo fim de semana?
1562;27352004000195;2026-05-12;6;
1563;32467417000155;2026-05-12;6;
1564;39383377000102;2026-05-12;3;
1565;00345721000133;2026-05-13;4;
1566;00580488000173;2026-05-13;4;
1567;00762780000298;2026-05-13;6;
1568;04850382000101;2026-05-13;6;
1569;11222333000181;2026-05-13;3;ATUALIZAR!!
1570;11222333000505;2026-05-13;3;
1571;13602147000101;2026-05-13;4;
1572;13814642000176;2026-05-13;5;
1573;15226314000184;2026-05-13;3;
1574;23314250000100;2026-05-13;3;
1575;24145665000151;2026-05-13;2;
1576;27016518000170;2026-05-13;3;
1577;27303411000374;2026-05-13;1;promo fim de semana?
1578;27394378000173;2026-05-13;4;
1579;27396415000182;2026-05-13;6;
1580;27664597000630;2026-05-13;1;
1581;27664597000982;2026-05-13;4;
1582;27926384000124;2026-05-13;4;
1583;28344206000158;2026-05-13;3;
1584;29986296000143;2026-05-13;5;conferir bandeira
1585;34765133000170;2026-05-13;4;
1586;36004950000131;2026-05-13;4;
1587;02802986000149;2026-05-14;2;
1588;03348196000106;2026-05-14;6;
1589;09076862000172;2026-05-14;6;
1590;09369995000137;2026-05-14;3;
1591;14096313000108;2026-05-14;5;
1592;23238396000105;2026-05-14;2;
1593;27020445000190;2026-05-14;6;
1594;27020445000513;2026-05-14;6;
1595;27316819000119;2026-05-14;5;
1596;29937036000188;2026-05-14;3;
1597;30690682000172;2026-05-14;4;
1598;32248017000159;2026-05-14;4;
1599;01496517000186;2026-05-18;6;
1600;01557127000179;2026-05-18;6;
1601;02802986000149;2026-05-18;2;
1602;05609081000145;2026-05-18;6;
1603;07470392000100;2026-05-18;5;
1604;09076862000172;2026-05-18;6;
1605;09369995000137;2026-05-18;3;
1606;10197775000152;2026-05-18;2;
1607;10331576000195;2026-05-18;4;
1608;11222333000262;2026-05-18;3;
1609;13602147000101;2026-05-18;4;
1610;14096313000108;2026-05-18;5;
1611;15010530000198;2026-05-18;5;
1612;17375525000104;2026-05-18;1;
1613;17753176000117;2026-05-18;1;
1614;23238396000105;2026-05-18;2;
1615;23305603000105;2026-05-18;6;
1616;27020445000190;2026-05-18;6;
1617;27020445000513;2026-05-18;6;
1618;27316819000119;2026-05-18;5;
1619;29937036000188;2026-05-18;3;
1620;30869047000157;2026-05-18;3;
1621;32248017000159;2026-05-18;4;
1622;34387806000104;2026-05-18;1;
1623;36675989000180;2026-05-18;3;
1624;38530950000109;2026-05-18;3;
1625;01283262000173;2026-05-19;3;
1626;01823633000162;2026-05-19;4;
1627;02567214000170;2026-05-19;4;
1628;03408609000192;2026-05-19;4;
1629;04228463000166;2026-05-19;2;
1630;04361389000151;2026-05-19;1;
1631;04411606000170;2026-05-19;3;
1632;04960337000100;2026-05-19;3;
1633;05349237000104;2026-05-19;6;
1634;05738923000169;2026-05-19;5;
1635;07571908000102;2026-05-19;6;
1636;08788618000170;2026-05-19;5;ATUALIZAR!!
1637;09167931000153;2026-05-19;4;
1638;10569345000114;2026-05-19;6;
1639;10813831000136;2026-05-19;5;
1640;11222333000343;2026-05-19;3;
1641;11942147000117;2026-05-19;1;
1642;12535572000154;2026-05-19;4;
1643;14806977000105;2026-05-19;4;
1644;16577742000114;2026-05-19;6;
1645;21931941000119;2026-05-19;4;
1646;22356015000120;2026-05-19;4;preco conferido por telefone
1647;26980450000181;2026-05-19;6;
1648;27066273000276;2026-05-19;3;
1649;27179654000342;2026-05-19;2;
1650;27303411000374;2026-05-19;1;
1651;27734094000189;2026-05-19;5;
1652;28059632000140;2026-05-19;5;
1653;28413219000131;2026-05-19;6;
1654;31465040000132;2026-05-19;4;
1655;36336386000154;2026-05-19;4;
1656;37361618000197;2026-05-19;3;
1657;00345721000133;2026-05-20;4;
1658;02583872000155;2026-05-20;6;
1659;04361389000232;2026-05-20;1;
1660;04994796000104;2026-05-20;6;
1661;05393247000139;2026-05-20;1;
1662;07830414000197;2026-05-20;5;
1663;08022304000161;2026-05-20;4;
1664;21246940000135;2026-05-20;6;
1665;31284466000190;2026-05-20;5;
1666;32467417000155;2026-05-20;6;
1667;00580488000173;2026-05-21;4;
1668;02582857000192;2026-05-21;2;
1669;03948877000369;2026-05-21;1;
1670;04814652000110;2026-05-21;6;
1671;07381843000124;2026-05-21;1;
1672;08519545000110;2026-05-21;6;
1673;08971375000100;2026-05-21;4;
1674;11222333000181;2026-05-21;3;
1675;11222333000505;2026-05-21;3;
1676;13814642000176;2026-05-21;5;promo fim de semana?
1677;15226314000184;2026-05-21;3;
1678;20246670000108;2026-05-21;3;
1679;24145665000151;2026-05-21;2;
1680;27016518000170;2026-05-21;3;
1681;27085240000192;2026-05-21;1;
1682;27124023000164;2026-05-21;3;
1683;27394378000173;2026-05-21;4;
1684;27396415000182;2026-05-21;6;
1685;27926384000124;2026-05-21;4;
1686;28344206000158;2026-05-21;3;
1687;36411940000200;2026-05-21;6;
1688;39814835000110;2026-05-21;6;ATUALIZAR!!
1689;01283262000173;2026-05-25;3;
1690;01496517000186;2026-05-25;6;
1691;01557127000179;2026-05-25;6;
1692;01823633000162;2026-05-25;4;
1693;02567214000170;2026-05-25;4;
1694;02583872000155;2026-05-25;6;
1695;03408609000192;2026-05-25;4;
1696;04145589001149;2026-05-25;3;
1697;04228463000166;2026-05-25;2;
1698;04361389000151;2026-05-25;1;
1699;04960337000100;2026-05-25;3;
1700;05738923000169;2026-05-25;5;
1701;07571908000102;2026-05-25;6;
1702;08788618000170;2026-05-25;5;
1703;11222333000343;2026-05-25;3;
1704;11942147000117;2026-05-25;1;
1705;12535572000154;2026-05-25;4;
1706;14806977000105;2026-05-25;4;
1707;15010530000198;2026-05-25;5;
1708;16577742000114;2026-05-25;6;
1709;17753176000117;2026-05-25;1;
1710;21931941000119;2026-05-25;4;ATUALIZAR!!
1711;22356015000120;2026-05-25;4;
1712;26980450000181;2026-05-25;6;
1713;27066273000276;2026-05-25;3;
1714;27734094000189;2026-05-25;5;
1715;28059632000140;2026-05-25;5;
1716;28413219000131;2026-05-25;6;
1717;31284466000190;2026-05-25;5;
1718;02665124000111;2026-05-26;5;
1719;04361389000232;2026-05-26;1;
1720;04411606000170;2026-05-26;3;
1721;04850382000101;2026-05-26;6;
1722;04994796000104;2026-05-26;6;
1723;05393247000139;2026-05-26;1;conferir bandeira
1724;07470392000100;2026-05-26;5;
1725;07830414000197;2026-05-26;5;
1726;08022304000161;2026-05-26;4;
1727;10197775000152;2026-05-26;2;
1728;10569345000114;2026-05-26;6;
1729;17375525000104;2026-05-26;1;
1730;21246940000135;2026-05-26;6;
1731;23305603000105;2026-05-26;6;
1732;23314250000100;2026-05-26;3;
1733;31465040000132;2026-05-26;4;
1734;00345721000133;2026-05-27;4;
1735;00580488000173;2026-05-27;4;conferir bandeira
1736;02582857000192;2026-05-27;2;
1737;02802986000149;2026-05-27;2;
1738;03948877000369;2026-05-27;1;
1739;04814652000110;2026-05-27;6;
1740;05892261000187;2026-05-27;6;
1741;06073382000160;2026-05-27;3;
1742;08519545000110;2026-05-27;6;
1743;09076862000172;2026-05-27;6;
1744;11222333000181;2026-05-27;3;
1745;11222333000262;2026-05-27;3;
1746;11222333000505;2026-05-27;3;
1747;13814642000176;2026-05-27;5;
1748;14096313000108;2026-05-27;5;
1749;15226314000184;2026-05-27;3;
1750;18366697000184;2026-05-27;6;
1751;20863591000138;2026-05-27;6;
1752;23238396000105;2026-05-27;2;
1753;24145665000151;2026-05-27;2;
1754;27016518000170;2026-05-27;3;
1755;27020445000190;2026-05-27;6;
1756;27085240000192;2026-05-27;1;
1757;27124023000164;2026-05-27;3;
1758;27316819000119;2026-05-27;5;
1759;27352004000195;2026-05-27;6;
1760;27394378000173;2026-05-27;4;
1761;27396415000182;2026-05-27;6;
1762;27493675000176;2026-05-27;3;
1763;27495696000120;2026-05-27;4;
1764;27926384000124;2026-05-27;4;
1765;28344206000158;2026-05-27;3;
1766;30538318000191;2026-05-27;5;
1767;30869047000157;2026-05-27;3;
1768;34034823000150;2026-05-27;4;
1769;36751443000161;2026-05-27;1;
1770;03348196000106;2026-05-28;6;
1771;09369995000137;2026-05-28;3;
1772;27179654000342;2026-05-28;2;
1773;29937036000188;2026-05-28;3;
1774;39281274000131;2026-05-28;6;
1775;47674687000104;2026-05-28;2;
1776;10813831000136;2026-05-29;5;
1777;01496517000186;2026-06-01;6;
1778;01503536000192;2026-06-01;6;preco conferido por telefone
1779;01557127000179;2026-06-01;6;
1780;01823633000162;2026-06-01;4;
1781;02567214000170;2026-06-01;4;
1782;02802986000149;2026-06-01;2;
1783;04228463000166;2026-06-01;2;
1784;04960337000100;2026-06-01;3;
1785;07470392000100;2026-06-01;5;
1786;07571908000102;2026-06-01;6;
1787;08022304000161;2026-06-01;4;
1788;08788618000170;2026-06-01;5;
1789;09076862000172;2026-06-01;6;
1790;10197775000152;2026-06-01;2;
1791;10569345000114;2026-06-01;6;
1792;11222333000262;2026-06-01;3;
1793;11222333000343;2026-06-01;3;promo fim de semana?
1794;11942147000117;2026-06-01;1;
1795;14096313000108;2026-06-01;5;
1796;14806977000105;2026-06-01;4;
1797;15010530000198;2026-06-01;5;
1798;17375525000104;2026-06-01;1;
1799;17753176000117;2026-06-01;1;
1800;23238396000105;2026-06-01;2;
1801;26980450000181;2026-06-01;6;
1802;27020445000190;2026-06-01;6;
1803;27020445000513;2026-06-01;6;ATUALIZAR!!
1804;27066273000276;2026-06-01;3;
1805;27316819000119;2026-06-01;5;
1806;27734094000189;2026-06-01;5;
1807;28059632000140;2026-06-01;5;
1808;28413219000131;2026-06-01;6;
1809;28761038000104;2026-06-01;6;
1810;31465040000132;2026-06-01;4;
1811;32248017000159;2026-06-01;4;
1812;04145589001149;2026-06-02;3;
1813;04145589001491;2026-06-02;6;
1814;04361389000151;2026-06-02;1;ATUALIZAR!!
1815;04361389000232;2026-06-02;1;
1816;04850382000101;2026-06-02;6;
1817;04994796000104;2026-06-02;6;
1818;05393247000139;2026-06-02;1;
1819;05738923000169;2026-06-02;5;
1820;07830414000197;2026-06-02;5;
1821;09167931000153;2026-06-02;4;
1822;12535572000154;2026-06-02;4;
1823;22356015000120;2026-06-02;4;
1824;23314250000100;2026-06-02;3;
1825;00345721000133;2026-06-03;4;
1826;00580488000173;2026-06-03;4;
1827;01283262000173;2026-06-03;3;
1828;02582857000192;2026-06-03;2;
1829;02583872000155;2026-06-03;6;conferir bandeira
1830;02665124000111;2026-06-03;5;
1831;03348196000106;2026-06-03;6;
1832;03408609000192;2026-06-03;4;
1833;04411606000170;2026-06-03;3;
1834;06073382000160;2026-06-03;3;
1835;09369995000137;2026-06-03;3;
1836;11222333000181;2026-06-03;3;
1837;11222333000505;2026-06-03;3;ATUALIZAR!!
1838;13814642000176;2026-06-03;5;
1839;15226314000184;2026-06-03;3;ATUALIZAR!!
1840;20863591000138;2026-06-03;6;
1841;21246940000135;2026-06-03;6;
1842;21931941000119;2026-06-03;4;
1843;24145665000151;2026-06-03;2;
1844;27016518000170;2026-06-03;3;
1845;27124023000164;2026-06-03;3;
1846;27179654000342;2026-06-03;2;
1847;28344206000158;2026-06-03;3;
1848;28505616000133;2026-06-03;6;
1849;29937036000188;2026-06-03;3;
1850;30690682000172;2026-06-03;4;
1851;30869047000157;2026-06-03;3;
1852;31284466000190;2026-06-03;5;
1853;31717226000131;2026-06-03;3;
1854;32546684000118;2026-06-03;2;
1855;36751443000161;2026-06-03;1;
1856;38023401000130;2026-06-03;1;
1857;39281274000131;2026-06-03;6;
1858;47674687000104;2026-06-03;2;preco conferido por telefone
1859;03948877000369;2026-06-04;1;
1860;04814652000110;2026-06-04;6;
1861;05791319000104;2026-06-04;6;
1862;07381843000124;2026-06-04;1;
1863;08519545000110;2026-06-04;6;
1864;08971375000100;2026-06-04;4;
1865;20246670000108;2026-06-04;3;
1866;27085240000192;2026-06-04;1;
1867;36411940000200;2026-06-04;6;
1868;01557127000179;2026-06-08;6;
1869;01823633000162;2026-06-08;4;
1870;04145589001149;2026-06-08;3;
1871;04361389000151;2026-06-08;1;
1872;05738923000169;2026-06-08;5;
1873;08022304000161;2026-06-08;4;
1874;10569345000114;2026-06-08;6;
1875;12535572000154;2026-06-08;4;
1876;15010530000198;2026-06-08;5;
1877;17753176000117;2026-06-08;1;
1878;22356015000120;2026-06-08;4;
1879;31465040000132;2026-06-08;4;
1880;34387806000104;2026-06-08;1;
1881;01503536000192;2026-06-09;6;
1882;01635041000206;2026-06-09;5;
1883;02567214000170;2026-06-09;4;
1884;04228463000166;2026-06-09;2;
1885;04960337000100;2026-06-09;3;
1886;07571908000102;2026-06-09;6;
1887;08788618000170;2026-06-09;5;
1888;10813831000136;2026-06-09;5;
1889;11222333000343;2026-06-09;3;
1890;11942147000117;2026-06-09;1;
1891;14806977000105;2026-06-09;4;
1892;16577742000114;2026-06-09;6;
1893;26980450000181;2026-06-09;6;
1894;27066273000276;2026-06-09;3;
1895;27734094000189;2026-06-09;5;
1896;28059632000140;2026-06-09;5;
1897;28413219000131;2026-06-09;6;
1898;36336386000154;2026-06-09;4;
1899;03948877000369;2026-06-10;1;
1900;04145589001491;2026-06-10;6;
1901;04361389000232;2026-06-10;1;
1902;04994796000104;2026-06-10;6;
1903;05393247000139;2026-06-10;1;
1904;07381843000124;2026-06-10;1;
1905;07470392000100;2026-06-10;5;
1906;07830414000197;2026-06-10;5;
1907;08519545000110;2026-06-10;6;
1908;08971375000100;2026-06-10;4;
1909;09167931000153;2026-06-10;4;
1910;20246670000108;2026-06-10;3;
1911;21246940000135;2026-06-10;6;
1912;26058218000190;2026-06-10;4;
1913;27023308000109;2026-06-10;3;
1914;27085240000192;2026-06-10;1;
1915;27352004000195;2026-06-10;6;
1916;27495696000120;2026-06-10;4;
1917;32467417000155;2026-06-10;6;
1918;00580488000173;2026-06-11;4;
1919;02582857000192;2026-06-11;2;
1920;02802986000149;2026-06-11;2;ver com gerente
1921;09076862000172;2026-06-11;6;
1922;11222333000181;2026-06-11;3;
1923;11222333000262;2026-06-11;3;
1924;11222333000505;2026-06-11;3;
1925;13814642000176;2026-06-11;5;
1926;14096313000108;2026-06-11;5;
1927;15226314000184;2026-06-11;3;
1928;23238396000105;2026-06-11;2;
1929;24145665000151;2026-06-11;2;ATUALIZAR!!
1930;27016518000170;2026-06-11;6;
1931;27020445000190;2026-06-11;6;
1932;27020445000513;2026-06-11;6;
1933;27316819000119;2026-06-11;5;
1934;27394378000173;2026-06-11;4;
1935;27396415000182;2026-06-11;6;
1936;27926384000124;2026-06-11;4;
1937;28344206000158;2026-06-11;3;preco conferido por telefone
1938;32248017000159;2026-06-11;4;
1939;00345721000133;2026-06-12;4;
1940;30869047000157;2026-06-12;3;
1941;36751443000161;2026-06-12;1;
1942;01496517000186;2026-06-15;6;
1943;01557127000179;2026-06-15;6;
1944;02802986000149;2026-06-15;2;
1945;07470392000100;2026-06-15;5;
1946;09076862000172;2026-06-15;6;
1947;10197775000152;2026-06-15;2;
1948;14096313000108;2026-06-15;5;
1949;15010530000198;2026-06-15;5;
1950;17375525000104;2026-06-15;1;
1951;17753176000117;2026-06-15;1;
1952;23238396000105;2026-06-15;2;
1953;27020445000190;2026-06-15;6;
1954;27020445000513;2026-06-15;6;
1955;27316819000119;2026-06-15;5;
1956;32248017000159;2026-06-15;4;
1957;01635041000206;2026-06-16;5;
1958;01823633000162;2026-06-16;4;
1959;02567214000170;2026-06-16;4;
1960;03348196000106;2026-06-16;6;
1961;04228463000166;2026-06-16;2;
1962;04361389000151;2026-06-16;1;
1963;04960337000100;2026-06-16;3;
1964;05738923000169;2026-06-16;5;
1965;07571908000102;2026-06-16;6;
1966;08788618000170;2026-06-16;5;
1967;09167931000153;2026-06-16;4;
1968;11222333000343;2026-06-16;3;
1969;11942147000117;2026-06-16;1;
1970;12535572000154;2026-06-16;4;
1971;14806977000105;2026-06-16;4;
1972;16577742000114;2026-06-16;6;
1973;21246940000135;2026-06-16;6;
1974;22356015000120;2026-06-16;4;
1975;26980450000181;2026-06-16;6;
1976;27066273000276;2026-06-16;3;
1977;27734094000189;2026-06-16;5;
1978;28059632000140;2026-06-16;5;
1979;28413219000131;2026-06-16;6;
1980;30690682000172;2026-06-16;4;
1981;31465040000132;2026-06-16;4;
1982;32467417000155;2026-06-16;6;
1983;47674687000104;2026-06-16;2;
1984;01503536000192;2026-06-17;6;
1985;03948877000369;2026-06-17;1;
1986;04145589001149;2026-06-17;6;
1987;04145589001491;2026-06-17;6;
1988;04361389000232;2026-06-17;1;
1989;04814652000110;2026-06-17;6;
1990;04850382000101;2026-06-17;6;
1991;04994796000104;2026-06-17;6;
1992;05393247000139;2026-06-17;1;
1993;05791319000104;2026-06-17;6;
1994;07830414000197;2026-06-17;5;
1995;08022304000161;2026-06-17;4;promo fim de semana?
1996;08519545000110;2026-06-17;6;
1997;10569345000114;2026-06-17;6;
1998;20246670000108;2026-06-17;3;
1999;23314250000100;2026-06-17;3;
2000;27085240000192;2026-06-17;1;
2001;27495696000120;2026-06-17;4;
2002;39814835000110;2026-06-17;6;
2003;00345721000133;2026-06-18;4;
2004;00580488000173;2026-06-18;4;
2005;01283262000173;2026-06-18;3;
2006;02582857000192;2026-06-18;2;
2007;02583872000155;2026-06-18;6;
2008;02665124000111;2026-06-18;5;
2009;03408609000192;2026-06-18;4;
2010;04411606000170;2026-06-18;3;
2011;11222333000181;2026-06-18;3;
2012;11222333000505;2026-06-18;3;
2013;13814642000176;2026-06-18;5;
2014;15226314000184;2026-06-18;3;
2015;20863591000138;2026-06-18;6;
2016;21931941000119;2026-06-18;4;
2017;24145665000151;2026-06-18;2;
2018;27016518000170;2026-06-18;6;
2019;27124023000164;2026-06-18;3;
2020;27179654000342;2026-06-18;2;
2021;27394378000173;2026-06-18;4;
2022;27396415000182;2026-06-18;6;promo fim de semana?
2023;27926384000124;2026-06-18;4;
2024;28344206000158;2026-06-18;3;
2025;28505616000133;2026-06-18;6;
2026;30869047000157;2026-06-18;3;
2027;31284466000190;2026-06-18;5;
2028;39281274000131;2026-06-18;6;
2029;36411940000200;2026-06-19;6;
2030;01496517000186;2026-06-22;6;
2031;01635041000206;2026-06-22;5;
2032;01823633000162;2026-06-22;4;
2033;02567214000170;2026-06-22;4;
2034;04145589001149;2026-06-22;6;
2035;04228463000166;2026-06-22;2;
2036;04361389000151;2026-06-22;1;
2037;04960337000100;2026-06-22;3;
2038;05738923000169;2026-06-22;5;
2039;08788618000170;2026-06-22;5;
2040;10569345000114;2026-06-22;6;
2041;11222333000343;2026-06-22;3;
2042;11942147000117;2026-06-22;1;
2043;12535572000154;2026-06-22;4;
2044;14806977000105;2026-06-22;4;
2045;15010530000198;2026-06-22;5;
2046;16577742000114;2026-06-22;6;
2047;17753176000117;2026-06-22;1;
2048;22356015000120;2026-06-22;4;
2049;26980450000181;2026-06-22;6;
2050;27066273000276;2026-06-22;3;
2051;27734094000189;2026-06-22;5;
2052;28059632000140;2026-06-22;5;
2053;28413219000131;2026-06-22;6;
2054;31465040000132;2026-06-22;4;
2055;01503536000192;2026-06-23;6;
2056;02582857000192;2026-06-23;2;
2057;04145589001491;2026-06-23;6;
2058;04361389000232;2026-06-23;1;
2059;04994796000104;2026-06-23;6;
2060;05393247000139;2026-06-23;1;
2061;05892261000187;2026-06-23;6;
2062;06073382000160;2026-06-23;3;
2063;07470392000100;2026-06-23;5;
2064;07571908000102;2026-06-23;6;
2065;08022304000161;2026-06-23;4;
2066;09167931000153;2026-06-23;4;
2067;10197775000152;2026-06-23;2;
2068;11222333000181;2026-06-23;3;
2069;11222333000505;2026-06-23;3;
2070;13814642000176;2026-06-23;5;
2071;15226314000184;2026-06-23;3;
2072;17375525000104;2026-06-23;1;
2073;18366697000184;2026-06-23;6;
2074;21246940000135;2026-06-23;6;
2075;23305603000105;2026-06-23;6;
2076;24145665000151;2026-06-23;2;
2077;27394378000173;2026-06-23;4;
2078;27396415000182;2026-06-23;6;
2079;29986296000143;2026-06-23;5;
2080;00580488000173;2026-06-24;4;
2081;27016518000170;2026-06-24;6;
2082;27926384000124;2026-06-24;4;
2083;00345721000133;2026-06-25;4;
2084;01283262000173;2026-06-25;3;
2085;02583872000155;2026-06-25;6;
2086;02665124000111;2026-06-25;5;
2087;02802986000149;2026-06-25;2;
2088;03408609000192;2026-06-25;4;
2089;03948877000369;2026-06-25;1;
2090;04411606000170;2026-06-25;3;
2091;04814652000110;2026-06-25;6;
2092;07381843000124;2026-06-25;1;
2093;08519545000110;2026-06-25;6;
2094;08971375000100;2026-06-25;4;
2095;09076862000172;2026-06-25;6;
2096;10813831000136;2026-06-25;5;
2097;11222333000262;2026-06-25;3;
2098;14096313000108;2026-06-25;5;
2099;20246670000108;2026-06-25;3;
2100;20863591000138;2026-06-25;6;
2101;21931941000119;2026-06-25;4;
2102;23238396000105;2026-06-25;2;
2103;27020445000190;2026-06-25;6;
2104;27020445000513;2026-06-25;6;
2105;27085240000192;2026-06-25;1;
2106;27124023000164;2026-06-25;3;
2107;27179654000342;2026-06-25;2;
2108;27316819000119;2026-06-25;5;
2109;28505616000133;2026-06-25;6;
2110;31284466000190;2026-06-25;5;
2111;32248017000159;2026-06-25;4;
2112;39281274000131;2026-06-25;6;
2113;39814835000110;2026-06-25;6;
2114;01496517000186;2026-06-29;6;
2115;01557127000179;2026-06-29;6;
2116;01635041000206;2026-06-29;5;
2117;01823633000162;2026-06-29;4;
2118;02567214000170;2026-06-29;4;
2119;02802986000149;2026-06-29;2;
2120;04145589001149;2026-06-29;6;
2121;04228463000166;2026-06-29;2;
2122;04960337000100;2026-06-29;3;
2123;07470392000100;2026-06-29;5;
2124;07571908000102;2026-06-29;6;
2125;08788618000170;2026-06-29;5;
2126;09076862000172;2026-06-29;6;
2127;10197775000152;2026-06-29;2;
2128;14096313000108;2026-06-29;5;
2129;14806977000105;2026-06-29;4;
2130;15010530000198;2026-06-29;5;
2131;16577742000114;2026-06-29;6;
2132;17375525000104;2026-06-29;1;
2133;17753176000117;2026-06-29;1;
2134;21246940000135;2026-06-29;6;
2135;23238396000105;2026-06-29;2;
2136;26980450000181;2026-06-29;6;promo fim de semana?
2137;27020445000190;2026-06-29;6;
2138;27020445000513;2026-06-29;6;
2139;27066273000276;2026-06-29;3;
2140;27316819000119;2026-06-29;5;
2141;27734094000189;2026-06-29;5;
2142;28413219000131;2026-06-29;6;
2143;28761038000104;2026-06-29;6;
2144;29326587000105;2026-06-29;6;
2145;32248017000159;2026-06-29;4;
2146;01283262000173;2026-06-30;3;
2147;01503536000192;2026-06-30;6;
2148;02583872000155;2026-06-30;6;
2149;02665124000111;2026-06-30;5;
2150;03408609000192;2026-06-30;4;
2151;04145589001491;2026-06-30;6;
2152;04361389000151;2026-06-30;1;
2153;04361389000232;2026-06-30;1;
2154;04411606000170;2026-06-30;3;
2155;04850382000101;2026-06-30;6;
2156;04994796000104;2026-06-30;6;
2157;05393247000139;2026-06-30;1;
2158;05738923000169;2026-06-30;5;
2159;07830414000197;2026-06-30;5;
2160;08022304000161;2026-06-30;4;
2161;09167931000153;2026-06-30;4;
2162;10569345000114;2026-06-30;6;
2163;11222333000181;2026-06-30;3;
2164;12535572000154;2026-06-30;4;
2165;13814642000176;2026-06-30;5;
2166;20863591000138;2026-06-30;6;
2167;21931941000119;2026-06-30;4;
2168;22356015000120;2026-06-30;4;
2169;23314250000100;2026-06-30;3;
2170;27124023000164;2026-06-30;3;
2171;27179654000342;2026-06-30;2;
2172;28505616000133;2026-06-30;6;
2173;30690682000172;2026-06-30;4;
2174;31284466000190;2026-06-30;5;
2175;39281274000131;2026-06-30;6;
2176;47674687000104;2026-06-30;2;
