cnpj_raiz;nome
36309276;AUTO SERVICO OURO NEGRO LTDA
32311728;POSTO CAMBURI I LTDA
35798964;S.A.BIAZUTTI LEITE - AUTO POSTO REDE SHOW LTDA
31815194;POSTO MINEIRO LTDA
39275615;CASSIO ADRIANO DEZAN
39277771;POSTO PAI E FILHA LTDA
33869754;POSTO PRIME NORTE SUL LTDA
39383880;AUTO SERVICO AEROPORTO LTDA
39400494;AUTO POSTO PRESIDENTE LTDA
02806627;POSTO BARBADOS LTDA
18526631;POSTO BAUNILHA LTDA
27025907;INCAP INDUSTRIA E COMERCIO AGRO PECUARIO LTDA
27664597;AUTO POSTO SCHUENG LTDA
28037679;POSTO TUBARAO COM DE DERIVADOS DE PETROLEO LTDA
31727338;POSTO DE SERVICOS PAO COM LINGUICA EIRELI
14509900;POSTO DE COMBUSTIVEIS LINHARES LTDA
30578975;CAMATTA & CIA LTDA
30456018;ALTERNATO COMERCIO DE COMBUSTIVEIS LTDA
39343553;FRED ROSALEM HELIODORO
45543915;CARREFOUR COMERCIO E INDUSTRIA LTDA
02468894;POSTO OURO NEGRO LTDA
42176421;AUTOPOSTO DE COMBUSTIVEIS MASP SANTA INES LTDA
27303411;AUTO POSTO DADINHO LTDA
97538270;SUPER POSTO JEQUITIBA LTDA
11217185;POSTO PARADAO DA 101 LTDA
01514752;POSTO THIAGO LIMITADA
11222333;REDE MARE
03058196;AUTO POSTO DANTAS LTDA
10223356;POSTO TREVO DA PONTE LTDA
39383377;AUTO POSTO VILA VELHA LTDA
00762780;POSTO SD LTDA
34765133;RGM 2 COMERCIO DE PETROLEO LTDA
36004950;DERIVADOS PETROLEO SANTA INES LTDA
05609081;AUTO SERVICO FLORESTA LTDA
10331576;AUTO POSTO LINHARES LTDA
13602147;AUTO POSTO LAGOA DO MEIO LTDA
36675989;COMERCIO DE COMBUSTIVEIS COQUEIRAL DE ITAPARICA LTDA
38530950;POSTO CAPUABA LTDA
05349237;POSTO IRMAOS CAMATTA LTDA
37361618;AUTO POSTO MAX COMBUSTIVEIS E DERIVADOS LTDA
27493675;POSTO RIO DOCE LTDA.
30538318;ZAM COMERCIO DE COMBUSTIVEIS LTDA
34034823;AUTO POSTO ROTA 22 LTDA
09369995;POSTO DE COMBUSTIVEIS FERRARI SAO MATEUS LTDA
29937036;LOCVAN TRANSPORTE E TURISMO LTDA
31717226;POSTO CHEGADA LTDA
32546684;VINICIUS C BRAUN
38023401;COMERCIO VAREJISTA DE COMBUSTIVEIS PETROL'S LTDA
34387806;POSTO SATURNINO RANGEL MAURO LTDA
36336386;POSTO TRES COQUEIROS LTDA
26058218;AUTO POSTO 5 ESTRELAS EIRELI
27023308;POSTO TRIANGULO LTDA
27352004;POSTO DE COMBUSTIVEIS GIRASSOL LTDA
36751443;BOA VISTA SERVICO AUTOMOTIVO LTDA
03348196;POSTO DAMIANI LTDA.
32467417;J C RODRIGUES NETO E FILHOS LTDA
05791319;MOTOCAP COMBUSTIVEIS LTDA
27495696;POSTO VIAFOR LTDA
28344206;POSTO DE COMBUSTIVEIS ITACIBA LTDA
30869047;ABT COMERCIO DE COMBUSTIVEIS LTDA
36411940;VESCOVI & BITTI LTDA
11942147;POSTO PARADA VITORIA LTDA
28059632;A.B.C. AUTO SERVICOS LTDA
31465040;POSTO ITAPOA LTDA
02582857;POSTO CAMPO GRANDE LTDA
05892261;AUTO POSTO VALE ENCANTADO LTDA.
06073382;AUTO POSTO SUCESSO LTDA
15226314;MAIS COMERCIO DE COMBUSTIVEL CARIACICA LTDA
18366697;POSTO RIO MARINHO COMERCIO DE DERIVADOS DE PETROLEO EIRELI - EPP
23305603;POSTO MARLIM BRANCO LTDA - ME
24145665;C.R.B. DEZAN E CIA LTDA
27394378;POSTO DE PRODUTOS DE PETROLEO OASIS LTDA
27396415;AUTO SERVICO SAO CRISTOVAO LTDA
29986296;EDEPEL EQUIPAMENTOS E DERIVADOS DE PETROLEO LTDA
00580488;POSTO DE GASOLINA MARACANA LTDA
27016518;AUTO POSTO CONTORNO LTDA
27926384;PETROVERA - POSTO DE PRODUTOS DE PETROLEO E TRANSPORTES LTDA - ME
00345721;RUBENS SCHUENG FILHO
03948877;AUTO POSTO SANTA ANA LTDA
04814652;POSTO MOTOCAP LTDA
07381843;POSTO DE COMBUSTIVEIS BRUNO LTDA
08519545;SAO FRANCISCO DE ASSIS COMERCIO DE COMBUSTIVEIS LTDA
08971375;BRAX COMBUSTIVEIS LTDA
10813831;AUTO POSTO E SERVICOS ARACRUZ - COLINA DE BELA VISTA LTDA
20246670;POSTO DE COMBUSTIVEIS COLATINA LTDA
27085240;POSTO DE GASOLINA SANTO ANTONIO LTDA
39814835;PNEUMAX LTDA
01496517;POSTO PERIM LTDA
01557127;AUTO POSTO ILHA DAS GARCAS LTDA
01635041;ITAPARICA PETROLEO E COMERCIO LTDA
01823633;POSTO METROPOLITANO LTDA
02567214;POSTO DE COMBUSTIVEL IDEAL LTDA
02802986;A S SALES JUNIOR LTDA
04145589;ARARA AZUL REDE DE POSTOS LTDA
04228463;AUTO POSTO MARLIN LTDA
04960337;RENOVA COMERCIO COMBUSTIVEL E SERVICOS LTDA
07470392;POSTO DE COMBUSTIVEIS OTAVIO EIRELI
07571908;AUTO POSTO CORAL LTDA
08788618;J. S. PETROLEO E COMERCIO LTDA.
09076862;VALOR POSTOS PRAIA DO MORRO LTDA
10197775;REDE DE POSTOS SAGUI LTDA
14096313;AUTO POSTO GUARAPARI LTDA
14806977;AUTO POSTO SILVARES LTDA
15010530;AUTO POSTO R M LTDA
16577742;AUTO POSTO ESCOLA COMERCIO DE COMBUSTIVEIS, LUBRIFICANTES E SERVICOS LTDA
17375525;AUTO POSTO LUCAS - EPP.
17753176;AUTO POSTO BOULEVARD LTDA
21246940;AUTO POSTO GASCROMA COMERCIO DE COMBUSTIVEIS, LUBRIFICANTES E SERVICOS LTDA
23238396;CAPIXABA COMERCIO DE PRODUTOS AUTOMOTIVOS LTDA
26980450;AUTO POSTO VITORIA COMERCIO DE COMBUSTIVEIS LTDA
27020445;GUARAVE GUARAPARI VEICULOS LTDA
27066273;POSTO ARVOREDO LTDA
27316819;BECAR PETROLEO LTDA
27734094;POSTO ATLANTICO LTDA
28413219;COMERCIAL NORTE SUL LTDA
28761038;AUTO POSTO PORTO LTDA
29326587;AUTO POSTO PRAIA DE CAMBURI LTDA
32248017;AUTO POSTO ALDEIA DA PRAIA LTDA
01283262;POSTO CARIOQUINHA LTDA
01503536;POSTO MARCELA LTDA
02583872;SANTA CLARA COMERCIO DE COMBUSTIVEIS LTDA
02665124;AUTO POSTO SENNA LTDA.
03408609;POSTO FREEWAY LTDA
04361389;AUTO POSTO WAVE LTDA
04411606;AUTO POSTO VALAO LTDA
04850382;POSTO ARIBIRI DO GAS LTDA
04994796;POSTO SB LTDA
05393247;POSTO CANOA DERIVADOS DE PETROLEO LTDA
05738923;GEGEL AUTO POSTO LTDA
07830414;REVENDA DE COMBUSTIVEIS BKR LTDA
08022304;AUTO POSTO DE COMBUSTIVEL RTT LTDA
09167931;POSTO CHAMPAGNAT LTDA
10569345;POSTO CRISTOVAO COLOMBO LTDA
12535572;AUTO POSTO MORADA LTDA
13814642;POSTO BR 31 AUTO SERVICOS LTDA
20863591;AUTO POSTO ZAMPIROLO LTDA
21931941;AUTO POSTO INDEPENDENCIA LTDA
22356015;CENTRAL COMERCIO DE COMBUSTIVEIS LTDA
23314250;COMERCIO DE COMBUSTIVEIS LINDENBERG LTDA
27124023;POSTO NOGUEIRA LTDA
27179654;ITAPEMIRIM ORGANIZACAO DE PETROLEO LTDA
28505616;SUDESTE  COMERCIO DE COMBUSTIVEIS LTDA
30690682;MACPLAN AUTO POSTO SAO MATEUS LTDA
31284466;POSTO DUAS BARRAS LTDA
39281274;UNIPOSTO DERIVADOS DE PETROLEO LTDA
47674687;POSTO ATUAL SAO MATEUS LTDA
