cnpj;razao_social;tipo_posto;cnpj_raiz;logradouro;numero;complemento;bairro;cep;id_municipio;id_gerente
36309276000101;AUTO SERVICO OURO NEGRO LTDA;CONCORRENTE;36309276;AVENIDA DUARTE LEMOS;345;;ILHA DO PRINCIPE;29020-370;10;
32311728000120;POSTO CAMBURI I LTDA;CONCORRENTE;32311728;RUA GELU VERVLOET DOS SANTOS;714;;JARDIM CAMBURI;29090-100;10;
35798964000101;S.A.BIAZUTTI LEITE - AUTO POSTO REDE SHOW LTDA;CONCORRENTE;35798964;AVENIDA SAO FRANCISCO;131;BLOCO A;PLANALTO SERRANO;29178-400;8;
31815194000107;POSTO MINEIRO LTDA;CONCORRENTE;31815194;RODOVIA GOVERNADOR JOSE HENRIQUE SETTE;6174;;SANTANA;29154-200;3;
39275615000166;CASSIO ADRIANO DEZAN;CONCORRENTE;39275615;RODOVIA GOVERNADOR MARIO COVAS;13831;;VILA CAPIXABA;29148-015;3;
39277771000166;POSTO PAI E FILHA LTDA;CONCORRENTE;39277771;RODOVIA GOVERNADOR MARIO COVAS;13271;;VILA CAPIXABA;29148-015;3;
33869754000131;POSTO PRIME NORTE SUL LTDA;CONCORRENTE;33869754;AVENIDA JOSE MARIA VIVACQUA SANTOS;100;;JARDIM CAMBURI;29092-105;10;
39383880000168;AUTO SERVICO AEROPORTO LTDA;CONCORRENTE;39383880; -V. ADALBERTO SIMAO NADER;1001;;REPUBLICA;29070-010;10;
39400494000137;AUTO POSTO PRESIDENTE LTDA;CONCORRENTE;39400494;AVENIDA FERNANDO FERRARI;808;;JARDIM DA PENHA;29075-010;10;
02806627000160;POSTO BARBADOS LTDA;CONCORRENTE;02806627; BR 259 KM 46;S/N;TREVO DE BARBADOS;BARBADOS;29700-778;4;
18526631000104;POSTO BAUNILHA LTDA;CONCORRENTE;18526631;RODOVIA BR-259;SN;"KM: 36 E MEIO;";BAUNILHA;29712-020;4;
27025907000161;INCAP INDUSTRIA E COMERCIO AGRO PECUARIO LTDA;CONCORRENTE;27025907;AVENIDA JOSE MARTINS RATO;S/N;;NOSSA SENHORA DE FATIMA;29160-790;8;
27664597001288;AUTO POSTO SCHUENG LTDA;CONCORRENTE;27664597;RODOVIA GOVERNADOR MARIO COVAS;S/N;QUADRA092                 LOTE  007;ROSARIO DE FATIMA;29161-160;8;
28037679000102;POSTO TUBARAO COM DE DERIVADOS DE PETROLEO LTDA;CONCORRENTE;28037679;AVENIDA PRESIDENTE CASTELO BRANCO;315;;NOSSA SENHORA DO ROSARIO DE FATIMA;29161-135;8;
31727338000173;POSTO DE SERVICOS PAO COM LINGUICA EIRELI;CONCORRENTE;31727338;AVENIDA CENTRAL B;386;SETOR II;CIVIT II;29168-071;8;
14509900000173;POSTO DE COMBUSTIVEIS LINHARES LTDA;CONCORRENTE;14509900;AVENIDA SAO MATEUS;S/N;;SHELL;29901-630;6;
30578975000162;CAMATTA & CIA LTDA;CONCORRENTE;30578975;AVENIDA WENCESLAU BRAZ;133;;CENTRO;29901-260;6;
30456018000163;ALTERNATO COMERCIO DE COMBUSTIVEIS LTDA;CONCORRENTE;30456018;AVENIDA NOSSA SENHORA DA PENHA;2719;;SANTA LUIZA;29045-403;10;
39343553000182;FRED ROSALEM HELIODORO;CONCORRENTE;39343553;RUA JOSE ROSALEM;1;;SANTA INES;29105-645;9;
45543915004683;CARREFOUR COMERCIO E INDUSTRIA LTDA;CONCORRENTE;45543915;AVENIDA DARLY SANTOS;4393;;NOSSA SENHORA DA PENHA;29123-600;9;
02468894000174;POSTO OURO NEGRO LTDA;CONCORRENTE;02468894;AVENIDA SAMUEL BATISTA CRUZ;2319;;COLINA;29901-401;6;
42176421000118;AUTOPOSTO DE COMBUSTIVEIS MASP SANTA INES LTDA;CONCORRENTE;42176421;AVENIDA CARLOS LINDENBERG;3241;;SANTA INES;29108-075;9;
27303411000102;AUTO POSTO DADINHO LTDA;CONCORRENTE;27303411;RODOVIA BR 101;S/N;KM 140;CANIVETE;29901-401;6;
27664597000710;AUTO POSTO SCHUENG LTDA;CONCORRENTE;27664597;AVENIDA DOUTOR RAIMUNDO GUILHERME SOBRINHO;176;;BOA VISTA;29931-630;7;
97538270000192;SUPER POSTO JEQUITIBA LTDA;CONCORRENTE;97538270;RODOVIA BR 101, KM 134;S/N;;CANIVETE;29909-025;6;
11217185000107;POSTO PARADAO DA 101 LTDA;CONCORRENTE;11217185;RODOVIA GOVERNADOR MARIO COVAS;S/N;KM    16010;BEBEDOURO;29915-140;6;
27664597000559;AUTO POSTO SCHUENG LTDA;CONCORRENTE;27664597;RODOVIA GOVERNADOR MARIO COVAS;S/N;KM    159;BEBEDOURO;29915-140;6;
01514752000133;POSTO THIAGO LIMITADA;CONCORRENTE;01514752;AVENIDA CEZAR HILAL;868;;BENTO FERREIRA;29050-662;10;
11222333000424;REDE MARE COMBUSTIVEIS LTDA;PROPRIO;11222333;RODOVIA GOVERNADOR MARIO COVAS;4324;KM    265   POSTO;PLANALTO DE CARAPINA;29162-702;8;6
03058196000163;AUTO POSTO DANTAS LTDA;CONCORRENTE;03058196;RODOVIA GOVERNADOR LACERDA DE AGUIAR;SN;;CORONEL BORGES;29306-095;2;
10223356000148;POSTO TREVO DA PONTE LTDA;CONCORRENTE;10223356;AVENIDA GOVERNADOR JONES DOS SANTOS NEVES;160;;AVISO;29900-384;6;
39383377000102;AUTO POSTO VILA VELHA LTDA;CONCORRENTE;39383377;RODOVIA CARLOS LINDEMBERG;101;;CENTRO;29123-600;9;
00762780000298;POSTO SD LTDA;CONCORRENTE;00762780;AVENIDA GOVERNADOR EURICO VIEIRA DE REZENDE;278;LOTE  1-2-3-4-5;GURIRI NORTE;29946-100;7;
27664597000630;AUTO POSTO SCHUENG LTDA;CONCORRENTE;27664597;RUA DOMINGOS CARRAFA;49;;GURIRI SUL;29945-170;7;
27664597000982;AUTO POSTO SCHUENG LTDA;CONCORRENTE;27664597;AVENIDA ESBERTALINA BARBOSA DAMIANI;41-N;;GURIRI NORTE;29946-490;7;
34765133000170;RGM 2 COMERCIO DE PETROLEO LTDA;CONCORRENTE;34765133;AVENIDA CARLOS LINDENBERG;2423;ANEXO 1;IBES;29108-335;9;
36004950000131;DERIVADOS PETROLEO SANTA INES LTDA;CONCORRENTE;36004950;RODOVIA CARLOS LINDEMBERG;1801;;SANTA INES;29100-000;9;
05609081000145;AUTO SERVICO FLORESTA LTDA;CONCORRENTE;05609081;AVENIDA PREFEITO SAMUEL BATISTA CRUZ;1276;;ARACA;29900-100;6;
10331576000195;AUTO POSTO LINHARES LTDA;CONCORRENTE;10331576;AVENIDA JOSE TESCH;657;;SHELL;29901-500;6;
13602147000101;AUTO POSTO LAGOA DO MEIO LTDA;CONCORRENTE;13602147;RUA GUAICURUS;18;;LAGOA DO MEIO;29904-010;6;
36675989000180;COMERCIO DE COMBUSTIVEIS COQUEIRAL DE ITAPARICA LTDA;CONCORRENTE;36675989;AVENIDA SANTA LEOPOLDINA;635;;COQUEIRAL DE ITAPARICA;29102-320;9;
38530950000109;POSTO CAPUABA LTDA;CONCORRENTE;38530950;ESTRADA CAPUABA;21;;ATAIDE;29119-060;9;
05349237000104;POSTO IRMAOS CAMATTA LTDA;CONCORRENTE;05349237;RODOVIA BR 101, KM 143;S/N;;CANIVETE;29909-010;6;
27303411000374;AUTO POSTO DADINHO LTDA;CONCORRENTE;27303411;AVENIDA VEREADOR WILMO VITORIO GUIZANI;12;;SAO JOSE;29905-080;6;
37361618000197;AUTO POSTO MAX COMBUSTIVEIS E DERIVADOS LTDA;CONCORRENTE;37361618;AVENIDA CEREJEIRA;694;LOTE  01                  QUADRA12;MOVELAR;29906-014;6;
27493675000176;POSTO RIO DOCE LTDA;CONCORRENTE;27493675;R SEVERINO DAMIANI;177;;CENTRO;29700-013;4;
30538318000191;ZAM COMERCIO DE COMBUSTIVEIS LTDA;CONCORRENTE;30538318;AVENIDA SILVIO AVIDOS;815;;SAO SILVANO;29703-100;4;
34034823000150;AUTO POSTO ROTA 22 LTDA;CONCORRENTE;34034823;AVENIDA PADRE JOSE DE ANCHIETA;2083;LOTE  01 A 07;PRAIA DO MORRO;29216-005;5;
09369995000137;POSTO DE COMBUSTIVEIS FERRARI SAO MATEUS LTDA;CONCORRENTE;09369995;RODOVIA BR-101 NORTE;921;"KM: 63;";VILA NOVA;29941-010;7;
29937036000188;LOCVAN TRANSPORTE E TURISMO LTDA;CONCORRENTE;29937036;RODOVIA GOVERNADOR MARIO COVAS;573;;VILA NOVA;29941-010;7;
31717226000131;POSTO CHEGADA LTDA;CONCORRENTE;31717226;AVENIDA MARIO GURGEL;1701;;JARDIM AMERICA;29140-261;3;
32546684000118;VINICIUS C BRAUN;CONCORRENTE;32546684;RODOVIA BR-262;2018;;ALTO LAJE;29151-026;3;
38023401000130;COMERCIO VAREJISTA DE COMBUSTIVEIS PETROL'S LTDA;CONCORRENTE;38023401;RODOVIA LESTE-OESTE;2668;;CAMPO BELO;29143-054;3;
34387806000104;POSTO SATURNINO RANGEL MAURO LTDA;CONCORRENTE;34387806;RUA PROFESSOR AUGUSTO RUSCH;121;;PRAIA DE ITAPARICA;29102-080;9;
36336386000154;POSTO TRES COQUEIROS LTDA;CONCORRENTE;36336386;RODOVIA CARLOS LINDEMBERG;SN;;ALVORADA;29123-600;9;
26058218000190;AUTO POSTO 5 ESTRELAS EIRELI;CONCORRENTE;26058218;RODOVIA GOVERNADOR MARIO COVAS;S/N;KM    245.2;CALOGI;29181-100;8;
27023308000109;POSTO TRIANGULO LTDA;CONCORRENTE;27023308;RODOVIA BR 101;S N;KM 9;CARAPINA;29176-798;8;
27352004000195;POSTO DE COMBUSTIVEIS GIRASSOL LTDA;CONCORRENTE;27352004;AVENIDA DAS NACOES;852;;COLATINA VELHA;29700-543;4;
36751443000161;BOA VISTA SERVICO AUTOMOTIVO LTDA;CONCORRENTE;36751443;AVENIDA JOAO XXIII;1339;;BOA VISTA;29931-225;7;
03348196000106;POSTO DAMIANI LTDA;CONCORRENTE;03348196;AVENIDA CENTRAL;567;;CARAPINA;29933-210;7;
32467417000155;J C RODRIGUES NETO E FILHOS LTDA;CONCORRENTE;32467417;RUA CEARA;S/N;LOTES 01/04  Q.01;PRAIA DA COSTA;29101-290;9;
05791319000104;MOTOCAP COMBUSTIVEIS LTDA;CONCORRENTE;05791319;RODOVIA GETHER LOPES DE FARIAS;2600;;CARLOS GERMANO NAUMANN;29705-390;4;
27495696000120;POSTO VIAFOR LTDA;CONCORRENTE;27495696;AVENIDA SILVIO AVIDOS;2;;VILA AMELIA;29706-297;4;
28344206000158;POSTO DE COMBUSTIVEIS ITACIBA LTDA;CONCORRENTE;28344206;RUA MANOEL JOAQUIM DOS SANTOS;317;;ITACIBA;29150-270;3;
30869047000157;ABT COMERCIO DE COMBUSTIVEIS LTDA;CONCORRENTE;30869047;RODOVIA GOVERNADOR MARIO COVAS;1874;KM    65;BOA VISTA;29931-200;7;
36411940000200;VESCOVI & BITTI LTDA;CONCORRENTE;36411940;AVENIDA FLORESTAL;838;;SEGATTO;29192-154;1;
11222333000343;REDE MARE COMBUSTIVEIS LTDA;PROPRIO;11222333;AVENIDA VITORIA;2667;;HORTO;29027-080;10;5
11942147000117;POSTO PARADA VITORIA LTDA;CONCORRENTE;11942147;AVENIDA MARECHALCAMPOS;370;;CONSOLACAO;29045-460;10;
28059632000140;A.B.C. AUTO SERVICOS LTDA;CONCORRENTE;28059632;AVENIDA ROBERT KENNEDY;21;A;SAO TORQUATO;29114-000;9;
31465040000132;POSTO ITAPOA LTDA;CONCORRENTE;31465040;AVENIDA FRANCELINA SETUBAL;333;;ITAPOAN;29100-000;9;
02582857000192;POSTO CAMPO GRANDE LTDA;CONCORRENTE;02582857;AVENIDA EXPEDITO GARCIA;222;;CAMPO GRANDE;29157-405;3;
05892261000187;AUTO POSTO VALE ENCANTADO LTDA;CONCORRENTE;05892261;RUA SOBREIRO;395;;RIO MARINHO;29112-112;9;
06073382000160;AUTO POSTO SUCESSO LTDA;CONCORRENTE;06073382;AVENIDA JOAO FRANCISCO GONCALVES;746;;COBILANDIA;29111-300;9;
11222333000505;REDE MARE COMBUSTIVEIS LTDA;PROPRIO;11222333;AVENIDA MARIO GURGEL;3127;FUNDOSCOM A AV EXPEDITO GA;CAMPO GRANDE;29146-012;3;4
15226314000184;MAIS COMERCIO DE COMBUSTIVEL CARIACICA LTDA;CONCORRENTE;15226314;AVENIDA MARIO GURGEL;4935;;VILA PALESTINA;29145-711;3;
18366697000184;POSTO RIO MARINHO COMERCIO DE DERIVADOS DE PETROLEO EIRELI - EPP;CONCORRENTE;18366697;AVENIDA RIO MARINHO;S/N;;RIO MARINHO;29112-690;9;
23305603000105;POSTO MARLIM BRANCO LTDA - ME;CONCORRENTE;23305603;AVENIDA ROMULO CASTELLO;161;LOTE  16 17 18;CASTELANDIA;29172-620;8;
24145665000151;C.R.B. DEZAN E CIA LTDA;CONCORRENTE;24145665;AVENIDA MARIO GURGEL;5913;AUTO POSTO;SAO FRANCISCO;29145-409;3;
27394378000173;POSTO DE PRODUTOS DE PETROLEO OASIS LTDA;CONCORRENTE;27394378;AVENIDA MARIO GURGEL;297;;JARDIM AMERICA;29140-261;3;
27396415000182;AUTO SERVICO SAO CRISTOVAO LTDA;CONCORRENTE;27396415;AVENIDA MARIO GURGEL;4;KM    4 5  BR 262;DOM BOSCO;29147-345;3;
29986296000143;EDEPEL EQUIPAMENTOS E DERIVADOS DE PETROLEO LTDA;CONCORRENTE;29986296;AVENIDA MARIO GURGEL;4338;LOJA  POSTO;VILA CAPIXABA;29148-022;3;
00580488000173;POSTO DE GASOLINA MARACANA LTDA;CONCORRENTE;00580488;AVENIDA ALICE COUTINHO SANTOS;2101;POSTO DE GASOLINA;MARACANA;29142-887;3;
27016518000170;AUTO POSTO CONTORNO LTDA;CONCORRENTE;27016518;RODOVIA GOVERNADOR MARIO COVAS;11282;;SERRA DO ANIL;29147-030;3;
27926384000124;PETROVERA - POSTO DE PRODUTOS DE PETROLEO E TRANSPORTES LTDA - ME;CONCORRENTE;27926384;RODOVIA GOVERNADOR JOSE HENRIQUE SETTE;906;PAVMTO01;ALTO LAGE;29151-055;3;
00345721000133;RUBENS SCHUENG FILHO;CONCORRENTE;00345721;RUA DOUTOR RAIMUNDO GUILHERME SOBRINHO;605;FRENTE;SERNAMBY;29930-480;7;
03948877000369;AUTO POSTO SANTA ANA LTDA;CONCORRENTE;03948877;RODOVIA DO CAFE;1871;;CARLOS GERMANO NAUMANN;29705-200;4;
04814652000110;POSTO MOTOCAP LTDA;CONCORRENTE;04814652;PRACA ALMIRANTE BARROSO;52;LETRA A;LACE;29703-055;4;
07381843000124;POSTO DE COMBUSTIVEIS BRUNO LTDA;CONCORRENTE;07381843;RUA FIORAVANTE ROSSI;738;;SAO BRAZ;29704-700;4;
08519545000110;SAO FRANCISCO DE ASSIS COMERCIO DE COMBUSTIVEIS LTDA;CONCORRENTE;08519545;PRACA FIDELIS FERRARI;35;;LACE;29703-030;4;
08971375000100;BRAX COMBUSTIVEIS LTDA;CONCORRENTE;08971375;RODOVIA CONEGO JOAO GUILHERME;1516;;MARIO GIURIZATTO;29706-557;4;
10813831000136;AUTO POSTO E SERVICOS ARACRUZ - COLINA DE BELA VISTA LTDA;CONCORRENTE;10813831;AVENIDA CASTELO BRANCO;14;QUADRARC 06 -                   LOTEAMENTO COLINA;BELA VISTA;29192-066;1;
11222333000262;REDE MARE COMBUSTIVEIS LTDA;PROPRIO;11222333;RODOVIA DARLY SANTOS;S/N;KM    2 5 - POSTO;POLO EMPRESARIAL NOVO MEXICO;29104-360;9;3
20246670000108;POSTO DE COMBUSTIVEIS COLATINA LTDA;CONCORRENTE;20246670;RODOVIA DO CAFE;606;;CARLOS GERMANO NAUMANN;29705-200;4;
27085240000192;POSTO DE GASOLINA SANTO ANTONIO LTDA;CONCORRENTE;27085240;AVENIDA SILVIO AVIDOS;3251;;SANTO ANTONIO;29704-053;4;
39814835000110;PNEUMAX LTDA;CONCORRENTE;39814835;AVENIDA SILVIO AVIDOS;1358;;SAO SILVANO;29703-100;4;
01496517000186;POSTO PERIM LTDA;CONCORRENTE;01496517;RUA SANTA LEOPOLDINA;1650;;ITAPARICA;29102-040;9;
01557127000179;AUTO POSTO ILHA DAS GARCAS LTDA;CONCORRENTE;01557127;RUA MARIA DE OLIVEIRA MARES GUIA;40;;PRAIA DAS GAIVOTAS;29102-567;9;
01635041000206;ITAPARICA PETROLEO E COMERCIO LTDA;CONCORRENTE;01635041;AVENIDA CARLOS LINDENBERG;1395;;COBI DE CIMA;29117-730;9;
01823633000162;POSTO METROPOLITANO LTDA;CONCORRENTE;01823633;VIA DOIS;226;ANEXO QUADRA 03 MODULO 03;TIMS;29161-373;8;
02567214000170;POSTO DE COMBUSTIVEL IDEAL LTDA;CONCORRENTE;02567214;AVENIDA VITORIA;3031;;GURIGICA;29027-080;10;
02802986000149;A S SALES JUNIOR LTDA;CONCORRENTE;02802986;RUA DAVINO MATOS;S/N;;PARQUE AREIA PRETA;29200-615;5;
04145589001149;ARARA AZUL REDE DE POSTOS LTDA;CONCORRENTE;04145589;RODOVIA RODOVIA DO SOL;530;;PRAIA DE ITAPARICA;29102-020;9;
04228463000166;AUTO POSTO MARLIN LTDA;CONCORRENTE;04228463;RUA JUIZ ALEXANDRE MARTINS DE CASTRO FILHO;285;;SANTA LUCIA;29056-295;10;
04960337000100;RENOVA COMERCIO COMBUSTIVEL E SERVICOS LTDA;CONCORRENTE;04960337;AVENIDA LEITAO DA SILVA;1150;;SANTA LUCIA;29056-184;10;
07470392000100;POSTO DE COMBUSTIVEIS OTAVIO EIRELI;CONCORRENTE;07470392;AVENIDA ABDO SAAD;833;;JACARAIPE;29173-510;8;
07571908000102;AUTO POSTO CORAL LTDA;CONCORRENTE;07571908;AVENIDA NORTE SUL;259;;N.S.DO ROSARIO DE FATIMA;29176-798;8;
08788618000170;J. S. PETROLEO E COMERCIO LTDA;CONCORRENTE;08788618;AVENIDA DANTE MICHELINI;2461;;MATA DA PRAIA;29066-430;10;
09076862000172;VALOR POSTOS PRAIA DO MORRO LTDA;CONCORRENTE;09076862;RODOVIA RODOVIA DO SOL;S/ NR;KM    41;AEROPORTO;29216-705;5;
10197775000152;REDE DE POSTOS SAGUI LTDA;CONCORRENTE;10197775;RUA EUCLIDES DA CUNHA;421;;SAO DIOGO I;29163-265;8;
14096313000108;AUTO POSTO GUARAPARI LTDA;CONCORRENTE;14096313;AVENIDA GOVERNADOR JONES DOS SANTOS NEVES;15;;VARZEA NOVA;29211-630;5;
14806977000105;AUTO POSTO SILVARES LTDA;CONCORRENTE;14806977;AVENIDA   NAIR AZEVEDO SILVA;430;;ILHA DO PRINCIPE;29020-240;10;
15010530000198;AUTO POSTO R M LTDA;CONCORRENTE;15010530;RODOVIA DO SOL;3701;"LOTE: 11; QUADRA: 64;";PRAIA DE ITAPARICA;29102-023;9;
16577742000114;AUTO POSTO ESCOLA COMERCIO DE COMBUSTIVEIS, LUBRIFICANTES E SERVICOS LTDA;CONCORRENTE;16577742;AVENIDA AMERICO BUAIZ;1;": POSTO;";ENSEADA DO SUA;29050-463;10;
17375525000104;AUTO POSTO LUCAS - EPP;CONCORRENTE;17375525;AVENIDA ROMULO CASTELLO;791;LOTES 20 A 23;CASTELANDIA;29172-620;8;
17753176000117;AUTO POSTO BOULEVARD LTDA;CONCORRENTE;17753176;RODOVIA DO SOL;S/N;"LOTE: 08 E 09; QUADRA: 59;";PRAIA DE ITAPARICA;29102-020;9;
21246940000135;AUTO POSTO GASCROMA COMERCIO DE COMBUSTIVEIS, LUBRIFICANTES E SERVICOS LTDA;CONCORRENTE;21246940;AVENIDA JERONIMO MONTEIRO;840;;JABURUNA;29100-600;9;
23238396000105;CAPIXABA COMERCIO DE PRODUTOS AUTOMOTIVOS LTDA;CONCORRENTE;23238396;RUA PROFESSOR MELCHIADES PEREIRA MARTINS;15;;CENTRO;29200-480;5;
26980450000181;AUTO POSTO VITORIA COMERCIO DE COMBUSTIVEIS LTDA;CONCORRENTE;26980450;RUA OLYMPIO RODRIGUES PASSOS;14;LOJA  01;JABOUR;29072-290;10;
27020445000190;GUARAVE GUARAPARI VEICULOS LTDA;CONCORRENTE;27020445;AVENIDA EWERSON DE ABREU SODRE;300;;MUQUICABA;29215-010;5;
27020445000513;GUARAVE GUARAPARI VEICULOS LTDA;CONCORRENTE;27020445;RODOVIA DO SOL;S/N;;MUQUICABA;29215-005;5;
27066273000276;POSTO ARVOREDO LTDA;CONCORRENTE;27066273;AVENIDA VITORIA;1600;POSTO;ILHA DE SANTA MARIA;29051-040;10;
27316819000119;BECAR PETROLEO LTDA;CONCORRENTE;27316819;AVENIDA GOVERNADOR JONES DOS SANTOS NEVES;S/N;CONFLUENCIA COM RODOVIA DO SOL;MUQUICABA;29215-002;5;
27734094000189;POSTO ATLANTICO LTDA;CONCORRENTE;27734094;AVENIDA DANTE MICHELINI;4655;POSTO;JARDIM CAMBURI;29090-070;10;
28413219000131;COMERCIAL NORTE SUL LTDA;CONCORRENTE;28413219;AVENIDA MARUIPE;2757;;SANTA LUIZA;29045-230;10;
28761038000104;AUTO POSTO PORTO LTDA;CONCORRENTE;28761038;AVENIDA PRESIDENTE FLORENTINO AVIDOS;190;;PARQUE MOSCOSO;29018-190;10;
29326587000105;AUTO POSTO PRAIA DE CAMBURI LTDA;CONCORRENTE;29326587;AVENIDA DANTE MICHELINI;1187;;JARDIM DA PENHA;29060-235;10;
32248017000159;AUTO POSTO ALDEIA DA PRAIA LTDA;CONCORRENTE;32248017;AVENIDA PARIS;S/N;;PRAIA DO MORRO;29216-570;5;
01283262000173;POSTO CARIOQUINHA LTDA;CONCORRENTE;01283262;AVENIDA FRANCISCO MARDEGAN;90;;BOA VISTA;29315-477;2;
01503536000192;POSTO MARCELA LTDA;CONCORRENTE;01503536;RUA DO PESSEGUEIRO;S/N;;DIVINO ESPÍRITO SANTO;29107-230;9;
02583872000155;SANTA CLARA COMERCIO DE COMBUSTIVEIS LTDA;CONCORRENTE;02583872;RODOVIA ENGENHEIRO FABIANO VIVACQUA;1414;": A 1452;";MORRO GRANDE;29318-400;2;
02665124000111;AUTO POSTO SENNA LTDA;CONCORRENTE;02665124;AVENIDA FRANCISCO LACERDA DE AGUIAR;350;;GILBERTO MACHADO;29303-384;2;
03408609000192;POSTO FREEWAY LTDA;CONCORRENTE;03408609;AVENIDA FRANCISCO MARDEGAN;535;;MARBRASA;29313-690;2;
04145589001491;ARARA AZUL REDE DE POSTOS LTDA;CONCORRENTE;04145589;RODOVIA GOVERNADOR MARIO COVAS;5445;KM    264;PLANALTO DE CARAPINA;29162-703;8;
04361389000151;AUTO POSTO WAVE LTDA;CONCORRENTE;04361389;AVENIDA TALMA RODRIGUES RIBEIRO;5416 A;;PORTAL DE JACARAIPE;29173-795;8;
04361389000232;AUTO POSTO WAVE LTDA;CONCORRENTE;04361389;AVENIDA MARTIN PESCADOR;12;;PORTO CANOA;29168-460;8;
04411606000170;AUTO POSTO VALAO LTDA;CONCORRENTE;04411606;RUA JOSE AMARAL;232;;ELPIDIO VOLPINI;29309-760;2;
04850382000101;POSTO ARIBIRI DO GAS LTDA;CONCORRENTE;04850382;AVENIDA CARLOS LINDEMBERG;1944;;SANTA INEZ;29108-075;9;
04994796000104;POSTO SB LTDA;CONCORRENTE;04994796;AVENIDA BRASILIA;1360;;PLANICIE DA SERRA;29168-710;8;
05393247000139;POSTO CANOA DERIVADOS DE PETROLEO LTDA;CONCORRENTE;05393247;AVENIDA BRASILIA;575;;PORTO CANOA;29168-600;8;
05738923000169;GEGEL AUTO POSTO LTDA;CONCORRENTE;05738923;AVENIDA CENTRAL B;S/N;QUADRAEC VII;CIVIT II;29168-071;8;
07830414000197;REVENDA DE COMBUSTIVEIS BKR LTDA;CONCORRENTE;07830414;RODOVIA GOVERNADOR MARIO COVAS;122;;BARCELONA;29166-095;8;
08022304000161;AUTO POSTO DE COMBUSTIVEL RTT LTDA;CONCORRENTE;08022304;RUA MOEMA;38;;DIVINO ESPIRITO SANTO;29107-250;9;
09167931000153;POSTO CHAMPAGNAT LTDA;CONCORRENTE;09167931;RUA HUGO MUSSO;550;;PRAIA DA COSTA;29101-280;9;
10569345000114;POSTO CRISTOVAO COLOMBO LTDA;CONCORRENTE;10569345;RUA CRISTOVAO COLOMBO;582;;CRISTOVAO COLOMBO;29106-595;9;
11222333000181;REDE MARE COMBUSTIVEIS LTDA;PROPRIO;11222333;AVENIDA MARIO GURGEL;1092;;ITAQUARI;29151-570;3;2
12535572000154;AUTO POSTO MORADA LTDA;CONCORRENTE;12535572;AVENIDA PAULO PEREIRA GOMES;S/N;LOTE  03C                 QUADRAUE IV               SETOR II;MORADA DE LARANJEIRAS;29166-828;8;
13814642000176;POSTO BR 31 AUTO SERVICOS LTDA;CONCORRENTE;13814642;AVENIDA MARIO GURGEL;2844;;ALTO LAJE;29151-026;3;
20863591000138;AUTO POSTO ZAMPIROLO LTDA;CONCORRENTE;20863591;RODOVIA GOVERNADOR LACERDA DE AGUIAR;SN;;CORONEL BORGES;29306-095;2;
21931941000119;AUTO POSTO INDEPENDENCIA LTDA;CONCORRENTE;21931941;AVENIDA MAURO MIRANDA MADUREIRA;1662;": 1662 A 1720;";CENTRAL PARQUE;29313-162;2;
22356015000120;CENTRAL COMERCIO DE COMBUSTIVEIS LTDA;CONCORRENTE;22356015;AVENIDA ELDES SCHERRER SOUZA;2100;": POSTO;";CIVIT II;29168-060;8;
23314250000100;COMERCIO DE COMBUSTIVEIS LINDENBERG LTDA;CONCORRENTE;23314250;AVENIDA CARLOS LINDENBERG;5718;LOTE  2. 3. 14 E 15       QUADRAD;SANTA INES;29108-075;9;
27124023000164;POSTO NOGUEIRA LTDA;CONCORRENTE;27124023;RUA CORONEL FRANCISCO BRAGA;2;02 A 08;CENTRO;29300-220;2;
27179654000342;ITAPEMIRIM ORGANIZACAO DE PETROLEO LTDA;CONCORRENTE;27179654;AVENIDA JONES DOS SANTOS NEVES;1196;;CAICARA;29310-376;2;
28505616000133;SUDESTE  COMERCIO DE COMBUSTIVEIS LTDA;CONCORRENTE;28505616;FAZENDA NASSAU I;S/N;;AREA RURAL DE CACHOEIRO DE ITAPEMIRIM;29320-899;2;
30690682000172;MACPLAN AUTO POSTO SAO MATEUS LTDA;CONCORRENTE;30690682;RUA HUMBERTO CONDE RIOS;39;;SERNAMBY;29930-580;7;
31284466000190;POSTO DUAS BARRAS LTDA;CONCORRENTE;31284466;RODOVIA BR -482 CACHOEIRO X ALEGRE;8;;WALDIR F. DE AMORIM;29313-760;2;
39281274000131;UNIPOSTO DERIVADOS DE PETROLEO LTDA;CONCORRENTE;39281274;RODOVIA ENGENHEIRO FABIANO VIVACQUA;2114;ANEXO 2162 - BR 482;ALVARO TAVARES;29316-258;2;
47674687000104;POSTO ATUAL SAO MATEUS LTDA;CONCORRENTE;47674687;RUA MONSENHOR GUILHERME SCHIMITZ;363;;SERNAMBY;29930-660;7;
